"店名","評価点数","口コミ件数","保存件数","ジャンル","最寄駅","予算(夜)","予算(昼)","店舗URL","住所","郵便番号","緯度","経度","電話番号","営業時間","定休日","席数","個室","禁煙喫煙","予約","受賞・百名店","駐車場","交通手段","写真URL","区分"
"参宮橋 あさや","4.34","347","34465","うなぎ","参宮橋駅","\30,000～\39,999","\30,000～\39,999","https://tabelog.com/tokyo/A1318/A131810/13289291/","東京都渋谷区代々木4-6-5 A&U 1F","1510053","35.678525037889095","139.69335728324654","","12:00 - 22:30","","8席 （カウンター8席のみ）","無","全席禁煙","予約可","Tabelog Award 2026 Silver / うなぎ 百名店 2024","無","参宮橋駅徒歩1分 参宮橋駅から38m","https://tblg.k-img.com/restaurant/images/Rvw/339635/640x640_rect_08ff77f38e778e13b490f210a80c016a.jpg","初台SC"
"傳","4.34","329","55380","創作料理","外苑前駅","\30,000～\39,999","-","https://tabelog.com/tokyo/A1306/A130603/13046855/","東京都渋谷区神宮前2-3-18 建築家会館JIA館","1500001","35.67318463870403","139.7127294343408","03-6455-5433","月・火・水・木・金・土 18:00 - 23:30 L.O. 22:30 日・祝日","日曜","","有 （4人可） 個室は個室料、1部屋4000円。","全席禁煙","予約可","Tabelog Award 2026 Silver / 創作料理・イノベーティブ 百名店 2025","無","外苑前駅から555m","https://tblg.k-img.com/restaurant/images/Rvw/78500/320x320_rect_78500033.jpg","初台SC"
"鮨 西崎","4.32","299","17240","寿司","東北沢駅","\20,000～\29,999","\15,000～\19,999","https://tabelog.com/tokyo/A1318/A131811/13270984/","東京都世田谷区北沢5-3-12 B1F","1550031","35.668916537888244","139.67147688316484","","月・火・木・金・土・日・祝前日・祝後日 18:00 - 22:30 水・祝日","不定休","12席 （メインカウンター８席 ＋ 個室カウンター４席）","有 （4人可）","全席禁煙","完全予約制","Tabelog Award 2026 Silver / 寿司 百名店 2025","無","東北沢駅から413m","https://tblg.k-img.com/restaurant/images/Rvw/277876/640x640_rect_09ad1e11f408526a9520dce994b7aa39.jpg","初台SC"
"ete","4.25","127","28702","イノベーティブ/フレンチ","代々木上原駅","\100,000～","-","https://tabelog.com/tokyo/A1318/A131811/13249143/","東京都渋谷区西原3-23-1","1510066","35.670590237891005","139.68351368317332","090-6191-4812","","","","有","全席禁煙","完全予約制","Tabelog Award 2026 Silver / 創作料理・イノベーティブ 百名店 2025","無","代々木上原駅から386m","https://tblg.k-img.com/restaurant/images/Rvw/184478/640x640_rect_bd42eab2aa4f6f83a0b80242be6950d4.jpg","初台SC"
"ボニュ","4.24","356","47555","フレンチ/ステーキ/ケーキ","参宮橋駅","\50,000～\59,999","\50,000～\59,999","https://tabelog.com/tokyo/A1304/A130401/13184186/","東京都渋谷区代々木4-22-17 クイーンズ代々木 1F","1510053","35.68126233788669","139.69128588327564","080-7811-3570","","不定休","12席 （テーブル8席・個室4席 ※1日3組限定）","有 個室指定の場合のみ20,000円","全席禁煙","完全予約制","Tabelog Award 2026 Silver / フレンチ 百名店 2025","無","JR代々木駅 徒歩10分 京王新線初台駅 徒歩6分 小田急線参宮橋駅 徒歩6分 参宮橋駅から356m","https://tblg.k-img.com/restaurant/images/Rvw/123880/320x320_rect_123880838.jpg","初台SC"
"おかしやうっちー","4.20","710","41098","ケーキ/洋菓子","北参道駅","-","\5,000～\5,999","https://tabelog.com/tokyo/A1309/A130901/13238644/","東京都渋谷区千駄ヶ谷3-27-9 ウエスト青山 1F","1510051","35.67744546869985","139.70810652438706","03-6721-0277","火・水・金・土・日 12:00 - 18:00 月・木","","4席 （お席と召し上がるお菓子は事前予約が必要です。ワンドリンク制。）","無 個室はないが、ご利用のお客様1組ずつ限定なので、ほぼ個室。1時間制。","全席禁煙","完全予約制","スイーツ 百名店 2023","無 目の前にコインパーキングあり。","東京メトロ副都心線 北参道駅 徒歩3分 JR千駄ヶ谷駅 徒歩5分 都営大江戸線 国立競技場駅 徒歩5分 北参道駅から250m","https://tblg.k-img.com/restaurant/images/Rvw/363675/640x640_rect_37f9ae1ffe7f68e0bccca7d4593d0a11.jpg","初台SC"
"樋口","4.17","212","21402","日本料理","北参道駅","\40,000～\49,999","-","https://tabelog.com/tokyo/A1306/A130601/13001215/","東京都渋谷区神宮前2-19-12","1500001","35.673489337897635","139.7101435831839","03-3402-7038","月・火・木・金・土 18:00 - 21:00 水・日・祝日","","14席 （カウンター6席、テーブル4席、個室4席）","有 （2人可、4人可） 掘り炬燵","分煙 個室利用の場合喫煙可 2020年4月1日より受動喫煙対策に関する法律(改正健康増進法）が施行されており、最新の情報と異なる場合がございますので、ご来店前に店舗にご確認ください。","予約可","Tabelog Award 2026 Bronze / 日本料理 百名店 2025","無","北参道駅から680m","https://tblg.k-img.com/restaurant/images/Rvw/121876/640x640_rect_121876537.jpg","初台SC"
"炭火焼 ゆうじ","4.16","2305","213047","ホルモン/焼肉","渋谷駅","\6,000～\7,999","-","https://tabelog.com/tokyo/A1303/A130301/13001794/","東京都渋谷区宇田川町11-1 松沼ビル　１Ｆ","1500042","35.662587458705865","139.69733789424455","03-3464-6448","月・火・水・木・金・土 16:00 - 23:00 L.O. 22:30 日・祝日","","（1階カウンター、テーブル席、入口テーブル席（外）））","無","全席禁煙","予約可","Tabelog Award 2026 Bronze / 焼肉 百名店 2025","無 近くにコインパーキングあり","渋谷駅から徒歩10分ほど、東急ハンズ近く 渋谷駅から539m","https://tblg.k-img.com/restaurant/images/Rvw/122333/640x640_rect_122333171.jpg","初台SC"
"日本料理 太月","4.16","643","36797","日本料理","表参道駅","\40,000～\49,999","\10,000～\14,999","https://tabelog.com/tokyo/A1306/A130602/13160021/","東京都港区北青山3-13-1 北青山関根ビル B1F","1070061","35.6640935379034","139.7094780830895","03-6450-5991","月・火・水・木・金・土 11:30 - 14:00 L.O. 12:00 18:00 - 23:00 L.O. 21:00 日・祝日","","19席","有 （2人可、4人可、6人可、8人可）","全席禁煙","完全予約制","Tabelog Award 2026 Bronze / 日本料理 百名店 2025","無 近くのコイン・パーキング：北青山3-14-9に4台収容、3-14-7に12台収容、ほか","東京メトロ銀座線・千代田線・半蔵門線【表参道駅】徒歩５分 ※地下通路Ｂ２地上口 徒歩３分 表参道駅から300m","https://tblg.k-img.com/restaurant/images/Rvw/73691/320x320_rect_73691266.jpg","初台SC"
"ess.","4.08","165","14234","イタリアン","神泉駅","\20,000～\29,999","\15,000～\19,999","https://tabelog.com/tokyo/A1303/A130301/13302439/","東京都渋谷区神泉町13-13 ヒルズ渋谷 B1F","1500045","35.65618075500302","139.69207219051916","03-6455-1131","火・水・木・金・土 17:00 - 23:00 L.O. 料理22:00 月・日","","18席","有 着席８席","全席禁煙","予約可","","無","神泉駅から徒歩3分 神泉駅から185m","https://tblg.k-img.com/restaurant/images/Rvw/328399/640x640_rect_e57a8c969c80fb37b2d0364cf481fcdb.jpg","初台SC"
"鳥茂","4.07","2924","178372","もつ焼き","新宿駅","\8,000～\9,999","-","https://tabelog.com/tokyo/A1318/A131810/13001067/","東京都渋谷区代々木2-6-5","1510053","35.687977918690216","139.69886051449996","03-3379-5188","月・火・水・木・金・土・祝日 17:00 - 00:00 日","","82席 （カウンター22席、テーブル60席一階に10台、二階に12台換気扇が設置されているので、コロナの換気対策もバッチリです！）","無 半個室のような席はあります。","全席禁煙 店内全面禁煙に変わりました。以前は入口に灰皿がありましたが、今はそれも無くなってます。","予約可","Tabelog Award 2026 Bronze","無","JR新宿駅南口、徒歩2分。 新宿駅から285m","https://tblg.k-img.com/restaurant/images/Rvw/120998/320x320_rect_120998836.jpg","初台SC"
"らぁ麺や 嶋","4.07","2105","126040","ラーメン/つけ麺","西新宿五丁目駅","-","\1,000～\1,999","https://tabelog.com/tokyo/A1304/A130401/13247487/","東京都渋谷区本町3-41-12","1510071","35.68834184165506","139.68087413976107","","月・火・水・木・金 08:15 - 14:30 土・日・祝日","","6席 （カウンター席のみ）","無","全席禁煙","完全予約制","Tabelog Award 2026 Bronze / ラーメン 百名店 2025","無 近隣にコインパーキングあり","??都営大江戸線 西新宿五丁目駅 A2出口から徒歩5分 西新宿五丁目駅から363m","https://tblg.k-img.com/restaurant/images/Rvw/339909/640x640_rect_01fed728cae9824323e2590f8a44663f.jpg","初台SC"
"鮨 あお","4.06","338","16528","寿司","表参道駅","\30,000～\39,999","\30,000～\39,999","https://tabelog.com/tokyo/A1306/A130602/13246982/","東京都港区北青山3-10-13 FPG links OMOTESANDO B棟 2F","1070061","35.66424389870897","139.71040668425212","03-6450-5235","","日曜日","11席","有 （2人可、4人可）","全席禁煙","完全予約制","Tabelog Award 2026 Bronze / 寿司 百名店 2025","無","表参道駅B2出口より徒歩2分 246沿い紀伊国屋手前を右に入った裏手 表参道駅から217m","https://tblg.k-img.com/restaurant/images/Rvw/277874/640x640_rect_775d3a32a317dfed41fc9049e87cbae6.jpg","初台SC"
"ピッツェリア・ロマーナ・イル・ペンティート","4.03","390","82765","ピザ/イタリアン","南新宿駅","\10,000～\14,999","-","https://tabelog.com/tokyo/A1318/A131810/13000684/","東京都渋谷区代々木3-1-1 ＡＸＩＳ　１Ｆ","1510053","35.68226193467567","139.69667755166375","03-3320-5699","火・水・木・金・土 19:00 - 23:00 L.O. 21:00 月・日","不定休","24席","無","全席禁煙 テラスに喫煙スペースあり","予約可","ピザ 百名店 2025","無","スマホやiPhoneのナビで来られる方、住所の入力は代々木3-1-1でお願いします。住居表示の代々木3-1-3だと店の裏手に出てしまい、迷ってしまいます。 代々木駅西口の改札を背にして正面のファミリーマートと、みずほ銀行の間の道をまっすぐ来てください。どこも曲がりません。5-6分歩いて小田急線のガードをくぐると道沿いにあります。 （Google Mapでは、渋谷区代々木3-1-8で検索すると正しい店の位置を示します。MapFan、Yahoo!地図、NAVITIMEなどでは渋谷区代々木3-1-7で1軒代々木駅寄りの(お店があるAXISビルの)隣のビルの位置を示します。） 南新宿駅から231m","https://tblg.k-img.com/restaurant/images/Rvw/367173/640x640_rect_2ee6c33f1faa3d9915a42dcfbdd7c106.jpg","初台SC"
"sincere","4.02","646","61948","フレンチ","北参道駅","\20,000～\29,999","-","https://tabelog.com/tokyo/A1309/A130901/13194253/","東京都渋谷区千駄ヶ谷3-7-13 原宿東急アパートメントＢ１","1510051","35.67690005869898","139.7043157743842","03-6804-2006","月・火・水・木・金・土 18:00 - 20:30 日","","18席 （テーブル席）","無 １８：００~２２：３０","全席禁煙","完全予約制","Tabelog Award 2026 Bronze / フレンチ 百名店 2025","無","JR原宿駅竹下口より徒歩8分 出口を左手に歩道歩いていただきます。 5分ほど直進していただきまして、左手にベルエポック美容専門学校 を通りすぎ、つきあたりの交差点を右、左とクランクのように通り抜けて、さらに 北に向かって直進していただきます。 小道を直進し170mほどで、左手地下1階に当店がございます。 (入り口に蔦がある建物です。) 副都心線北参道駅3番出口より徒歩3分 地上右手に進み、サブウェイ様が曲がり角にある最初の交差点を右折して、 道を直進してつきあたりまでお進みください。 つきあたりを左折して120mほど進み 右側地下1階に当店がございます。(入り口に蔦がある建物です。) 北参道駅から198m","https://tblg.k-img.com/restaurant/images/Rvw/76918/320x320_rect_76918497.jpg","初台SC"
"SPICY CURRY 魯珈","3.96","848","55762","カレー/台湾料理","大久保駅","\1,000～\1,999","\1,000～\1,999","https://tabelog.com/tokyo/A1304/A130404/13286023/","東京都新宿区百人町1-24-8 新宿タウンプラザビル BF-J","1690073","35.69869983868304","139.69773308460904","03-3367-7111","月・水 11:00 - 15:00 火・木 11:00 - 14:00 17:00 - 19:30 金・土・日・祝日","","6席 （カウンター6席）","無","全席禁煙","完全予約制","Tabelog Award 2026 Bronze / カレー 百名店 2026","無","JR中央・総武線各駅(停車)「大久保駅」南口から徒歩1分 西武新宿線「西武新宿駅」北口から徒歩4分 JR山手線「新大久保駅」東口から徒歩5分 大久保駅から201m","https://tblg.k-img.com/restaurant/images/Rvw/335228/640x640_rect_e5385affd151ba47bdff6b0b3cf4bb18.jpg","初台SC"
"とんかつ七井戸","3.94","851","58101","とんかつ","外苑前駅","-","\2,000～\2,999","https://tabelog.com/tokyo/A1306/A130603/13229075/","東京都渋谷区神宮前3-42-11 ローザビアンカ 104","1500001","35.67183293789986","139.7138147831646","080-8190-1331","月・火・水・木・金・祝日・祝前日・祝後日 11:30 - 14:30 L.O. 14:00 土・日","","24席 （カウンター席のみです。）","無","全席禁煙","予約不可","とんかつ 百名店 2026","無","最寄駅 東京メトロ外苑前駅徒歩5分 東京メトロ表参道駅徒歩10分 東京メトロ明治神宮前駅徒歩10分 JR原宿駅徒歩15分 外苑前駅から395m","https://tblg.k-img.com/restaurant/images/Rvw/189647/640x640_rect_843ba80f826bf3fd292cf3db19500fd7.jpg","初台SC"
"はらまさ","3.94","765","39088","日本料理","四谷三丁目駅","\20,000～\29,999","\10,000～\14,999","https://tabelog.com/tokyo/A1309/A130903/13151542/","東京都新宿区四谷4-8 ライオンズ四谷タワーゲート店舗棟 B1F","1600004","35.68793941869587","139.7165467244872","03-5312-7307","月・火・水・木・金・土・日・祝日・祝前日・祝後日 12:30 - 14:30 L.O. 料理13:00 ドリンク14:15 17:30 - 23:00 L.O. 料理21:30 ドリンク22:45","不定休","22席","有 （2人可、4人可、6人可）","全席禁煙","予約可","Tabelog Award 2026 Bronze / 日本料理 百名店 2025","無","四谷三丁目2番出口歩いて6分 四ッ谷駅方面行き四谷四丁目バス停正面のビルの地下 油そば屋の左脇に階段があります 四谷三丁目駅から369m","https://tblg.k-img.com/restaurant/images/Rvw/122348/640x640_rect_122348811.jpg","初台SC"
"KINO_","3.94","457","20811","イノベーティブ/フレンチ","代々木駅","\15,000～\19,999","\8,000～\9,999","https://tabelog.com/tokyo/A1304/A130403/13285210/","東京都渋谷区代々木1-37-4 長谷川ビル 1F","1510053","35.68361223788823","139.70077598329274","03-6826-9608","月・火・水・木・金・土・日・祝日・祝前日・祝後日 12:00 - 14:30 18:00 - 22:00","","18席 （カウンター8席、テーブル10席）","無","全席禁煙","完全予約制","創作料理・イノベーティブ 百名店 2025","無 近隣にコインパーキング数カ所あり。","JR中央、総武線、山手線、都営大江戸線 代々木駅より徒歩3分 小田急線 南新宿駅より徒歩7分 新宿駅新南改札より徒歩9分 代々木駅から125m","https://tblg.k-img.com/restaurant/images/Rvw/207027/640x640_rect_77def5c175d4901c7f73d8ec968040b4.jpg","初台SC"
"鯉登り","3.94","112","15431","ホルモン/焼肉","大久保駅","\15,000～\19,999","-","https://tabelog.com/tokyo/A1304/A130404/13024080/","東京都新宿区百人町2-26-7","1690073","35.70381875867892","139.69498829466266","03-3367-5188","月・火・水・木・金・土 19:00 - 23:00 L.O. 22:00 日","祝日","10席","無","全席禁煙","予約可","焼肉 百名店 2025","無","JR中央・総武緩行線「大久保駅」北口より、徒歩4分 JR山手線「新大久保駅」駅より、徒歩7分 大久保駅から433m","https://tblg.k-img.com/restaurant/images/Rvw/316827/640x640_rect_8da54af556b45edc2af0c7c7917c2bac.jpg","初台SC"
"特選髙坂鶏 克つ鳥","3.94","95","6427","焼き鳥/鳥料理/串焼き","神泉駅","\20,000～\29,999","-","https://tabelog.com/tokyo/A1303/A130301/13310446/","東京都渋谷区道玄坂2-26-15 Shibuya D-second 1F","1500043","35.66004449387673","139.6965100993664","03-5990-4877","火・水・木・金・土 17:00 - 22:30 月・日","","16席","有 （2人可、4人可）","全席禁煙","完全予約制","","無","渋谷駅より徒歩6分。 渋谷駅を出て「MEGAドン・キホーテ 渋谷本店」に向かって進むと、右手に「H&M」が見えてきます。 そのまま道玄坂2丁目交差点のY字路を左方向（道玄坂を登る方）に進み、「スターバックス」を通り過ぎた先にある「チャッチャッ亭」の角を左折してください。 坂を少し上がった左手のビル1階に【克つ鳥】がございます。 神泉駅から404m","https://tblg.k-img.com/restaurant/images/Rvw/307100/640x640_rect_2f2a42baa31adaa46af1b9275ad3c92c.jpg","初台SC"
"東京肉しゃぶ家","3.89","615","58723","しゃぶしゃぶ/すき焼き/牛料理","東新宿駅","\20,000～\29,999","\15,000～\19,999","https://tabelog.com/tokyo/A1304/A130401/13196268/","東京都新宿区大久保1-12-3 カーサ第二新宿 1F","1690072","35.69839023787967","139.70336128344016","03-6273-8987","火・水・木・金・土・日・祝日・祝前日・祝後日 17:00 - 22:30 月","","12席","無 Ginza store has two private rooms. For 2～8 peoples 新宿店 なし 銀座店 2～4名様 個室 2部屋、カウンター個室8名","全席禁煙 銀座店は喫煙所完備。個室は電子タバコも御利用可能です","予約可","Tabelog Award 2026 Bronze / すき焼き・しゃぶしゃぶ 百名店 2024","無 近くに時間貸しパーキング多数ございます。隣にドンキホーテ、正面に30台ございます。","JR新宿東口から徒歩10分 JR新大久保駅から徒歩8分 大江戸線東新宿から徒歩3分 西武新宿線西武新宿北口徒歩4分 東新宿駅から375m","https://tblg.k-img.com/restaurant/images/Rvw/166582/640x640_rect_18e32ed5fc4a17a7b76677a32b5ab518.jpg","初台SC"
"Il Lato","3.88","338","35553","イタリアン","新宿三丁目駅","\15,000～\19,999","\10,000～\14,999","https://tabelog.com/tokyo/A1304/A130401/13256289/","東京都新宿区新宿3-6-2 栄ビル 4F","1600022","35.691047437885054","139.70564578336445","03-6709-9987","月・火・木・金・土・祝前日・祝後日 18:00 - 23:00 日・祝日 12:00 - 15:00 18:00 - 22:00 水","","17席 （カウンター7席、テーブル席10）","無","全席禁煙","予約可","イタリアン 百名店 2025","無","東京メトロ丸ノ内線 東京メトロ副都心線 都営新宿線 新宿三丁目駅 徒歩１分 JR新宿駅 徒歩3分 新宿三丁目駅から71m","https://tblg.k-img.com/restaurant/images/Rvw/172558/640x640_rect_c2043c805a94cc46bfdeaddee0189042.jpg","初台SC"
"Katsuプリポー","3.87","1355","71406","とんかつ/かつ丼","西武新宿駅","\8,000～\9,999","\4,000～\4,999","https://tabelog.com/tokyo/A1304/A130401/13264309/","東京都新宿区歌舞伎町1-10-3 G3ビル 2F","1600021","35.69475793788186","139.70301258340376","03-3209-2930","月・火・水・木・金・土・日・祝日・祝前日・祝後日 12:00 - 15:00 L.O. 14:00 17:00 - 23:00 L.O. 料理21:30 ドリンク22:00","","50席 （原宿店開幕。 品牌炸豬排、?鍋、五花肉。）","有 （2人可、4人可、6人可、8人可） 半個室あります","全席禁煙","予約可","とんかつ 百名店 2026","無 近隣多数","JR新宿駅東口から徒歩3分 東京メトロ新宿駅から徒歩3分 西武新宿駅から306m","https://tblg.k-img.com/restaurant/images/Rvw/241802/640x640_rect_f257953c2c96bbdbbb5a2dc1d12d6cdf.jpg","初台SC"
"l'elan","3.87","72","15554","フレンチ","明治神宮前駅","\20,000～\29,999","-","https://tabelog.com/tokyo/A1306/A130601/13243117/","東京都渋谷区神宮前5-10-1 GYRE 4F","1500001","35.66746223790044","139.70686258312534","03-6803-8670","火・水・木・金・土・祝日・祝前日 18:00 - 20:30 月・日・祝後日","月曜日","28席 （ダイニング22席、個室1室（最大6席））","有 （4人可、6人可）","全席禁煙 フロア内喫煙スペース有り","予約可","フレンチ 百名店 2025","無 ビル地下にGYREパーキングあり","表参道駅A1出口より徒歩4分 明治神宮前＜原宿＞駅4番出口より徒歩3分 明治神宮前駅から201m","https://tblg.k-img.com/restaurant/images/Rvw/143664/640x640_rect_143664558.jpg","初台SC"
"sio2","3.86","928","102194","イノベーティブ/ビストロ","代々木上原駅","\8,000～\9,999","-","https://tabelog.com/tokyo/A1318/A131811/13150395/","東京都渋谷区上原1-35-3","1510064","35.669590437891195","139.68214318316416","03-6804-7607","月・火・木・金・土・日・祝日・祝前日・祝後日 18:00 - 03:00 水","","14席","無","全席禁煙 入り口外に灰皿を設けております","予約可","Tabelog Award 2025 Bronze / 創作料理・イノベーティブ 百名店 2025 / フレンチ 百名店 2021","無","代々木上原駅改札を直進して、東口を出て右折し30mほど坂を登った右側。 渋谷上原郵便局の向かい。 串カツ田中となり。 代々木上原駅から229m","https://tblg.k-img.com/restaurant/images/Rvw/280869/640x640_rect_b5642d3d343a4c463698519462a7515c.jpg","初台SC"
"小熊飯店","3.86","88","11975","中華料理","北参道駅","\100,000～","-","https://tabelog.com/tokyo/A1309/A130901/13142019/","東京都渋谷区千駄ヶ谷3-14-10 Chez Castor B1F","1510051","35.67691073682994","139.706652247423","","18:00 - 22:00","不定休","8席 （カウンター4席、テーブル4席）","有","全席禁煙","完全予約制","中国料理 百名店 2026","無","北参道駅から188m","https://tblg.k-img.com/restaurant/images/Rvw/95363/640x640_rect_95363489.jpg","初台SC"
"玉笑","3.85","1909","194357","そば","明治神宮前駅","\10,000～\14,999","\2,000～\2,999","https://tabelog.com/tokyo/A1306/A130601/13129390/","東京都渋谷区神宮前5-23-3","1500001","35.664448898707015","139.7046843042582","03-5485-0025","水・木・金 11:30 - 15:00 L.O. 14:30 18:30 - 21:30 L.O. 20:30 土 11:30 - 15:00 18:00 - 20:00 月・火・日","","14席","無","全席禁煙","予約可","Tabelog Award 2026 Bronze / そば 百名店 2025","無","東京メトロ「明治神宮前」より7分 JR「原宿」「渋谷」より10分 穏田神社斜め向かい。 明治神宮前駅から462m","https://tblg.k-img.com/restaurant/images/Rvw/124351/640x640_rect_124351132.jpg","初台SC"
"アステリスク","3.85","1799","81921","ケーキ","代々木上原駅","～\999","～\999","https://tabelog.com/tokyo/A1318/A131811/13140735/","東京都渋谷区上原1-26-16 タマテクノビル 1F","1510064","35.668281148697154","139.68138120431325","03-6416-8080","水・木・金・土・日 10:00 - 18:00 月・火","","","無","全席禁煙","予約可","スイーツ 百名店 2023","無 近隣にコインパーキングあり","小田急線・東京メトロ代々木上原駅より徒歩2分 渋谷駅西口から京王バス笹塚循環 200円 渋谷駅西口マークシティ前よりハチ公バス上原・富ヶ谷ルート 100円 上原二丁目バス停下車すぐ 代々木上原駅から172m","https://tblg.k-img.com/restaurant/images/Rvw/226459/640x640_rect_0b056b819c45853bad1b1e5ae12bc918.jpg","初台SC"
"ミニマル 富ヶ谷本店","3.85","833","49572","チョコレート/ケーキ/カフェ","代々木八幡駅","\1,000～\1,999","\1,000～\1,999","https://tabelog.com/tokyo/A1303/A130301/13175834/","東京都渋谷区富ヶ谷2-1-9","1510063","35.66680503789472","139.68764498313217","03-6322-9998","11:30 - 19:00 L.O. 18:30","なし","12席 （カウンター7席、テラス席5席）","無","全席禁煙","予約不可","スイーツ 百名店 2023","有 近隣にコインパーキングあり","代々木公園駅・代々木八幡駅から徒歩４分。 代々木八幡駅から372m","https://tblg.k-img.com/restaurant/images/Rvw/165266/640x640_rect_6b23ba76ede15a32906e2724a06e7fdf.jpg","初台SC"
"BLOCK HOUSE 水曜カレー","3.85","536","22710","カレー/インドカレー","明治神宮前駅","\3,000～\3,999","\2,000～\2,999","https://tabelog.com/tokyo/A1306/A130601/13183182/","東京都渋谷区神宮前6-12-9 BLOCK HOUSE 3F","1500001","35.66617203790045","139.70440918311402","","水 12:15 - 15:00 L.O. 14:30 17:30 - 19:30 L.O. 19:00 月・火・木・金・土・日","","17席 （カウンター5席／テーブル12席）","無","全席禁煙","予約可","カレー 百名店 2026","無","明治神宮前駅_徒歩5分 原宿駅_徒歩10分 渋谷駅_徒歩15分 _ 明治神宮前駅から277m","https://tblg.k-img.com/restaurant/images/Rvw/274857/640x640_rect_10920a1dd32d8feef8fae83087f3bc01.jpg","初台SC"
"創作麺 ひとすじ","3.84","742","28424","ラーメン","方南町駅","\1,000～\1,999","\1,000～\1,999","https://tabelog.com/tokyo/A1319/A131903/13305924/","東京都杉並区方南2-18-6","1680062","35.68393306868017","139.65923618448684","03-5929-9303","水・木・金・土・日 11:00 - 15:30 月・火","","6席 （カウンターのみ6席）","無","全席禁煙","予約不可","ラーメン 百名店 2025","無","東京メトロ丸の内線方南町駅東口から徒歩2、3分。 方南町駅から151m","https://tblg.k-img.com/restaurant/images/Rvw/321063/640x640_rect_23b42a3270b3d998f6ce337afc574ee1.jpg","初台SC"
"An Di","3.84","688","60917","ベトナム料理/アジア・エスニック/ワインバー","外苑前駅","\10,000～\14,999","\8,000～\9,999","https://tabelog.com/tokyo/A1306/A130603/13209346/","東京都渋谷区神宮前3-42-12 1F","1500001","35.671919837899836","139.71390768316544","03-6447-5447","火・水・木・金 18:00 - 21:00 土・日 12:00 - 13:30 18:00 - 21:00 月","","23席 （カウンター5席、テーブル18席）","無","全席禁煙","予約可","アジア・エスニック 百名店 2026","無 近隣にコインパーキングあり","東京メトロ 銀座線 外苑前駅3番出口より徒歩約4分 外苑前駅から392m","https://tblg.k-img.com/restaurant/images/Rvw/237892/640x640_rect_51e0d94bf696f273a30a3fec6b600f78.jpg","初台SC"
"Spice Bar モンカリー","3.84","377","10678","カレー/インド料理/ダイニングバー","大久保駅","-","\1,000～\1,999","https://tabelog.com/tokyo/A1304/A130404/13277319/","東京都新宿区北新宿1-3-15 野原ビル 1F","1690074","35.69822003787747","139.69611208344352","","月・火・木・金・土 11:00 - 15:00 L.O. 14:30 祝日 11:00 - 15:00 L.O. 料理14:30 水・日","","16席 （カウンター６席、テーブル10席（2人掛け×2、半個室６人掛け×1））","無","全席禁煙","予約不可","カレー 百名店 2026","無 近隣にコインパーキングあり","JR総武線 大久保駅南口より徒歩5分 大久保駅から283m","https://tblg.k-img.com/restaurant/images/Rvw/211986/640x640_rect_feab8b13c3bd8c8185d5b71d290ff3ba.jpg","初台SC"
"シャントレル","3.84","213","24104","フレンチ","代々木八幡駅","\20,000～\29,999","\10,000～\14,999","https://tabelog.com/tokyo/A1318/A131810/13128296/","東京都渋谷区元代々木町24-1 アブニ―ル元代々木 1F","1510062","35.67076483789162","139.68579238317346","03-5465-0919","火・水・木・金 18:00 - 23:00 土・日 12:00 - 15:30 18:00 - 23:00 月","","14席","無","全席禁煙","完全予約制","Tabelog Award 2020 Bronze / フレンチ 百名店 2025","無","小田急小田原線 代々木八幡駅 徒歩5分 東京メトロ千代田線 代々木公園駅 徒歩6分 東京メトロ千代田線/小田急小田原線 代々木上原駅 徒歩8分 代々木八幡駅から335m","https://tblg.k-img.com/restaurant/images/Rvw/120575/640x640_rect_120575078.jpg","初台SC"
"VIRON 渋谷店","3.83","3927","124273","パン/サンドイッチ/ケーキ","渋谷駅","～\999","～\999","https://tabelog.com/tokyo/A1303/A130301/13004626/","東京都渋谷区宇田川町33-8 塚田ビル 1F","1500042","35.660885608706764","139.69678531422772","03-5458-1770","08:00 - 21:00 営業時間・","","（テイクアウトのみ）","無","全席禁煙","予約不可","パン 百名店 2022","無","JR渋谷駅から徒歩８分。東急本店向かい。 渋谷駅から465m","https://tblg.k-img.com/restaurant/images/Rvw/294087/640x640_rect_3fc259e18e9cd0fe03e7cc37a22e4f4b.jpg","初台SC"
"Curry Spice Gelateria KALPASI","3.83","1983","62823","カレー/ジェラート・アイスクリーム/アジア・エスニック","下北沢駅","\1,000～\1,999","\1,000～\1,999","https://tabelog.com/tokyo/A1318/A131802/13247887/","東京都世田谷区北沢2-12-2 サウスウェーブ下北沢 1F","1550031","35.66091663789224","139.6681005830864","","月・火・水・金・土・日 11:30 - 21:00 L.O. 20:00 木","","12席 （カウンター12席）","無","全席禁煙","予約不可","カレー 百名店 2026","無","井の頭線・小田急線 下北沢駅より徒歩2分 下北沢駅から105m","https://tblg.k-img.com/restaurant/images/Rvw/145610/640x640_rect_145610447.jpg","初台SC"
"Japanese Soba Noodles 蔦","3.81","1866","63559","ラーメン/つけ麺","代々木上原駅","-","\2,000～\2,999","https://tabelog.com/tokyo/A1318/A131811/13241560/","東京都渋谷区西原3-2-4 フロンティア代々木上原 B1F","1510066","35.67040556869616","139.68248365433394","03-6416-8620","木・金・土・日 11:00 - 15:00 月・火・水","","23席 （カウンター11席、テーブル12席）","無","全席禁煙","予約可","ラーメン 百名店 2025","無 近隣にコインパーキングあり","小田急・東京メトロ代々木上原駅から徒歩2分 代々木上原駅から295m","https://tblg.k-img.com/restaurant/images/Rvw/350384/640x640_rect_2af5ff7053a2fc95f3696ad1d021777a.jpg","初台SC"
"ナタ・デ・クリスチアノ","3.81","1742","83540","スイーツ/パン/ケーキ","代々木公園駅","～\999","～\999","https://tabelog.com/tokyo/A1318/A131810/13153384/","東京都渋谷区富ヶ谷1-14-16-103","1510063","35.66726188870097","139.69129652429604","03-6804-9723","10:00 - 19:30 営業時間・","","3席 （テラス席）","無","全席禁煙","予約可","スイーツ 百名店 2023 / パン 百名店 2017","無 近隣にコインパーキングあり","東京メトロ千代田線「代々木公園」駅 2番出口から徒歩3分。 小田急線「代々木八幡」駅 南口から徒歩５分。 渋谷駅からだと徒歩15分。 代々木公園駅から185m","https://tblg.k-img.com/restaurant/images/Rvw/267100/640x640_rect_c21338cc01d30cfd70c7fa27c6e3c939.jpg","初台SC"
"RAMEN MATSUI","3.81","1449","52750","ラーメン","新宿御苑前駅","-","\1,000～\1,999","https://tabelog.com/tokyo/A1304/A130402/13285098/","東京都新宿区四谷4-25-10 ダイアパレス御苑前 B-2","1600004","35.68907913788944","139.71550998333763","","月・火・金・土・日・祝日・祝前日・祝後日 11:00 - 15:30 水・木","","8席 （カウンターのみ）","無","全席禁煙","完全予約制","ラーメン 百名店 2025","無 店舗前にコインパーキングあり","東京メトロ丸の内線 新宿御苑前駅 徒歩6分 都営地下鉄新宿線 曙橋駅 徒歩10分 東京メトロ丸の内線 四谷三丁目駅 徒歩7分 新宿御苑前駅から437m","https://tblg.k-img.com/restaurant/images/Rvw/349585/640x640_rect_ae8a344781b11a7807991523f4f605ff.jpg","初台SC"
"Orchestra","3.81","101","8062","イタリアン/パスタ/イノベーティブ","参宮橋駅","\20,000～\29,999","\15,000～\19,999","https://tabelog.com/tokyo/A1318/A131810/13288037/","東京都渋谷区代々木4-1-7 森田ビル 1F","1510053","35.67924972736554","139.693618102227","03-6383-4036","月・火・木・金・祝日・祝前日・祝後日 17:30 - 23:00 土・日 12:00 - 14:00 17:30 - 23:00 水","水曜日","8席 （カウンター8席）","無","全席禁煙","予約可","","無 近隣にコインパーキングあり","小田急小田原線 参宮橋駅より徒歩1分 JR山手線 代々木駅より徒歩10分 参宮橋駅から59m","https://tblg.k-img.com/restaurant/images/Rvw/251493/640x640_rect_dbbc609162647e935f2dc28692e1015b.jpg","初台SC"
"ハリッツ 上原店","3.80","1685","77846","ドーナツ/カフェ/洋菓子","代々木上原駅","\1,000～\1,999","～\999","https://tabelog.com/tokyo/A1318/A131811/13023466/","東京都渋谷区上原1-34-2","1510064","35.66933883869669","139.68202379432347","03-3466-0600","月・火・水・木・金 10:00 - 15:45 土 11:30 - 15:45 日","","8席 （2人掛けテーブル席3卓、カウンター2席）","無","全席禁煙","予約可","スイーツ 百名店 2023","無","小田急線・東京メトロ千代田線【代々木上原駅】南口2・東口より徒歩2分 代々木上原駅から213m","https://tblg.k-img.com/restaurant/images/Rvw/251555/640x640_rect_cb53ad322b7e7481d2b59afc79b035ce.jpg","初台SC"
"セントル ザ・ベーカリー 青山店","3.80","601","28992","パン","表参道駅","\1,000～\1,999","\1,000～\1,999","https://tabelog.com/tokyo/A1306/A130602/13227934/","東京都渋谷区神宮前5-52-2 青山オーバルビル 1F","1500001","35.66275480870955","139.70925367423789","03-6451-1067","月・火・水・木・金 10:00 - 14:00 15:00 - 18:00 土・日 10:00 - 19:00","不定休","","無","全席禁煙","予約不可","パン 百名店 2022","無","東京メトロ「表参道駅」B2出口から徒歩3分 表参道駅から399m","https://tblg.k-img.com/restaurant/images/Rvw/156884/640x640_rect_156884755.jpg","初台SC"
"ペペロッソ","3.80","419","37671","イタリアン/ワインバー/ダイニングバー","池ノ上駅","\10,000～\14,999","\8,000～\9,999","https://tabelog.com/tokyo/A1318/A131801/13243643/","東京都世田谷区代沢2-46-7 エクセル桃井 1F","1550032","35.66100703789368","139.67282258308398","03-6407-8998","火・水・木・金・土・日 10:00 - 22:00 月","","47席 （・カウンター席×５名 ・テラス席（応相談）×５席）","有 （2人可、4人可、6人可、8人可、10～20人可、20～30人可、30人以上可） 糸カーテンでの仕切った半個室です。","全席禁煙","予約可","イタリアン 百名店 2025","無 近くにコインパーキング有り","京王井の頭線「池ノ上駅」徒歩0分 「下北沢駅」徒歩8分 「小田急線東北沢駅」徒歩7分 ※下北沢からも８分と徒歩圏内です。 「下北沢」からの「お買い物帰り」のお客様から 「池ノ上」の「地元のお客様」までお越しいただいております。 お子様もご来店可能です。何かご希望がある場合はお気軽にご相談下さい。 池ノ上駅から80m","https://tblg.k-img.com/restaurant/images/Rvw/345563/640x640_rect_6b83b549782bba82da81d05c2c50c4a2.jpg","初台SC"
"フィッシュ 新宿店","3.79","2638","71595","カレー","西武新宿駅","\2,000～\2,999","\1,000～\1,999","https://tabelog.com/tokyo/A1304/A130401/13222551/","東京都新宿区西新宿7-5-6 新宿ダイカンプラザ756 2F","1600023","35.69652123787924","139.69830588342484","03-5937-6322","月・火・水・木・金・土・日・祝日・祝前日・祝後日 11:00 - 15:00 L.O. 14:30 17:00 - 21:30 L.O. 21:00","","26席","無","全席禁煙","予約可","カレー 百名店 2026","無","ＪＲ新宿駅西口より徒歩7分 西武新宿駅より徒歩5分 西武新宿駅から167m","https://tblg.k-img.com/restaurant/images/Rvw/226921/640x640_rect_0bbebce34712b1f7156b1858635348b4.jpg","初台SC"
"ノワ・ドゥ・ブール 新宿伊勢丹店","3.79","1846","38802","ケーキ/チョコレート","新宿三丁目駅","-","～\999","https://tabelog.com/tokyo/A1304/A130401/13124571/","東京都新宿区新宿3-14-1 伊勢丹新宿店 B1F","1600022","35.69174743788426","139.70455388337226","03-3352-1111","10:00 - 20:00","","","無","全席禁煙","予約不可","スイーツ 百名店 2023","有","東京メトロ丸ノ内線「新宿三丁目駅」伊勢丹方面改札から徒歩1分 東京メトロ副都心線「新宿三丁目駅」 新宿三丁目交差点改札から徒歩2分 伊勢丹正面改札から徒歩30秒 ※伊勢丹正面改札は、午前7時～午後3時は駅からの出場専用。午後3時～終電までは駅への入場専用 都営新宿線「新宿三丁目駅」新宿三丁目改札から徒歩3分 新宿三丁目駅から103m","https://tblg.k-img.com/restaurant/images/Rvw/101472/640x640_rect_101472274.jpg","初台SC"
"ル パン ドゥ ジョエル・ロブション 渋谷ヒカリエShinQs店","3.79","1725","40094","パン/サンドイッチ/洋菓子","渋谷駅","\1,000～\1,999","\1,000～\1,999","https://tabelog.com/tokyo/A1303/A130301/13140263/","東京都渋谷区渋谷2-21-1 渋谷ヒカリエ B2F","1500002","35.65906572871","139.7033263642048","03-6434-1837","月・火・水・木・金・土 11:00 - 21:00 日・祝日 11:00 - 20:00 【営業時間】2024年3月3日～","","","無","全席禁煙","予約不可","パン 百名店 2022","有","渋谷駅から徒歩１分 渋谷駅から176m","https://tblg.k-img.com/restaurant/images/Rvw/222226/640x640_rect_9b5fdf945f8b64494231c18c80e2449e.jpg","初台SC"
"純手打ち だるま","3.79","1480","45186","ラーメン","中野富士見町駅","\1,000～\1,999","\1,000～\1,999","https://tabelog.com/tokyo/A1319/A131903/13218715/","東京都杉並区和田1-18-3","1660012","35.69095103787266","139.66653148339086","非公開","11:30 - 15:00","不定休","8席 （カウンターのみ）","無","全席禁煙","予約不可","ラーメン 百名店 2025","無 近隣にコインパーキング多数あり","中野富士見町駅から63m","https://tblg.k-img.com/restaurant/images/Rvw/181452/640x640_rect_3757301e4c405bcbee750cdc339b4caa.jpg","初台SC"
"瑞穂","3.79","1340","55806","和菓子/大福","明治神宮前駅","-","～\999","https://tabelog.com/tokyo/A1306/A130601/13001154/","東京都渋谷区神宮前6-8-7","1500001","35.66698695870569","139.7056083442832","03-3400-5483","","月曜日","（テイクアウトのみ）","無","全席禁煙","予約不可","和菓子・甘味処 百名店 2023 / スイーツ 百名店 2022","無 近隣にコインパーキングあり","神宮前交差点から表参道駅へ向かい、キティランドの手前の路地を右折します。小さな郵便局の前を通り過ぎて、50ｍ位先の左側です。 明治神宮前駅から184m","https://tblg.k-img.com/restaurant/images/Rvw/361258/640x640_rect_579008d0d428db114832d9ecc03b4ce4.jpg","初台SC"
"キノシタ","3.79","607","34386","フレンチ/ビストロ","参宮橋駅","\10,000～\14,999","\2,000～\2,999","https://tabelog.com/tokyo/A1318/A131810/13001058/","東京都渋谷区代々木3-37-1 代々木エステートビル 1Ｆ","1510053","35.68186103869236","139.693398684442","03-3376-5336","火・水・木・金・土・日 12:00 - 15:00 L.O. 14:00 18:00 - 22:30 L.O. 21:00 月","","20席 （カウンター4席）","無","全席禁煙","予約可","フレンチ 百名店 2025","無 近隣にコインパーキングあり","小田急小田原線【参宮橋駅】徒歩６分 京王新線【初台駅】徒歩９分 ＪＲ中央線・山手線【代々木駅】西口 徒歩10分 都営地下鉄大江戸線【代々木駅】徒歩10分 京王バス代々木三丁目停留所より徒歩３分 参宮橋駅から349m","https://tblg.k-img.com/restaurant/images/Rvw/345588/640x640_rect_5eca65de18ca7caa93b6881ff84275d6.jpg","初台SC"
"Regalo","3.79","483","51383","イタリアン/パスタ","参宮橋駅","\20,000～\29,999","\20,000～\29,999","https://tabelog.com/tokyo/A1318/A131810/13057629/","東京都渋谷区代々木4-6-2 宍戸ビル　B1F","1510053","35.67834573788905","139.69286578324508","03-6383-3384","月・火・金 17:30 - 20:30 L.O. 20:30 土 12:00 - 15:30 L.O. 12:30 17:30 - 23:30 L.O. 20:30 日 12:30 - 15:30 1","","20席 （カウンター4席 テーブル16席）","無","全席禁煙","予約可","イタリアン 百名店 2025","無 公共交通機関でのご来店をお願い致します。駐車場のご案内はできません。","参宮橋駅西口改札から徒歩1分。 西口改札を出て左へ、商店街を下る ↓ 牛丼チェーン「松屋」さんの 向かって左側の地下に降りる階段が入り口 ※ビルのエレベータは使えません 階段のみとなります 参宮橋駅から86m","https://tblg.k-img.com/restaurant/images/Rvw/110329/640x640_rect_110329948.jpg","初台SC"
"ミモザ","3.79","344","49263","中華料理","表参道駅","\20,000～\29,999","-","https://tabelog.com/tokyo/A1306/A130602/13197047/","東京都港区南青山3-10-40 フィオラ南青山ビル 2F","1070062","35.66645173790346","139.71437148310986","03-6804-6885","火・水・木・金・土 18:00 - 22:00 月・日","","9席 （カウンター9席）","無","全席禁煙","予約可","Tabelog Award 2022 Bronze / 中国料理 百名店 2026","無","表参道駅A4出口徒歩5分 表参道駅から220m","https://tblg.k-img.com/restaurant/images/Rvw/76924/320x320_rect_76924297.jpg","初台SC"
"かしわぎ","3.78","1967","56540","ラーメン","東中野駅","～\999","～\999","https://tabelog.com/tokyo/A1319/A131901/13209326/","東京都中野区東中野1-36-7","1640003","35.704291437870275","139.68565698351222","","月・水・木・金・土・日 11:30 - 15:00 火","","9席 （カウンター5席、4人テーブル×１）","無","全席禁煙","予約不可","ラーメン 百名店 2025","無","JR総武線「東中野」駅(東口)から徒歩4分 東中野駅から279m","https://tblg.k-img.com/restaurant/images/Rvw/143096/640x640_rect_143096185.jpg","初台SC"
"ル パン ドゥ ジョエル･ロブション ニュウマン新宿店","3.78","1916","36765","パン","新宿駅","～\999","～\999","https://tabelog.com/tokyo/A1304/A130401/13193559/","東京都新宿区新宿4-1-6 NEWoMan SHINJUKU 1F","1600022","35.689029328690516","139.70191077450846","03-5361-6950","月・火・水・木・金・土 08:00 - 21:00 日・祝日 08:00 - 20:30","不定休","36席 （正面のカフェにてイートイン可）","無","全席禁煙","予約不可","パン 百名店 2022","無 ミライナタワー地下有料駐車場あり","JR各線「新宿駅」ミライナタワー改札直結 都営新宿線・都営大江戸線・京王新線「新宿駅」より徒歩5分 東京メトロ副都心線「新宿三丁目駅」より徒歩3分 新宿駅から225m","https://tblg.k-img.com/restaurant/images/Rvw/222226/640x640_rect_9b5fdf945f8b64494231c18c80e2449e.jpg","初台SC"
"ヨゴロウ","3.78","1799","92371","カレー","北参道駅","\1,000～\1,999","\1,000～\1,999","https://tabelog.com/tokyo/A1306/A130601/13076645/","東京都渋谷区神宮前2-20-10 小松ビル 1F","1500001","35.67425898870278","139.7109559543529","03-3746-9914","月・火・水・木・金 11:30 - 16:30 L.O. 15:50 18:00 - 20:00 L.O. 19:45 土 11:30 - 16:30 L.O. 15:50 日・祝日","","13席 （カウンター4席、テーブル9席（5人掛け1卓、2人掛け2卓））","無","全席禁煙","予約不可","カレー 百名店 2026","無","JR原宿駅より徒歩10分 都営地下鉄国立競技場A2出口より徒歩10分 北参道駅から666m","https://tblg.k-img.com/restaurant/images/Rvw/292818/640x640_rect_f1a6d975cffd54130f5184435899a78f.jpg","初台SC"
"スパイシーカリーハウス半月","3.78","1572","41949","カレー/インドカレー","西武新宿駅","-","\1,000～\1,999","https://tabelog.com/tokyo/A1304/A130401/13211678/","東京都新宿区西新宿7-6-9 コンフォート・セゾン 1F","1600023","35.69784535868366","139.69793240460027","03-5937-2927","月・火・水・木・金 11:00 - 20:00 土・日・祝日 11:00 - 16:00","不定休","13席 （4人用テーブル2卓 カウンター5席）","無","全席禁煙","予約不可","カレー 百名店 2026","無 近くのコインパーキング：北新宿1-1-18に17台収容、ほか","西武新宿線【西武新宿駅】北口 徒歩４分 ＪＲ中央線【大久保駅】南口 徒歩４分 都営地下鉄大江戸線【新宿西口駅】徒歩６分 西武新宿駅から271m","https://tblg.k-img.com/restaurant/images/Rvw/365503/640x640_rect_315953f164cc305e9d097d4f142f77f0.jpg","初台SC"
"テコナ ベーグルワークス","3.78","1335","60770","ベーグル/パン/サンドイッチ","代々木八幡駅","～\999","～\999","https://tabelog.com/tokyo/A1318/A131810/13061492/","東京都渋谷区富ヶ谷1-51-12 代々木公園ハウス B1F","1510063","35.66873933789396","139.6891154831507","","月・火・水・木・金・土・日・祝日 11:00 - 18:30","不定休","（テイクアウト利用のみ）","無","全席禁煙","予約不可","パン 百名店 2022","無 近隣にコインパーキングあり","東京メトロ千代田線【代々木公園駅】1番出口より徒歩１分 小田急線【代々木八幡駅】南口より徒歩１分 代々木八幡駅から126m","https://tblg.k-img.com/restaurant/images/Rvw/289367/640x640_rect_1cf52b0956b899a419913d2b48ba9a9a.jpg","初台SC"
"ルヴァン 富ヶ谷店","3.78","1090","46535","パン","代々木八幡駅","-","～\999","https://tabelog.com/tokyo/A1318/A131810/13001841/","東京都渋谷区富ヶ谷2-43-13","1510063","35.6677534886989","139.68579053430483","03-3468-9669","火・水・木・金・土 09:00 - 19:00 日・祝日 09:00 - 18:00 月","","","無","全席禁煙","予約可","パン 百名店 2022","無","代々木八幡駅から徒歩5分 代々木上原駅から徒歩10分 代々木八幡駅から397m","https://tblg.k-img.com/restaurant/images/Rvw/364243/640x640_rect_be76c183eaedb9c83d82b98ffcc8e1a3.jpg","初台SC"
"あじゅう田","3.78","397","22394","寿司/日本料理","神泉駅","\30,000～\39,999","\10,000～\14,999","https://tabelog.com/tokyo/A1303/A130301/13257494/","東京都渋谷区宇田川町37-15 ARISTO渋谷 B1F","1500042","35.66258593789979","139.69516118308428","03-6804-7095","月・火・水・木・金・土 18:00 - 22:30 日","","8席 （メインカウンター8席、はなれカウンター4席、カウンター付き完全個室1室（4席））","有 （4人可、8人可） 個室×１（4名席）※個室貸切時のみお子様可 メインカウンターは8名様で貸切","全席禁煙 ※お食事中の喫煙の離席はお断りさせていただいております。","完全予約制","寿司 百名店 2025","無 近隣にコインパーキングあり","JR「渋谷駅」から徒歩9分 東京メトロ「渋谷駅」から徒歩7分 ※東急本店様を右折した「オーチャードロード」沿いよりお越し下さい。 エレベーターのある側が正面入り口となります。 ※タクシーでお越しの際に、当店裏口の方にご案内されてしまうことがございます。 お手数ではございますが、上記「オーチャードロード」沿いにご停車して頂けますよう、 乗務員の方にお伝え下さいませ。 神泉駅から605m","https://tblg.k-img.com/restaurant/images/Rvw/302727/640x640_rect_665d9d391bc09e5014a365c61f87f79c.jpg","初台SC"
"ら すとらあだ","3.78","312","58516","そば","中野坂上駅","\8,000～\9,999","-","https://tabelog.com/tokyo/A1319/A131903/13141774/","東京都中野区本町2-41-2","1640012","35.69581825867935","139.6804017245921","03-6276-8364","火・水・木・金 18:30 - 19:30 土 12:00 - 15:00 L.O. 14:00 月・日","","7席 （カウンター3席、テーブル(座卓)4席）","無","全席禁煙","予約可","Tabelog Award 2020 Bronze / そば 百名店 2025","無 近隣にコインパーキングあり","丸の内線・大江戸線 中野坂上駅3番出口 徒歩3分 中野坂上駅から212m","https://tblg.k-img.com/restaurant/images/Rvw/124349/640x640_rect_124349324.jpg","初台SC"
"中華寝台","3.78","215","19301","中華料理","神泉駅","\20,000～\29,999","-","https://tabelog.com/tokyo/A1303/A130301/13240037/","東京都渋谷区道玄坂2-23-13 渋谷デリタワー 2Ｆ","1500043","35.66011787870704","139.69614117422043","03-3476-6120","","不定休","10席 （カウンター10席）","無","全席禁煙","完全予約制","中国料理 百名店 2026","無","JR各線 渋谷駅 徒歩6分 京王井の頭線 神泉駅 徒歩6分 神泉駅から389m","https://tblg.k-img.com/restaurant/images/Rvw/194590/640x640_rect_a5ef19bf08863b42785d8900766099ea.jpg","初台SC"
"つけ麺 五ノ神製作所","3.77","5262","146739","つけ麺","新宿三丁目駅","\1,000～\1,999","\1,000～\1,999","https://tabelog.com/tokyo/A1304/A130401/13120708/","東京都渋谷区千駄ヶ谷5-33-16 シャトレー新宿御苑第一 1F","1510051","35.687359868692205","139.70387129449017","03-5379-0203","11:00 - 21:30 L.O. 21:00 営業時間・","","14席 （L字型カウンター14席）","無","全席禁煙","予約不可","ラーメン 百名店 2025","無 近隣にコインパーキングあり","JR新宿駅(新南口)より徒歩4分、 東京メトロ丸ノ内線または副都心線 新宿三丁目駅(E7出口)より徒歩3分。 新宿三丁目駅から399m","https://tblg.k-img.com/restaurant/images/Rvw/310800/640x640_rect_1061bff7db74a8848061fcb5b52aae2b.jpg","初台SC"
"麺屋 翔 本店","3.77","4516","120565","ラーメン","西武新宿駅","～\999","～\999","https://tabelog.com/tokyo/A1304/A130401/13040181/","東京都新宿区西新宿7-22-34","1600023","35.696602888684026","139.69661004458862","03-3364-5787","月・火・水・木・金 11:00 - 15:00 18:00 - 22:00 土・日・祝日 11:00 - 15:00 17:00 - 21:00","無休","18席 （カウンター席のみ）","無","全席禁煙","予約不可","ラーメン 百名店 2025","無","JR各線「新宿」駅(西口)から徒歩9分 都営大江戸線「新宿西口」駅(D3出口)から徒歩6分 西武新宿駅から319m","https://tblg.k-img.com/restaurant/images/Rvw/164433/640x640_rect_aa872e9593af8c94f28b82f9e83ebd75.jpg","初台SC"
"はやし","3.77","3447","112483","ラーメン","渋谷駅","-","\1,000～\1,999","https://tabelog.com/tokyo/A1303/A130301/13003367/","東京都渋谷区道玄坂1-14-9 ソシアル道玄坂 1F","1500043","35.657333737904025","139.69799148302923","03-3770-9029","月・火・木・金・土 11:30 - 15:30 水・日・祝日","","10席 （カウンターのみ）","無","全席禁煙","予約不可","ラーメン 百名店 2025","無 近くの有料駐車場：渋谷マークシティ駐車場210台収容ほか、近くに数台程度","京王井の頭線【渋谷駅】西口 徒歩２分 東京メトロ半蔵門線、東急田園都市線【渋谷駅】徒歩５分 ＪＲ山手線他【渋谷駅】ハチ公口・南口 徒歩６分 東京メトロ銀座線【渋谷駅】徒歩６分 東京メトロ副都心線、東急東横線【渋谷駅】徒歩８分 渋谷駅から360m","https://tblg.k-img.com/restaurant/images/Rvw/322306/640x640_rect_64b086b7b3204402a6a2a8c417d98888.jpg","初台SC"
"SOBA HOUSE 金色不如帰 新宿御苑本店","3.77","3022","121681","ラーメン/つけ麺","新宿御苑前駅","～\999","～\999","https://tabelog.com/tokyo/A1304/A130402/13222172/","東京都新宿区新宿2-4-1 第22宮廷マンション 1F","1600022","35.688793418692704","139.70830135450157","03-5315-4733","火・水・木・金・土 11:00 - 15:00 18:30 - 20:30 月・日","","10席 （カウンター6席／2人がけテーブル2卓）","無","全席禁煙 電子タバコもダメ","予約不可","ラーメン 百名店 2024","無 自転車やバイクも停められません","東京メトロ丸ノ内線新宿御苑前駅1番出口から徒歩3分 東京メトロ丸ノ内線、都営新宿線新宿三丁目駅C3出口から徒歩4分 JR新宿駅東口から徒歩9分 新宿御苑前駅から220m","https://tblg.k-img.com/restaurant/images/Rvw/144226/640x640_rect_144226529.jpg","初台SC"
"純手打ち 麺と未来","3.77","1970","71282","ラーメン","下北沢駅","～\999","～\999","https://tabelog.com/tokyo/A1318/A131802/13221486/","東京都世田谷区北沢3-25-1 シャトルヒエイ1F","1550031","35.663568166841934","139.66865073998272","","月・火・水・木・金 11:30 - 14:30 17:30 - 21:00 L.O. 20:45 土・日・祝日 11:30 - 17:00","不定休","7席 （カウンター7席）","無","全席禁煙","予約不可","ラーメン 百名店 2020","無","小田急・京王井の頭線【下北沢駅】中央口より徒歩3分 下北沢駅から266m","https://tblg.k-img.com/restaurant/images/Rvw/131351/640x640_rect_131351776.jpg","初台SC"
"メンドコロ キナリ","3.77","1836","49206","ラーメン/つけ麺","東中野駅","～\999","～\999","https://tabelog.com/tokyo/A1319/A131901/13221001/","東京都中野区東中野1-51-4 大総ビル 1F","1640003","35.70566353867495","139.68617157468748","03-6279-1273","月・火・木・金・土・日 11:30 - 14:30 18:00 - 21:00 L.O. 20:30 水","","11席 （カウンター4席、2名×1席、4名×1席、１名×1席）","無","全席禁煙","予約不可","Tabelog Award 2021 Bronze / ラーメン 百名店 2025","無","JR総武線 東中野駅 東口から徒歩1分 都営大江戸線 東中野駅 A1出入口から徒歩4分 東京メトロ東西線 落合駅 2b出入口から徒歩8分 東中野駅から226m","https://tblg.k-img.com/restaurant/images/Rvw/163238/640x640_rect_06fe42883befd96d2d54811f314c4ef9.jpg","初台SC"
"カタネベーカリー","3.77","1225","67170","パン/サンドイッチ","代々木上原駅","～\999","-","https://tabelog.com/tokyo/A1318/A131811/13020931/","東京都渋谷区西原1-7-5","1510066","35.673538308694035","139.6820428143659","03-3466-9834","火・水・木・金・土 07:00 - 15:00 日 07:00 - 14:00 月","","6席 （テラス２名×３、地下に姉妹店のカフェあり）","無","全席禁煙","予約可","パン 百名店 2022","無","小田急線・東京メトロ千代田線 代々木上原駅から徒歩約10分 京王新線幡ヶ谷駅から徒歩約10分 代々木上原駅から544m","https://tblg.k-img.com/restaurant/images/Rvw/88072/640x640_rect_88072810.jpg","初台SC"
"ヘンドリクス カリー バー","3.77","1006","48158","カレー/ダイニングバー/インドカレー","国立競技場駅","\1,000～\1,999","\1,000～\1,999","https://tabelog.com/tokyo/A1309/A130901/13007422/","東京都渋谷区神宮前2-13-2 ユハラアネックスビル　１Ｆ","1500001","35.674855068702904","139.7125101643578","03-3479-3857","月・火・水・木・金・土 11:30 - 14:30 18:00 - 22:00 日・祝日","","20席 （カウンター6席、テーブル14席）","無","全席禁煙 ランチタイムは禁煙","予約可","カレー 百名店 2026","無 店の前の道路にパーキングメーターあり","渋谷駅から早稲田行き都バス、目黒駅から千駄ヶ谷駅行き都バスで、「霞ヶ丘」停下車、すぐ。 原宿駅から歩いて15分 千駄ヶ谷駅から歩いて12分 外苑前駅から歩いて12分 北参道駅から10分 国立競技場駅から徒歩7分 国立競技場駅から594m","https://tblg.k-img.com/restaurant/images/Rvw/185973/640x640_rect_a6e45e4217d991a88824b0dafe5de6ca.jpg","初台SC"
"ヴィンチェロ","3.77","321","34241","イタリアン","新宿御苑前駅","\15,000～\19,999","-","https://tabelog.com/tokyo/A1304/A130402/13004299/","東京都新宿区新宿5-1-13 ＭＯＡビル 1F","1600022","35.69286688869142","139.71239829453987","03-5367-1967","18:00 - 23:00","不定休","20席","無","全席禁煙 禁煙ですが お店の前にベンチと灰皿をご用意しております","予約可","Tabelog Award 2021 Bronze / イタリアン 百名店 2025","無 近くにコインパーキングあり","新宿御苑・新宿3丁目より徒歩12分 タクシーの場合は東京医科大学前 新宿御苑前駅から495m","https://tblg.k-img.com/restaurant/images/Rvw/121003/640x640_rect_121003436.jpg","初台SC"
"ナスキロ","3.77","188","32906","ステーキ","新宿御苑前駅","\20,000～\29,999","-","https://tabelog.com/tokyo/A1304/A130402/13263017/","東京都新宿区新宿1-18-16 サンパーク花園 2F","1600022","35.68981723788792","139.7121986833474","非公開","火・水・金・土 16:00 - 23:00 月・木・日","","","無","全席禁煙","完全予約制","ステーキ・鉄板焼き 百名店 2024","無","新宿御苑前駅から189m","https://tblg.k-img.com/restaurant/images/Rvw/189101/640x640_rect_62875d07672197f8b4ab25516cf2e1b5.jpg","初台SC"
"風雲児 新宿本店","3.76","5191","126458","ラーメン/つけ麺","南新宿駅","～\999","～\999","https://tabelog.com/tokyo/A1304/A130401/13044091/","東京都渋谷区代々木2-14-3 北斗第一ビルB1F","1510053","35.686842937884855","139.69664818332825","03-6413-8480","11:00 - 15:00 17:00 - 21:00","なし","15席 （カウンター15席）","無","全席禁煙","予約不可","ラーメン 百名店 2025","無","都営地下鉄新宿線または京王新線「新宿」駅から徒歩2分 都営地下鉄大江戸線「新宿」駅から徒歩4分 JR各線「新宿」駅(南口または新南口)から徒歩6分 南新宿駅から411m","https://tblg.k-img.com/restaurant/images/Rvw/129647/640x640_rect_129647997.jpg","初台SC"
"茶亭 羽當","3.76","2130","87661","喫茶店/カフェ/ケーキ","渋谷駅","\1,000～\1,999","\1,000～\1,999","https://tabelog.com/tokyo/A1303/A130301/13001169/","東京都渋谷区渋谷1-15-19 二葉ビル 2F","1500002","35.660470037903565","139.7027849830576","03-3400-9088","11:00 - 23:00 L.O. 22:00 営業時間・","","50席 （カウンター10席、テーブル40席）","無","全席禁煙 入口脇に喫煙専用室あり。","予約不可","喫茶店 百名店 2026","無","渋谷駅東口より徒歩3分 渋谷駅から204m","https://tblg.k-img.com/restaurant/images/Rvw/271891/640x640_rect_44791d6876d3f14f85adc1da22b8099d.jpg","初台SC"
"カレーショップ初恋","3.76","1674","43140","カレー/バル/アジア・エスニック","神泉駅","-","\1,000～\1,999","https://tabelog.com/tokyo/A1303/A130301/13240190/","東京都渋谷区道玄坂1-17-11 ミナミビル B1F","1500043","35.65710753790378","139.69675028302785","03-6416-9503","月・水・木・金・土・日・祝日 11:00 - 19:30 L.O. 19:00 火","","13席 （カウンター７席、テーブル２名様×３（６名様まで同時着席可））","無","全席禁煙","予約不可","カレー 百名店 2026","無","渋谷駅から徒歩５分（道玄坂上交番前交差点より徒歩１分） 神泉駅から285m","https://tblg.k-img.com/restaurant/images/Rvw/224189/640x640_rect_77869d34909df0ca9eccdd6d6934369e.jpg","初台SC"
"ジュウニブンベーカリー 新宿店","3.76","1517","38011","パン/洋菓子","新宿駅","～\999","～\999","https://tabelog.com/tokyo/A1304/A130401/13220673/","東京都新宿区西新宿1-1-4 京王百貨店新宿店 中地階","1600023","35.69078274868867","139.69958220452776","03-3342-2111","月・火・水・木・金・土・祝前日・祝後日 10:00 - 20:30 日・祝日 10:00 - 20:00","","（テイクアウト専門店）","無","全席禁煙","予約不可","パン 百名店 2022","無","JR各線、京王線、小田急線、東京メトロ丸ノ内線、都営大江戸線 新宿駅（新宿西口駅）下車 徒歩5分 新宿駅から63m","https://tblg.k-img.com/restaurant/images/Rvw/283440/640x640_rect_c3e008f7f3f9c16d6e85b56c783f1203.jpg","初台SC"
"ブーランジェリー&カフェ マンマーノ","3.76","1405","69962","パン/カフェ/サンドイッチ","代々木上原駅","-","\1,000～\1,999","https://tabelog.com/tokyo/A1318/A131811/13059417/","東京都渋谷区西原3-6-5 MH代々木上原 1F","1510066","35.670208637890546","139.68134708317098","03-6416-8022","月・木・金・土・日・祝日・祝前日・祝後日 10:00 - 18:00 L.O. 17:30 火・水","","14席 （カウンター4席・テーブル6席、テラス4席）","無","分煙 2020年4月1日より受動喫煙対策に関する法律(改正健康増進法）が施行されており、最新の情報と異なる場合がございますので、ご来店前に店舗にご確認ください。","予約不可","パン 百名店 2022","無","小田急線・東京メトロ千代田線「代々木上原」北口2番出口 徒歩1分 京王線「幡ヶ谷」徒歩14分 代々木上原駅から199m","https://tblg.k-img.com/restaurant/images/Rvw/107815/640x640_rect_107815830.jpg","初台SC"
"エピタフカレー","3.76","1397","32542","カレー","新宿三丁目駅","\1,000～\1,999","\1,000～\1,999","https://tabelog.com/tokyo/A1304/A130401/13246903/","東京都新宿区新宿3-7-5 第2シグマビル B1F","1600022","35.69106813788517","139.70603418336435","","月・日 11:30 - 15:00 L.O. 料理14:30 水・木・金・土 11:30 - 15:00 L.O. 料理14:30 17:30 - 21:00 L.O. 料理20:30 火","","12席 （カウンターのみ）","無","全席禁煙","予約不可","カレー 百名店 2026","無 近隣にコインパーキングあり","東京メトロ丸ノ内線・副都心線、都営地下鉄新宿線 新宿三丁目駅C4出口より徒歩1分 JR新宿駅より徒歩7分 西武新宿線西武新宿駅より徒歩10分 新宿三丁目駅から105m","https://tblg.k-img.com/restaurant/images/Rvw/312960/640x640_rect_dae253743ec665119e5ff10cde4f935c.jpg","初台SC"
"支那蕎麦 澤田","3.76","1183","33940","ラーメン/つけ麺","新宿御苑前駅","\1,000～\1,999","\1,000～\1,999","https://tabelog.com/tokyo/A1304/A130402/13257218/","東京都新宿区新宿1-12-1","1600022","35.68861263788889","139.71275938333483","03-6822-6150","月・火・木・金 11:00 - 15:00 17:00 - 20:30 水・土 11:00 - 15:00 日","","10席 （カウンターのみ）","無","全席禁煙","予約不可","","無","新宿御苑前駅から185m","https://tblg.k-img.com/restaurant/images/Rvw/281673/640x640_rect_94b26fe41e27f205e19f795928ecd589.jpg","初台SC"
"ポークビンダルー食べる副大統領","3.76","1070","43150","インドカレー/カレー","神泉駅","\1,000～\1,999","\1,000～\1,999","https://tabelog.com/tokyo/A1303/A130301/13235448/","東京都渋谷区宇田川町41-26 パピエビル 2F","1500042","35.66274593789978","139.6954390830857","03-6427-0377","月・火・水・木・金・土・日 11:30 - 19:00 L.O. 18:30 祝日 11:30 - 17:00 L.O. 16:30","","5席 （カウンター5席）","無","全席禁煙","予約不可","カレー 百名店 2026","無 近隣にコインパーキングあり","JR渋谷駅ハチ公口から徒歩12分 神泉駅から628m","https://tblg.k-img.com/restaurant/images/Rvw/355316/640x640_rect_19ed12e0d719ded70b6fe6950ced1e25.jpg","初台SC"
"ビヤンネートル","3.76","913","64144","ケーキ/カフェ/かき氷","代々木上原駅","～\999","～\999","https://tabelog.com/tokyo/A1318/A131811/13113676/","東京都渋谷区上原1-21-10 上原坂の上21番館 1F","1510064","35.66824078869755","139.68252996431204","03-3467-1161","11:00 - 19:00 営業時間・","","10席 （カウンター2席、テーブル6席、1名席2席）","無","全席禁煙","予約可","スイーツ 百名店 2023","無","代々木上原駅より徒歩4分 代々木上原駅から270m","https://tblg.k-img.com/restaurant/images/Rvw/342319/640x640_rect_93bb9f358037ae71e88566c380af24c7.jpg","初台SC"
"テオブロマ 渋谷本店","3.76","830","36411","チョコレート/カフェ/ケーキ","代々木公園駅","\1,000～\1,999","\1,000～\1,999","https://tabelog.com/tokyo/A1318/A131810/13005471/","東京都渋谷区富ヶ谷1-14-9 グリーンコアＬ渋谷 1F","1510063","35.66653493789621","139.69177618312654","03-5790-2181","10:00 - 19:00 L.O. 18:15","年中無休","14席 （テーブル2席×7卓）","無","全席禁煙","予約不可","スイーツ 百名店 2023","無","東京メトロ千代田線代々木公園駅徒歩4分 小田急線代々木八幡駅徒歩6分 JR･東急東横線･東京メトロ･渋谷駅徒歩12分 渋谷ハチ公前からの行き方。 スクランブル交差点を渡りセンター街を進む。一本北側の筋である井の頭通りに入って西に進む。右にＮＨＫを見てさらに代々木公園になると程なく大きな交差点が見えてくる。交差点の１ブロック手前を左折し１ブロック進んだ右角。 代々木公園駅から272m","https://tblg.k-img.com/restaurant/images/Rvw/349509/640x640_rect_385401d37aa5e0cea53c89d984a15225.jpg","初台SC"
"リストランテ・ホンダ","3.76","573","38070","イタリアン","外苑前駅","\15,000～\19,999","\8,000～\9,999","https://tabelog.com/tokyo/A1306/A130603/13016590/","東京都港区北青山2-12-35 タートルストーン青山ビル 1F","1070061","35.670258253041055","139.71455217540506","03-5414-3723","火・水・木・金・土・日 12:00 - 15:30 L.O. 13:30 18:00 - 23:00 L.O. 21:00 月","月曜日","14席","無 テーブル席のみ","全席禁煙","予約可","イタリアン 百名店 2025","無","東京メトロ銀座線「外苑前駅」3番出口より徒歩5分 旧ベルコモンズを右折、2軒目のメガネ屋さん（masunaga 1905)を右折して１軒目 （ドイツの国旗のメガネ屋ではありません） 外苑前駅から293m","https://tblg.k-img.com/restaurant/images/Rvw/81097/640x640_rect_81097544.jpg","初台SC"
"ペルー料理 bepocah","3.76","521","47331","ペルー料理/中南米料理","明治神宮前駅","\8,000～\9,999","-","https://tabelog.com/tokyo/A1306/A130601/13153983/","東京都渋谷区神宮前2-17-6","1500001","35.67253645870362","139.71014267433605","03-6804-1377","月・火・水・木・金 18:00 - 23:00 土 17:00 - 22:00 日","","35席 （カウンター7席、テーブル28席）","無","全席禁煙","予約可","アジア・エスニック 百名店 2026","無 近くにコインパーキングあり","JR「原宿駅」竹下出口から徒歩9分。 東京メトロ千代田線「明治神宮前駅」エレベーター専用口から徒歩8分。竹下口から4分。 東京メトロ銀座線「外苑前駅」3番出口から徒歩9分。 明治神宮前駅から630m","https://tblg.k-img.com/restaurant/images/Rvw/309107/640x640_rect_905295389e46206dfb02900b994ab04e.jpg","初台SC"
"ル・パラン","3.76","253","24190","バー","新宿三丁目駅","\8,000～\9,999","-","https://tabelog.com/tokyo/A1304/A130401/13000988/","東京都新宿区新宿3-6-13 石井ビル　３Ｆ","1600022","35.69113338869043","139.70583503452693","03-3358-8432","月・火・水・木・金・土 17:00 - 01:00 L.O. ドリンク00:00 日・祝日","","10席","無","全席喫煙可 2020年4月1日より受動喫煙対策に関する法律(改正健康増進法）が施行されており、最新の情報と異なる場合がございますので、ご来店前に店舗にご確認ください。","予約不可","バー 百名店 2022","無","新宿三丁目駅から90m","https://tblg.k-img.com/restaurant/images/Rvw/209867/640x640_rect_361ec92c046bfeb6d968f28060c73861.jpg","初台SC"
"チニャーレエノテカ","3.76","252","48223","イタリアン","神泉駅","\40,000～\49,999","-","https://tabelog.com/tokyo/A1318/A131801/13189915/","東京都目黒区駒場1-5-11","1530041","35.655673937902286","139.68919128301863","03-3485-7371","","","","有","全席禁煙","予約可","イタリアン 百名店 2025","無","神泉駅から438m","https://tblg.k-img.com/restaurant/images/Rvw/359213/640x640_rect_7253cc968d29b1572a36b9d0ed2ac983.jpg","初台SC"
"礼讃","3.76","121","11980","日本料理","代々木八幡駅","\15,000～\19,999","-","https://tabelog.com/tokyo/A1318/A131810/13140787/","東京都渋谷区代々木5-9-9 カーサブリランテ代々木公園 1F","1510053","35.67100289869754","139.6879859443361","03-6416-8474","月・火・木・金 18:00 - 21:30 L.O. 料理18:30 土・日・祝日 18:00 - 21:00 L.O. 料理18:00 水","","9席 （カウンター5席／テーブル４席）","無","全席禁煙","予約可","","無","小田急小田原線【代々木八幡駅】徒歩３分 東京メトロ千代田線【代々木公園駅】徒歩４分 代々木八幡駅から175m","https://tblg.k-img.com/restaurant/images/Rvw/342278/640x640_rect_8a9c06c618b3fe796fa1106e2e15b401.jpg","初台SC"
"中華麺店 喜楽","3.75","4806","133400","ラーメン/餃子/中華料理","神泉駅","～\999","～\999","https://tabelog.com/tokyo/A1303/A130301/13001705/","東京都渋谷区道玄坂2-17-6","1500043","35.65904657870796","139.69687759420913","03-3461-2032","月・火・木・金・土・日 11:30 - 20:30 水","","27席 （1F:カウンター7席 2F:テーブル 3人×3卓・5人×1卓・6人×1卓）","無","全席禁煙","予約不可","ラーメン 百名店 2023","無 近くのコイン・パーキング：道玄坂2-26-1に62台収容ほか","【電車】 ◆京王井の頭線『神泉駅』より徒歩約7分 ◆JR山手線『渋谷駅』(ハチ公口)より徒歩約8分 【バス】 ◆京王バス 渋61号系統『東急百貨店本店前停留所』より徒歩約4分 神泉駅から355m","https://tblg.k-img.com/restaurant/images/Rvw/356121/640x640_rect_680df61e2b50533fb11b6db4d35c6557.jpg","初台SC"
"CAFE AALIYA","3.75","3319","124380","カフェ","新宿三丁目駅","\1,000～\1,999","\1,000～\1,999","https://tabelog.com/tokyo/A1304/A130401/13012089/","東京都新宿区新宿3-1-17 山本ビルＢ１Ｆ","1600022","35.690505368690495","139.70478110452132","03-3354-1034","月・火・水・木・金 09:00 - 20:30 L.O. 20:00 土・日 09:00 - 21:00 L.O. 20:30","","46席 （テーブル40席、カウンター6席）","無","全席禁煙","予約不可","カフェ 百名店 2025","無","東京メトロ新宿三丁目駅 A1出口より徒歩1分 JR新宿駅 中央東口より徒歩6分 新宿三丁目駅から41m","https://tblg.k-img.com/restaurant/images/Rvw/53183/320x320_rect_53183328.jpg","初台SC"
"ムルギー","3.75","2359","80711","カレー/インドカレー","神泉駅","\1,000～\1,999","-","https://tabelog.com/tokyo/A1303/A130301/13001732/","東京都渋谷区道玄坂2-19-2","1500043","35.65897895870791","139.69658967420864","03-3461-8809","月・火・水・木・土 11:30 - 15:00 17:00 - 21:00 金・日","","32席","無","全席禁煙","予約不可","カレー 百名店 2026","無 近隣にコインパーキングあり","京王井の頭線「渋谷駅」西口から徒歩4分 東京メトロ半蔵門線、東急田園都市線「渋谷駅」から徒歩5分 JR山手線・埼京線「渋谷駅」ハチ公口から徒歩7分 東京メトロ銀座線「渋谷駅」から徒歩8分 東京メトロ副都心線、東急東横線「渋谷駅」から徒歩9分 神泉駅から329m","https://tblg.k-img.com/restaurant/images/Rvw/178852/640x640_rect_8e4719d60e3154e37b089a998a436d0f.jpg","初台SC"
"追分だんご本舗 新宿本店","3.75","2120","48899","甘味処/和菓子/かき氷","新宿三丁目駅","\1,000～\1,999","-","https://tabelog.com/tokyo/A1304/A130401/13000836/","東京都新宿区新宿3-1-22 ＮＳＯビル　１Ｆ","1600022","35.69049836869069","139.70536496452084","03-3351-0101","月・火・水・木・金 12:00 - 18:00 L.O. 17:30 土・日・祝日 11:30 - 18:00 L.O. 17:30","","30席 （テーブル２席×１５）","無","全席禁煙","予約不可","和菓子・甘味処 百名店 2023","無","東京メトロ丸ノ内線・副都心線【新宿三丁目駅】徒歩２分 都営地下鉄新宿線【新宿三丁目駅】徒歩３分 ※地下通路Ｃ１地上口すぐ JR新宿駅東口 徒歩8分。 新宿三丁目駅から58m","https://tblg.k-img.com/restaurant/images/Rvw/195826/640x640_rect_303096773c2cb951396f56e177baa173.jpg","初台SC"
"カリーアップ","3.75","1227","37592","カレー","北参道駅","\1,000～\1,999","\1,000～\1,999","https://tabelog.com/tokyo/A1306/A130601/13103835/","東京都渋谷区神宮前2-35-9 原宿リビン 105","1500001","35.67461211319715","139.7077625388236","03-5775-5446","月・火・水・木・金・土 11:30 - 21:00 L.O. 料理20:30 日 11:30 - 20:30 L.O. 料理20:00 営業時間・","","20席 （カウンター6席、テーブル14席）","無","全席禁煙 店の入り口に喫煙スペースあり","予約可","カレー 百名店 2026","無 近隣にコインパーキングあり","東京メトロ副都心線北参道駅徒歩8分 JR山手線原宿駅徒歩10分 JR総武線千駄ヶ谷駅徒歩12分 北参道駅から533m 北参道駅から460m","https://tblg.k-img.com/restaurant/images/Rvw/302119/640x640_rect_d2e2ebc86680335fef50e93189f17f59.jpg","初台SC"
"牛すじカレー 小さなカレー家","3.75","1190","62335","カレー/カレーうどん","大久保駅","～\999","-","https://tabelog.com/tokyo/A1304/A130404/13048031/","東京都新宿区百人町1-24-10","1690073","35.69900912868284","139.69769009461217","080-3412-2114","月・火・水・木・金 11:00 - 14:30 土・日","","8席 （カウンターのみ）","無","全席禁煙","予約不可","カレー 百名店 2026","無 徒歩３分以内にコイン・パーキングあり","JR中央線 大久保駅 徒歩1分 JR山手線 新大久保駅 徒歩6分 大久保駅から167m","https://tblg.k-img.com/restaurant/images/Rvw/340738/640x640_rect_75a9c51078eca78f33679bfd054756e8.jpg","初台SC"
"クラム＆ボニート 貝節麺ライク","3.75","975","27855","ラーメン/つけ麺","方南町駅","～\999","～\999","https://tabelog.com/tokyo/A1319/A131903/13219341/","東京都杉並区方南2-21-21","1680062","35.68403793787433","139.65798858332704","03-5913-9119","月・日・祝日 11:00 - 14:45 18:00 - 21:00 火・水・木・金・土 11:00 - 14:45 18:00 - 21:30 営業時間・","","9席 （カウンター6席、テーブル3席）","無","全席禁煙","予約不可","ラーメン 百名店 2020","無","丸の内線方南町駅徒歩1分 方南町駅から68m","https://tblg.k-img.com/restaurant/images/Rvw/130253/640x640_rect_130253957.jpg","初台SC"
"マリーアイランガニー","3.75","968","37043","カレー/スリランカ料理","神泉駅","\1,000～\1,999","\1,000～\1,999","https://tabelog.com/tokyo/A1303/A130301/13166471/","東京都渋谷区宇田川町34-6 M&Iビル 5F","1500042","35.6612661587064","139.69639178423188","03-6455-3216","火・水・木・金・土・日 11:30 - 15:00 L.O. 14:30 18:00 - 23:00 L.O. 22:00 月","不定休","15席","無","全席禁煙","予約可","カレー 百名店 2026","無 近隣に有料駐車場有り","JR線渋谷駅からセンター街を通り抜け突き当たりの裏のビルです。 神泉駅から509m","https://tblg.k-img.com/restaurant/images/Rvw/26691/320x320_square_26691638.jpg","初台SC"
"パティシェリア","3.75","769","27503","ケーキ","新宿駅","\1,000～\1,999","-","https://tabelog.com/tokyo/A1304/A130401/13039063/","東京都渋谷区千駄ヶ谷5-24-2 新宿タカシマヤ B1F","1510051","35.68774477642999","139.70210879260418","03-5361-1111","10:30 - 19:30 不定休","","（テイクアウト専門）","無","全席禁煙","予約不可","スイーツ 百名店 2023","有","JR「新宿駅」新南口より徒歩1分。 都営新宿線・大江戸線、京王新線「新宿駅」より徒歩5分。 東京メトロ丸の内線・副都心線「新宿三丁目駅」より徒歩3分。（地下1階地下鉄口直結） 新宿駅から345m","https://tblg.k-img.com/restaurant/images/Rvw/182940/640x640_rect_3a878af74c6b29fe8b3550e5aee0713f.jpg","初台SC"
"濃厚ラーメン かなや","3.75","759","22460","ラーメン/台湾まぜそば/つけ麺","方南町駅","～\999","～\999","https://tabelog.com/tokyo/A1319/A131903/13218139/","東京都杉並区堀ノ内1-3-13 ライオンズプラザ方南町 1F","1660013","35.68467733787344","139.65647628333454","03-6383-1605","火・水・木・金・土 11:30 - 15:00 L.O. 14:45 18:00 - 21:00 L.O. 20:30 日 11:30 - 15:00 L.O. 14:45 月","","11席 （カウンター11席）","無","全席禁煙","予約不可","ラーメン 百名店 2021","無 駅近くなのでコインパーキングは多数有り","東京メトロ丸ノ内線 方南町駅 出口１より徒歩１分 方南町駅から170m","https://tblg.k-img.com/restaurant/images/Rvw/195162/640x640_rect_f28c7f96c8687c06f1e28ef6f975e016.jpg","初台SC"
"PRETTY PORK FACTORY & KATSUプリポー","3.75","752","26017","しゃぶしゃぶ/とんかつ/韓国料理","明治神宮前駅","\8,000～\9,999","\3,000～\3,999","https://tabelog.com/tokyo/A1306/A130601/13295369/","東京都渋谷区神宮前6-31-21 東急プラザ原宿ハラカド 506","1500001","35.668424947177506","139.70489861709638","03-6805-0290","月・火・水・木・金・土・日・祝日・祝前日・祝後日 11:00 - 16:00 L.O. 料理14:30 ドリンク15:00 17:00 - 23:00 L.O. 料理20:30 ドリンク21:30","","70席","有 （2人可、4人可、6人可、8人可、10～20人可） 半個室です","全席禁煙","予約可","すき焼き・しゃぶしゃぶ 百名店 2024","有 ハラカド駐車場","明治神宮駅 直通 明治神宮前駅から28m","https://tblg.k-img.com/restaurant/images/Rvw/241805/640x640_rect_02a3f92d76c32e11c92ff1e488b4dbd0.jpg","初台SC"
"けらら","3.75","724","29324","カレー/カフェ","新宿御苑前駅","\1,000～\1,999","\1,000～\1,999","https://tabelog.com/tokyo/A1304/A130402/13006680/","東京都新宿区富久町16-14 シティフラット富久町　１０２","1620067","35.691729708692215","139.7126188545282","03-3341-4181","火・水・木・金・土 11:30 - 14:45 月・日・祝日","","16席 （キッチン側カウンター11席、窓側カウンター5席）","無","全席禁煙","予約不可","カレー 百名店 2026","無 近隣にコインパーキングあり","丸の内線、新宿御苑前駅より５分 新宿御苑前駅から386m","https://tblg.k-img.com/restaurant/images/Rvw/167097/640x640_rect_f6cee48d0c51e04c34c9e18fd17e41ca.jpg","初台SC"
"麺屋海神 新宿店","3.74","4162","98442","ラーメン/丼","新宿駅","～\999","～\999","https://tabelog.com/tokyo/A1304/A130401/13045287/","東京都新宿区新宿3-35-7 さんらくビル　２Ｆ","1600022","35.68975193788478","139.70220458335376","03-3356-5658","月・火・水・木・金 11:00 - 15:00 16:30 - 23:30 土・祝日 11:00 - 23:30 日 11:00 - 23:00","不定休","16席 （カウンター6席、テーブル３卓１０席）","無","全席禁煙","予約不可","ラーメン 百名店 2020","無","JR新宿駅東南口 徒歩30秒 西武新宿線 西武新宿駅 徒歩7分 新宿駅から207m","https://tblg.k-img.com/restaurant/images/Rvw/49794/640x640_rect_49794866.jpg","初台SC"
"プレミアム マリオジェラテリア 新宿伊勢丹店","3.74","1530","20912","ジェラート/アイスクリーム/洋菓子","新宿三丁目駅","～\999","～\999","https://tabelog.com/tokyo/A1304/A130401/13012042/","東京都新宿区新宿3-14-1 伊勢丹新宿店 B1F","1600022","35.691362908689804","139.70432090453033","03-3351-2881","10:00 - 20:00","不定休","8席","無","全席禁煙","予約不可","アイス・ジェラート 百名店 2023","有","・都バス「伊勢丹前」下車すぐ ・東京メトロ丸ノ内線「新宿三丁目」駅 徒歩１分 ・副都心線「新宿三丁目」駅 徒歩２分 ・都営新宿線「新宿三丁目」駅 徒歩３分 ・JR 「新宿」駅 徒歩５分 ・小田急線「新宿」駅 徒歩７分 ・京王線「新宿」駅 徒歩７分 ・西武新宿線「西武新宿」駅 徒歩５分 ・都営大江戸線「新宿西口」駅 徒歩１０分 新宿三丁目駅から77m","https://tblg.k-img.com/restaurant/images/Rvw/15105/640x640_rect_15105325.jpg","初台SC"
"Ramen Afro Beats","3.74","1476","33139","ラーメン","新宿御苑前駅","\1,000～\1,999","\1,000～\1,999","https://tabelog.com/tokyo/A1304/A130402/13282860/","東京都新宿区新宿1-16-10","1600022","35.690020737887444","139.71109578335023","","月・火・水・木・金・土・日・祝日 11:00 - 14:30 17:00 - 21:00","なし","12席 （カウンターのみ）","無","全席禁煙","予約不可","","無","東京メトロ新宿御苑前駅より徒歩3分 新宿御苑前駅から159m","https://tblg.k-img.com/restaurant/images/Rvw/259228/640x640_rect_63c5d6524083a61a8c2b414d2d2322dd.jpg","初台SC"
"豚骨 蒼翔","3.74","779","21723","ラーメン/つけ麺","東高円寺駅","\1,000～\1,999","\1,000～\1,999","https://tabelog.com/tokyo/A1319/A131904/13297036/","東京都杉並区和田3-60-10","1660012","35.69750203867186","139.66021558462324","","月・水・木・金・土 11:00 - 15:00 17:00 - 21:00 L.O. 料理20:45 日 11:00 - 15:00 L.O. 料理14:55 17:00 - 21:00 L.O. 料","","11席 （カウンター10席 4人テーブル1卓）","無","全席禁煙","予約不可","","無","丸の内線東高円寺駅徒歩２分 東高円寺駅から207m","https://tblg.k-img.com/restaurant/images/Rvw/265429/640x640_rect_a42f736eadf4b120e165ba2de2c81048.jpg","初台SC"
"きんもち","3.74","744","21645","カレー","初台駅","～\999","～\999","https://tabelog.com/tokyo/A1318/A131807/13009223/","東京都新宿区西新宿3-9-1 西新宿ティーオービル 1F","1600023","35.68510762071411","139.6897677167265","","月・火・水・木・金 11:00 - 14:00 土・日・祝日","土曜","10席 （カウンター席のみです）","無","全席禁煙","予約不可","カレー 百名店 2026","無","京王新線初台駅東口徒歩7分 初台駅から488m","https://tblg.k-img.com/restaurant/images/Rvw/129447/320x320_rect_129447988.jpg","初台SC"
"イエンセン","3.74","672","28755","パン/ケーキ","代々木八幡駅","～\999","～\999","https://tabelog.com/tokyo/A1318/A131810/13007309/","東京都渋谷区元代々木町4-3","1510062","35.669972078697974","139.68730148432618","03-3465-7843","月・火・水・木・金・土 09:00 - 19:00 日・祝日","","","無","全席禁煙","予約不可","パン 百名店 2022","無","千代田線代々木公園駅1番出口徒歩３分 小田急線代々木八幡駅徒歩２分 代々木八幡駅から184m","https://tblg.k-img.com/restaurant/images/Rvw/242033/640x640_rect_d54e519ada848635c95bdbf7709b1108.jpg","初台SC"
"虎ノ門 岡埜榮泉 新宿タカシマヤ店","3.74","629","13056","和菓子/大福/どら焼き","新宿駅","～\999","-","https://tabelog.com/tokyo/A1304/A130401/13056538/","東京都渋谷区千駄ヶ谷5-24-2 新宿タカシマヤ B1F","1510051","35.68784865377621","139.70208406765263","03-5361-1111","10:00 - 19:30 営業時間・","","（なし）","無","全席禁煙","予約可","和菓子・甘味処 百名店 2023","有 タカシマヤの駐車場あり","JR「新宿駅」新南口より徒歩1分、 都営新宿線・都営大江戸線・京王新線「新宿駅」より徒歩5分。 東京メトロ副都心線「新宿三丁目駅」より徒歩3分。（地下1階地下鉄口直結） 新宿駅から335m","https://tblg.k-img.com/restaurant/images/Rvw/197270/640x640_rect_122e4d42fa4bd1d82f444b9f17d945ea.jpg","初台SC"
"産直屋 たか","3.74","529","72239","居酒屋/海鮮","神泉駅","\10,000～\14,999","\10,000～\14,999","https://tabelog.com/tokyo/A1303/A130301/13008327/","東京都渋谷区円山町12-2 ライオンズマンション渋谷 B1F","1500044","35.658521878707425","139.69415324420572","090-6163-9708","月・火・水・木・金・土・祝日・祝前日・祝後日 19:15 - 22:00 日 18:15 - 21:00","日曜日","17席 （カウンター１２名様小上がりテーブル席５名様）","無","全席禁煙 店舗前の喫煙場所・２０１２年７月より 消防法により 禁止となりました。喫煙者の皆様にはお手数お掛け致しますが 携帯灰皿 ご持参お願いします。","完全予約制","Tabelog Award 2020 Bronze / 居酒屋 百名店 2025","有 店舗目の前にコインパーキングあり","京王井の頭線【神泉駅】徒歩３分 東京メトロ半蔵門線・東急田園都市線【渋谷駅】徒歩８分 ＪＲ山手線【渋谷駅】徒歩10分 東京メトロ銀座線【渋谷駅】徒歩11分 神泉駅から146m","https://tblg.k-img.com/restaurant/images/Rvw/122304/640x640_rect_122304230.jpg","初台SC"
"USHIGORO S. SHINJUKU","3.74","476","27359","焼肉/日本料理/ステーキ","新宿三丁目駅","\20,000～\29,999","\15,000～\19,999","https://tabelog.com/tokyo/A1304/A130401/13268688/","東京都新宿区新宿3-17-10 HULIC & New SHINJUKU 11F","1600022","35.692122937883454","139.70277728337732","03-3341-1129","月・火・水・木・金 17:00 - 23:30 L.O. 料理21:00 土・日・祝日 12:00 - 15:00 L.O. 料理13:00 17:00 - 23:30 L.O. 料理21:00","","54席","有 （2人可、4人可、6人可、8人可）","全席禁煙 ※加熱式タバコ、電子タバコも含む","予約可","焼肉 百名店 2025","無","東京メトロ 丸の内線 新宿三丁目駅 B9出口0分 JR山手線 新宿駅 東口 3分 新宿三丁目駅から178m 新宿三丁目駅から238m","https://tblg.k-img.com/restaurant/images/Rvw/190764/320x320_rect_b7d7326518984bf03d6d4634485a1f76.jpg","初台SC"
"ラ・ファソン 古賀","3.74","361","34973","フレンチ/カレー","代々木上原駅","\20,000～\29,999","\6,000～\7,999","https://tabelog.com/tokyo/A1318/A131811/13155778/","東京都渋谷区上原1-32-5 ロイヤルテラス 1F","1510064","35.66883853789127","139.68087668315746","03-5452-8033","月・火・金・土・日・祝日・祝前日・祝後日 11:30 - 14:30 L.O. 料理13:00 ドリンク14:30 18:00 - 21:30 L.O. 料理20:00 ドリンク21:30 水・木","","22席 （カウンター6席 テーブル16席）","無 ※テーブル席貸切時は着席で16席、立食は応相談 ※ランチタイムに限り、お席の指定は承れません。","全席禁煙","予約可","Tabelog Award 2020 Bronze / フレンチ 百名店 2023","無","小田急小田原線 代々木上原南口1番出口 徒歩1分 東京メトロ千代田線 代々木上原南口1番出口 徒歩1分 代々木上原駅から108m","https://tblg.k-img.com/restaurant/images/Rvw/130667/640x640_rect_130667860.jpg","初台SC"
"L'Octave Hayato KOBAYASHI","3.74","195","27843","フレンチ","北参道駅","\10,000～\14,999","\8,000～\9,999","https://tabelog.com/tokyo/A1309/A130901/13186978/","東京都渋谷区千駄ヶ谷3-30-9 モデリアブリュット 101","1510051","35.67758803869963","139.70770915438882","03-5770-8827","","不定休","10席 （カウンター6席、テーブル4席）","無 大人4名様以上のご予約の場合は貸切料無料","全席禁煙","完全予約制","Tabelog Award 2022 Bronze / フレンチ 百名店 2025","無 徒歩圏内に多数コインパーキング有","東京メトロ副都心線 北参道駅２番出口 徒歩3分 大江戸線 国立競技場駅 徒歩8分 JR総武線 千駄ヶ谷駅 徒歩8分 JR山手線 代々木駅西口 徒歩8分 東京メトロ銀座線 外苑前駅３番出口 徒歩12分 ※北参道駅は急行は止まりませんので、お気をつけください。 北参道駅から211m","https://tblg.k-img.com/restaurant/images/Rvw/94121/640x640_rect_94121754.jpg","初台SC"
"リストランテ 濱崎","3.74","119","11204","イタリアン","明治神宮前駅","\20,000～\29,999","\15,000～\19,999","https://tabelog.com/tokyo/A1306/A130601/13270773/","東京都渋谷区神宮前1-5-3 東郷記念館 2F","1500001","35.671620537897724","139.70671608316746","03-5772-8520","火 18:00 - 23:00 L.O. 20:00 水・木・金・土 12:00 - 15:00 L.O. 料理13:00 ドリンク13:30 18:00 - 23:00 L.O. 20:00 月・日","","28席","有 ４名様以上８名様まで 個室料金 昼８０００円税込み 夜１００００円税込み","全席禁煙","予約可","イタリアン 百名店 2025","無","JR原宿 竹下口 徒歩５分 明治神宮前駅 ５番出口 ７分 明治神宮前駅から365m","https://tblg.k-img.com/restaurant/images/Rvw/212244/640x640_rect_ca82bc0fb7b9502f6f851af2499270bb.jpg","初台SC"
"らぁめん 満来","3.73","3754","95614","ラーメン/つけ麺","新宿西口駅","\1,000～\1,999","\1,000～\1,999","https://tabelog.com/tokyo/A1304/A130401/13000808/","東京都新宿区西新宿1-4-10","1600023","35.692978798686724","139.69788937455115","03-3340-2727","11:00 - 23:00 営業時間・","","15席 （カウンター席のみ）","無","全席禁煙","予約不可","","無 近隣にパーキングあり","「新宿」駅(西口)から徒歩５分です。 小田急ハルクの向かいの路地を進み右側 新宿西口駅から131m","https://tblg.k-img.com/restaurant/images/Rvw/52785/640x640_rect_52785864.jpg","初台SC"
"BERG","3.73","2883","76996","カフェ/ビアバー/パン","新宿駅","\1,000～\1,999","～\999","https://tabelog.com/tokyo/A1304/A130401/13004332/","東京都新宿区新宿3-38-1 ルミネエスト新宿店 B1F","1600022","35.69183733788306","139.70099188337568","03-3226-1288","07:00 - 23:00 L.O. 22:30","","45席 （立ち飲みカウンターとテーブル席）","無","全席禁煙","予約不可","カフェ 百名店 2025","有 新宿駅ビル・ルミネエストの地下駐車場などを利用","ＪＲ新宿駅東口改札から出て左へ（丸ノ内線方向へ） 徒歩15秒（150m） 丸ノ内線新宿駅改札(A9出口)からJR新宿駅方向へ 徒歩15秒（階段上ってすぐ右） 新宿駅から185m","https://tblg.k-img.com/restaurant/images/Rvw/240510/640x640_rect_50457359026ce368f2bab7ef16da902a.jpg","初台SC"
"みのりんご","3.73","1897","66471","カレー","原宿駅","～\999","～\999","https://tabelog.com/tokyo/A1306/A130601/13108716/","東京都渋谷区神宮前1-22-7 ウエストビル 1F","1500001","35.67252760870152","139.70353864434063","03-6447-2414","月・火・水・木・金 11:00 - 15:00 土・日・祝日 11:30 - 18:30 営業時間・","","13席 （カウンター11席／テーブル２席）","無","全席禁煙 11：30～14：00は禁煙（時間分煙）","予約不可","カレー 百名店 2026","無","ＪＲ山手線【原宿駅】竹下口 徒歩２分 東京メトロ千代田線【明治神宮前駅】徒歩６分 東京メトロ副都心線【明治神宮前駅】徒歩７分 原宿駅から288m","https://tblg.k-img.com/restaurant/images/Rvw/167325/640x640_rect_b07293fa7249779d2b379d9107a900dd.jpg","初台SC"
"ストリーマー コーヒーカンパニー SHIBUYA","3.73","1271","51813","カフェ","渋谷駅","～\999","～\999","https://tabelog.com/tokyo/A1303/A130301/13109635/","東京都渋谷区渋谷1-20-28 宮川ビル 1F","1500002","35.663463037902034","139.703938983087","03-6427-3705","08:00 - 20:00","不定休","56席 （テーブル28席（12人掛け長テーブル×1、2人掛けテーブル×8）、カウンター13席、店外テラス15席）","無","","予約不可","カフェ 百名店 2025","無","渋谷駅（徒歩7分） 明治神宮前駅（徒歩8分） 表参道駅(徒歩8分) 渋谷駅から544m","https://tblg.k-img.com/restaurant/images/Rvw/350040/640x640_rect_838be5fe75982c43754428975695944c.jpg","初台SC"
"イーグル","3.73","1009","63020","バー/ビストロ/バル","新宿西口駅","\5,000～\5,999","-","https://tabelog.com/tokyo/A1304/A130401/13000922/","東京都新宿区新宿3-24-11 セキネビル　Ｂ１Ｆ・Ｂ２Ｆ","1600022","35.69285463788261","139.70156458338556","03-3354-7700","17:00 - 23:30","","50席","無","全席禁煙","予約可","バー 百名店 2022","無","JRまたは地下鉄丸の内線新宿駅 東口から歩いて２分程度。アルタの裏の赤い看板が目印。 新宿西口駅から235m","https://tblg.k-img.com/restaurant/images/Rvw/125797/320x320_rect_125797843.jpg","初台SC"
"中華そば こてつ","3.73","989","38194","ラーメン/つけ麺","下北沢駅","～\999","～\999","https://tabelog.com/tokyo/A1318/A131802/13198320/","東京都世田谷区北沢2-39-13","1550031","35.664629058694686","139.66634308428686","03-5465-0044","月 11:30 - 15:00 L.O. 14:50 水・木・金・土・日 11:30 - 15:00 L.O. 14:50 17:00 - 21:00 L.O. 20:50 火","","8席 （カウンターのみ）","無","全席禁煙","予約不可","","無 自転車は店の真前のみ可","下北沢駅から356m","https://tblg.k-img.com/restaurant/images/Rvw/198149/640x640_rect_28d97c341f0aa4aa39684e7945f3dc4a.jpg","初台SC"
"シェフス","3.73","798","53993","中華料理","新宿御苑前駅","\10,000～\14,999","\1,000～\1,999","https://tabelog.com/tokyo/A1304/A130402/13000884/","東京都新宿区新宿1-24-1 藤和ハイタウン　１Ｆ","1600022","35.68974163386856","139.71420751349154","03-3352-9350","月・火・水・木・金・土 11:00 - 14:00 L.O. 13:45 17:30 - 22:00 L.O. 21:00 日・祝日","","20席 （テーブル20席）","無","全席禁煙","予約可","中国料理 百名店 2026","無 近隣にコインパーキングあり","メトロ丸ノ内線「新宿御苑前駅」 大木戸門出口より徒歩５分 新宿御苑前駅から339m","https://tblg.k-img.com/restaurant/images/Rvw/191357/640x640_rect_ed90e9bfbab0b01bdfa664def7735a8c.jpg","初台SC"
"DONSUKE BAKERY","3.73","666","27523","パン/サンドイッチ/ベーグル","東新宿駅","～\999","-","https://tabelog.com/tokyo/A1304/A130401/13020179/","東京都新宿区新宿7-13-3","1600022","35.698416737882056","139.71094488343513","03-3203-6671","","月曜日","（テイクアウトのみ）","無","全席禁煙","予約可","パン 百名店 2022","無","都営大江戸線・東京メトロ副都心線｢東新宿｣駅から徒歩4分。 東新宿駅から320m","https://tblg.k-img.com/restaurant/images/Rvw/13940/640x640_rect_13940672.jpg","初台SC"
"覆めん 花木","3.73","557","18178","ラーメン","東中野駅","\1,000～\1,999","\1,000～\1,999","https://tabelog.com/tokyo/A1319/A131901/13252274/","東京都中野区東中野1-31-8 井上ビル 1F","1640003","35.703977637869535","139.6827114835111","","火・水・木・金・土 11:00 - 14:30 17:00 - 19:45 日・祝日 11:00 - 17:00 月","","6席 （カウンターのみ）","無","全席禁煙","予約不可","","無","JR東中野駅西口、都営大江戸線東中野駅A1・A3出口を出て山手通りを南に徒歩3分 東中野駅から275m","https://tblg.k-img.com/restaurant/images/Rvw/181875/640x640_rect_1757b0f9ded0b90728a8c25a35a4a72d.jpg","初台SC"
"sio AOYAMA","3.73","416","42040","イタリアン/イノベーティブ/レストラン","表参道駅","\30,000～\39,999","\10,000～\14,999","https://tabelog.com/tokyo/A1306/A130602/13262762/","東京都港区北青山3-4-3 ののあおやま民活棟 2F","1070061","35.66759870870778","139.71336508428394","03-6804-5699","火・水・木・金・土・日・祝日・祝前日・祝後日 12:00 - 15:00 17:00 - 23:30 月","月曜日","14席 （テーブル席、カウンター席、半個室 ）","有 （6人可） 個室は半個室となります。","全席禁煙 建物内に喫煙スペースあり","完全予約制","","無","地下鉄表参道駅A3出口より徒歩7分 表参道駅から280m","https://tblg.k-img.com/restaurant/images/Rvw/275546/320x320_rect_0d7301d04c9d1d9e00a87919fa90e98e.jpg","初台SC"
"サンフォコン","3.73","213","16455","フレンチ/ビストロ/ジビエ料理","代々木上原駅","\15,000～\19,999","\8,000～\9,999","https://tabelog.com/tokyo/A1318/A131811/13140057/","東京都渋谷区西原3-5-3 小林ビル1F","1510066","35.66999273789071","139.68137948316877","070-4383-3567","","","12席 （空調故障のため6/30までテーブル席使用不可。最大時 カウンター8席、テーブル席2卓ございます。）","無","全席禁煙","予約可","フレンチ 百名店 2023","無 当店はワインとジビエのお店です。自転車やお車でのご来店はご遠慮ください","小田急線「代々木上原駅」北口2より徒歩2秒 改札を出て正面のエスカレーターで下の階に降り、まっすぐ進むと三菱UFJ銀行とサンマルクカフェさんがあります。 サンマルクカフェさんの裏の階段を下り、その横断歩道を渡ったところが当店のドアです。 代々木上原駅から186m","https://tblg.k-img.com/restaurant/images/Rvw/350089/640x640_rect_e46e9264ba8ba0028358197350b5e1a9.jpg","初台SC"
"竹ノ下そば","3.73","130","10606","そば","原宿駅","\20,000～\29,999","\5,000～\5,999","https://tabelog.com/tokyo/A1306/A130601/13286285/","東京都渋谷区神宮前1-20-12","1500001","35.6716974387023","139.70432968433164","03-6447-1032","火・水・木・金・土・日 11:30 - 15:00 L.O. 14:30 月","","14席 （カウンター4、テーブル10）","無","全席禁煙","予約可","そば 百名店 2025","無","原宿駅から徒歩2分 原宿駅から249m","https://tblg.k-img.com/restaurant/images/Rvw/353593/640x640_rect_6dddc19b9fc39b97cb16d78d5f7d554b.jpg","初台SC"
"ガンジー","3.72","4290","99970","カレー","新宿三丁目駅","\1,000～\1,999","\1,000～\1,999","https://tabelog.com/tokyo/A1304/A130401/13000880/","東京都新宿区新宿3-17-21 新三ビル 2F","1600022","35.6919119686892","139.70350410453642","03-3352-8055","月・火・水・木・金・土・日・祝日 11:30 - 21:00 L.O. 20:30 12/31 11:30?16:30営業 1/1 休業 1/2?通常営業","","16席 （2人席×4、カウンター8席）","無","全席禁煙","予約不可","カレー 百名店 2026","無","・東京メトロ丸ノ内線【新宿三丁目駅】B5出口より徒歩1分 ・各線【新宿駅】東口より徒歩5分 ・西武新宿線【西武新宿駅】より徒歩8分 新宿三丁目駅から172m","https://tblg.k-img.com/restaurant/images/Rvw/246703/640x640_rect_38d0e5e4500b02c5e13e7d415239e53a.jpg","初台SC"
"Paul Bassett 新宿","3.72","2408","94009","カフェ/ケーキ/パン","西新宿駅","～\999","～\999","https://tabelog.com/tokyo/A1304/A130401/13026041/","東京都新宿区西新宿1-26-2 新宿野村ビル B1F","1600023","35.692838337880566","139.6951130833899","03-5324-5090","月・火・水・木・金 07:30 - 20:00 L.O. 19:30 土・日・祝日 09:00 - 20:00 L.O. 19:30","","58席","無","全席禁煙","予約可","カフェ 百名店 2025","有","東京メトロ丸ノ内線【西新宿駅】徒歩４分 ＪＲ中央線他【新宿駅】西口 徒歩７分 京王本線、小田急小田原線【新宿駅】徒歩８分 都営地下鉄新宿線【新宿駅】徒歩９分 西新宿駅から255m","https://tblg.k-img.com/restaurant/images/Rvw/44603/640x640_rect_44603593.jpg","初台SC"
"麺家 たいせい","3.72","2022","53244","ラーメン","中野坂上駅","～\999","～\999","https://tabelog.com/tokyo/A1319/A131903/13282456/","東京都中野区中央2-2-1 ベル中野坂上","1640011","35.69724777867904","139.6822618646052","03-3227-6062","11:00 - 20:00","","14席 （カウンターのみ）","無","全席禁煙 外で並ばれているお客様も禁煙になります。","予約不可","","無 近隣にコインパーキングあり","中野坂上駅徒歩1分 中野坂上駅から21m","https://tblg.k-img.com/restaurant/images/Rvw/362282/640x640_rect_02e906d3724984fa48173902206af829.jpg","初台SC"
"千里眼","3.72","1854","58454","ラーメン","東北沢駅","～\999","～\999","https://tabelog.com/tokyo/A1318/A131811/13099150/","東京都目黒区駒場4-6-8 佐藤ビル　1F","1530041","35.66402184869895","139.67849992427224","03-3481-5773","月・火・木・金・土・日 11:00 - 15:00 17:00 - 21:00 水","","12席 （カウンターのみ）","無","全席禁煙","予約不可","","無 お店から東北沢方面100m先右手CP30台位、東大駒場リサーチキャンパス東側沿いの通りにCP10台有り","・小田急線小田原線「東北沢」駅(東口)より、徒歩８分 ・京王井の頭線「駒場東大前」駅または「池ノ上」駅より、徒歩10分 東急バス[渋55]バス停は駒場ﾘｻｰﾁｷｬﾝﾊﾟｽと代々木上原の中間辺り 東北沢駅から516m","https://tblg.k-img.com/restaurant/images/Rvw/159319/640x640_rect_159319327.jpg","初台SC"
"般゜若 PANNYA CAFE CURRY","3.72","1398","54934","カレー/インドカレー","下北沢駅","\1,000～\1,999","\1,000～\1,999","https://tabelog.com/tokyo/A1318/A131802/13215255/","東京都世田谷区北沢2-33-6 スズキビル1Ｆ","1550031","35.6630341586965","139.66883637426903","03-3485-4548","月・火 11:30 - 16:00 L.O. 15:30 木・金・土・日 11:30 - 16:00 L.O. 15:30 17:30 - 21:30 L.O. 21:00 水","水曜","21席 （カウンター3席、テーブル席ローチェア6人席×1・4人席×1・2人席×2、ハイチェア4人席×1）","無","全席禁煙","予約不可","カレー 百名店 2026","無 下北沢交番脇の路地を本多劇場方面に入り、ガラス店の角を右折するとコインパーキングがあります。","小田急線・京王井の頭線「下北沢」駅 中央口・東口から約250メートル 茶沢通りの下北沢交番、前方の一番街商店街を入り、共楽商事の角を左へ、こはぜ珈琲の角を左、 路地中ほどの右側です。「般ﾟ若」の壁看板があります。 下北沢駅から228m","https://tblg.k-img.com/restaurant/images/Rvw/188478/640x640_rect_400e50fb7367da68ee8ceeea662d9f51.jpg","初台SC"
"Paul Bassett 渋谷ヒカリエ内ShinQs 東横のれん街","3.72","1327","47296","カフェ/ケーキ/パンケーキ","渋谷駅","～\999","～\999","https://tabelog.com/tokyo/A1303/A130301/13140156/","東京都渋谷区渋谷2-21-1 渋谷ヒカリエ ShinQs by TOKYU DEPARTMENT STORE 東横のれん街 B2F","1500002","35.65874673790482","139.70325438303985","03-5468-3165","月・火・水・木・金・土 11:00 - 21:00 日・祝日 11:00 - 20:00","","37席","無","全席禁煙","予約不可","カフェ 百名店 2025","有 ヒカリエ駐車場をご利用ください","渋谷駅から１分。 渋谷駅から172m","https://tblg.k-img.com/restaurant/images/Rvw/134323/640x640_rect_134323904.jpg","初台SC"
"菱田屋","3.72","1293","94124","食堂/海鮮/とんかつ","駒場東大前駅","\1,000～\1,999","\1,000～\1,999","https://tabelog.com/tokyo/A1318/A131801/13010480/","東京都目黒区駒場1-27-12","1530041","35.65763585870535","139.68586358420256","03-3466-8371","月・火・水・木・金 11:30 - 14:00 L.O. 料理13:50 17:30 - 22:00 L.O. 料理21:30 土 17:30 - 22:00 L.O. 料理21:30 日・祝日","","26席 （カウンター4席、テーブル22席）","無","全席禁煙","予約不可","食堂 百名店 2026 / 定食 百名店 2021","無 近所にコインパーキング有り","駒場東大前駅東口から徒歩３分。 駒場東大前駅から210m","https://tblg.k-img.com/restaurant/images/Rvw/265808/640x640_rect_fe71e0af5f5622b0647ac3c8d1f3c6d5.jpg","初台SC"
"ゴントラン シェリエ 東京青山店","3.72","1067","43568","パン/カフェ","表参道駅","\1,000～\1,999","\1,000～\1,999","https://tabelog.com/tokyo/A1306/A130602/13260920/","東京都渋谷区神宮前5-51-8 ラ・ポルト青山 1F・2F","1500001","35.66280112870959","139.70948531423818","03-6450-6184","月・火・水・木・金・土・日・祝日・祝前日・祝後日 07:30 - 19:30","無休","48席 （1階テラス14席、2階34席）","有 （6人可） 2階個室あり（6名) 予約のみ","全席禁煙","予約不可","","無","東京メトロ表参道駅B2出口より徒歩3分 表参道駅から380m","https://tblg.k-img.com/restaurant/images/Rvw/185166/640x640_rect_953315b0a98455be24aa1656153ced6c.jpg","初台SC"
"チキュウ マサラ","3.72","940","26517","カレー","新宿三丁目駅","\1,000～\1,999","\1,000～\1,999","https://tabelog.com/tokyo/A1304/A130401/13248884/","東京都新宿区新宿3-11-12 永谷テイクエイト 2F","1600022","35.691673472885896","139.7067543691392","","火・水・木・金・土 11:30 - 15:30 L.O. 料理15:00 17:30 - 21:00 L.O. 料理20:30 日 11:30 - 15:30 L.O. 料理15:00 月","","6席 （カウンター6席）","無","全席禁煙","予約可","カレー 百名店 2026","無 近隣にコインパーキングあり","東京メトロ・都営地下鉄新宿三丁目駅C6出口徒歩1分 新宿駅徒歩15分 新宿三丁目駅から190m","https://tblg.k-img.com/restaurant/images/Rvw/362314/640x640_rect_4c6511b0ac9f94e069c339f622e8d6e9.jpg","初台SC"
"魚力","3.72","803","62974","食堂/海鮮/居酒屋","代々木公園駅","\1,000～\1,999","\1,000～\1,999","https://tabelog.com/tokyo/A1318/A131810/13012554/","東京都渋谷区神山町40-4","1500047","35.66477843870309","139.6930201442697","03-3467-6709","月・火・木・金・土 11:00 - 14:10 17:30 - 19:20 水 11:00 - 14:10 日・祝日","","40席 （１階カウンター席9席 ２階テーブル席25席）","無","全席禁煙","予約可","食堂 百名店 2026 / 定食 百名店 2021","無","小田急小田原線 代々木八幡駅から 徒歩10分 JR各線 渋谷駅から 徒歩12分 代々木公園駅から493m","https://tblg.k-img.com/restaurant/images/Rvw/244193/640x640_rect_5741c7e194030fc83ee54b871517f0ff.jpg","初台SC"
"アンセーニュダングル 原宿店","3.72","745","28853","喫茶店/カフェ","原宿駅","\1,000～\1,999","～\999","https://tabelog.com/tokyo/A1306/A130601/13007015/","東京都渋谷区千駄ヶ谷3-61-11 第二駒信ビル B1F","1510051","35.67371233789557","139.70409488319038","03-3405-4482","月・水・木・金・土・日 10:00 - 21:00 火","","40席","無","全席禁煙","予約可","喫茶店 百名店 2026","無","原宿駅から徒歩5分 原宿駅から429m","https://tblg.k-img.com/restaurant/images/Rvw/269063/640x640_rect_338ae5cb23d363365c2fba00e0871ce6.jpg","初台SC"
"BAKERY SASA","3.72","695","18671","パン","笹塚駅","～\999","～\999","https://tabelog.com/tokyo/A1318/A131808/13036943/","東京都渋谷区笹塚2-7-10 1F","1510073","35.67513238868886","139.66898205439114","03-3375-5805","月・木・金・土・日 08:00 - 19:00 水 10:00 - 17:00 火","火曜日","","無","全席禁煙","予約不可","パン 百名店 2022","無","笹塚駅 徒歩２分 笹塚駅から209m","https://tblg.k-img.com/restaurant/images/Rvw/355594/640x640_rect_46177f0a89318b9b66070c76026db9a8.jpg","初台SC"
"焼鳥今井","3.72","693","65493","焼き鳥","外苑前駅","\10,000～\14,999","-","https://tabelog.com/tokyo/A1306/A130603/13025995/","東京都渋谷区神宮前3-42-11 ローザビアンカ 1F","1500001","35.671830037899895","139.7139442831645","070-8397-7655","月・火・水・木・金 17:30 - 22:30 土・日","","13席","無 カウンター7席、テーブル席4名掛け1卓、2名掛け1卓 のご用意です。","全席禁煙 申し訳ございません。喫煙スペースのご用意がございません。","予約可","焼き鳥 百名店 2025 / 焼鳥 百名店 2022","無","東京メトロ銀座線 外苑前駅3番出口より徒歩6分 東京メトロ千代田線 表参道駅Ａ2番出口より徒歩10分 外苑前駅から384m","https://tblg.k-img.com/restaurant/images/Rvw/88170/640x640_rect_88170297.jpg","初台SC"
"ル・ルソール","3.72","583","28984","パン/洋菓子/サンドイッチ","駒場東大前駅","～\999","～\999","https://tabelog.com/tokyo/A1318/A131801/13268390/","東京都目黒区駒場3-11-6 桑野ビル 1F","1530041","35.65918291870333","139.6826223942205","03-3467-1172","火・水・木・金・土・日・祝日 09:00 - 17:00 月","月曜","","無","全席禁煙","予約不可","","無","京王電鉄 井の頭線 駒場東大前駅 西口 徒歩１分 駒場東大前駅から133m","https://tblg.k-img.com/restaurant/images/Rvw/365217/640x640_rect_e70ee61e5b3654c3e04ab47720899d96.jpg","初台SC"
"東新宿 サンラサー","3.72","533","42127","カレー","東新宿駅","-","\1,000～\1,999","https://tabelog.com/tokyo/A1304/A130401/13215551/","東京都新宿区新宿6-27-17 カノープス新宿 3Ｆ","1600022","35.69504963788311","139.70751088340356","","火・水・木・金 11:00 - 15:00 月・土・日・祝日","土日月","（立食6席→4席に変更(2020/6現在)立食5席(2022/6現在)）","無","全席禁煙","予約可","カレー 百名店 2026","無 近隣にコインパーキングあり","東京メトロ 副都心線 新宿三丁目駅 徒歩3分 都営地下鉄 大江戸線 東新宿駅 徒歩6分 ■バス 都営バス 宿74 日清食品 徒歩1分（75m） 都営バス 高71 東新宿駅 徒歩4分（320m） 都営バス 宿74 新宿五 徒歩5分（390m） 東新宿駅から318m","https://tblg.k-img.com/restaurant/images/Rvw/90706/320x320_rect_90706184.jpg","初台SC"
"食堂わた","3.72","369","40035","食堂","新宿御苑前駅","\10,000～\14,999","\1,000～\1,999","https://tabelog.com/tokyo/A1304/A130402/13301720/","東京都新宿区新宿1-19-11  クサマビル 1F","1600022","35.68980823508177","139.71302671911104","","月・火・水・木・金・土 18:00 - 22:00 日","","17席","無","全席禁煙","予約可","食堂 百名店 2026","無","新宿御苑前駅から247m","https://tblg.k-img.com/restaurant/images/Rvw/331185/640x640_rect_8a790b447deb51688056a6a56579949c.jpg","初台SC"
"青山 おとと","3.72","366","41390","海鮮/食堂/日本料理","外苑前駅","\8,000～\9,999","\2,000～\2,999","https://tabelog.com/tokyo/A1306/A130603/13277711/","東京都渋谷区神宮前3-1-28 B1F","1500001","35.669902045963944","139.71447994380532","03-6804-1914","月・火・水・木・金・祝日・祝前日・祝後日 12:00 - 14:30 L.O. 14:00 18:00 - 23:00 L.O. 料理21:30 ドリンク22:30 土 12:00 - 14:30 L","","26席 （カウンター席10席、テーブル席4名×3、半個室4名×1）","有 半個室あり","全席禁煙","予約可","","無","東京メトロ 外苑前駅より徒歩5分 東京メトロ 表参道駅より徒歩10分 外苑前駅から304m","https://tblg.k-img.com/restaurant/images/Rvw/361157/640x640_rect_caa13713f6a222c8fc5f719f814117c4.jpg","初台SC"
"ラジャ","3.72","282","12486","インド料理/インドカレー/カフェ","参宮橋駅","-","\1,000～\1,999","https://tabelog.com/tokyo/A1318/A131810/13009199/","東京都渋谷区代々木4-2-8 ピースビル　１Ｆ","1510053","35.678743037888935","139.6932900832488","03-5351-0833","土・日 12:00 - 16:00 月・火・水・木・金・祝日・祝前日・祝後日","","36席 （テーブル９卓）","無","全席禁煙","予約不可","アジア・エスニック 百名店 2024","無 近隣にコインパーキングあり","小田急線・参宮橋駅改札口出て徒歩10秒 参宮橋駅から37m","https://tblg.k-img.com/restaurant/images/Rvw/331415/640x640_rect_e97786ab026f21269eb1350e416dbbee.jpg","初台SC"
"カルーソー","3.72","182","18970","バー","新宿三丁目駅","\5,000～\5,999","-","https://tabelog.com/tokyo/A1304/A130401/13111408/","東京都新宿区新宿3丁目8-8 平田ビル 2F","1600022","35.69087193788551","139.70676768336187","03-3351-3585","月・火・水・木・金・土・祝日 18:00 - 01:00 日","祝日","10席 （カウンター６席、テーブル１卓４人掛け）","無","全席喫煙可 2020年4月1日より受動喫煙対策に関する法律(改正健康増進法）が施行されており、最新の情報と異なる場合がございますので、ご来店前に店舗にご確認ください。","予約不可","バー 百名店 2022","無","新宿３丁目、新宿 新宿三丁目駅から169m","https://tblg.k-img.com/restaurant/images/Rvw/210043/640x640_rect_a9950fb9f701824eb58bac460ecab1ca.jpg","初台SC"
"茂幸","3.72","73","9198","日本料理","代々木上原駅","\20,000～\29,999","-","https://tabelog.com/tokyo/A1318/A131807/13250288/","東京都渋谷区西原2-17-3","1510066","35.67314825400392","139.678737907989","03-6804-9428","18:00 - 22:30","不定休","12席 （カウンター8席/テーブル4席）","無","全席禁煙","予約可","日本料理 百名店 2025","無","東京メトロ千代田線・小田急小田原線 ／ 代々木上原駅(北口1) 徒歩6分 京王新線 ／ 幡ヶ谷駅(南口) 徒歩6分 小田急小田原線 ／ 東北沢駅(南口) 徒歩13分 代々木上原駅から466m","https://tblg.k-img.com/restaurant/images/Rvw/326364/640x640_rect_0bb9fa8fc1588d6f52f4cfab1409835f.jpg","初台SC"
"煮干中華そば 鈴蘭","3.71","3038","70847","つけ麺/ラーメン/油そば・まぜそば","新宿三丁目駅","～\999","～\999","https://tabelog.com/tokyo/A1304/A130401/13141542/","東京都新宿区新宿3-11-12 永谷テイクエイト 1F","1600022","35.691695237884986","139.7067229833702","03-3358-2958","11:00 - 23:00","無休","18席 （カウンター13席 テーブル1卓）","無","全席禁煙","予約不可","","無 店舗隣にコインパーキングあり","都営新宿線 新宿三丁目駅 徒歩2分 新宿三丁目駅から189m","https://tblg.k-img.com/restaurant/images/Rvw/350802/640x640_rect_c3d7983b56475cde80b5abdc0140f3a7.jpg","初台SC"
"らぁめん ほりうち 新宿本店","3.71","2474","55966","ラーメン/つけ麺","新宿西口駅","\1,000～\1,999","\1,000～\1,999","https://tabelog.com/tokyo/A1304/A130401/13042962/","東京都新宿区西新宿1-4-7 高野ビル1F","1600023","35.6929322786869","139.6983241545504","03-3348-5530","月・火・水・木・金・土 08:00 - 23:00 日 10:00 - 23:00","","15席 （カウンター15席）","無","全席禁煙","予約不可","","無","新宿駅西口から徒歩3分。 JR新宿駅西口改札を出たら小田急ハルク地下食料品館を目指して進み、そこには入らずにその手前の階段を上りB16出口を出たら左手に廻って進み100mほど先の右側。 新宿西口駅から103m","https://tblg.k-img.com/restaurant/images/Rvw/112143/640x640_rect_112143395.jpg","初台SC"
"東京ドミニカ","3.71","2077","49634","スープカレー/カレー","新宿三丁目駅","\1,000～\1,999","～\999","https://tabelog.com/tokyo/A1304/A130401/13124113/","東京都新宿区新宿3-31-1 第２大伸ビルB1F","1600022","35.69052953869035","139.70437823452184","03-6380-4644","月・火・水・木・金 11:30 - 15:30 L.O. 15:00 17:30 - 22:30 L.O. 22:00 土 11:30 - 22:30 L.O. 22:00 日・祝日 11:30 - ","不定休","20席 （カウンター4席、2人掛けテーブル席x8）","無","全席禁煙","予約不可","カレー 百名店 2026","無 近隣にコインパーキングあり","新宿三丁目A1出口から徒歩1分 新宿三丁目駅から60m","https://tblg.k-img.com/restaurant/images/Rvw/35792/640x640_rect_35792292.jpg","初台SC"
"中華そば 流川","3.71","1848","37631","ラーメン","新宿西口駅","\1,000～\1,999","\1,000～\1,999","https://tabelog.com/tokyo/A1304/A130401/13236258/","東京都新宿区西新宿7-9-15 新宿ダイカンプラザビジネス清田ビル 1F","1600023","35.6946867586858","139.69837201456806","03-5389-4033","11:30 - 23:00 L.O. 22:30 営業時間・","","10席 （カウンターのみ）","無","全席禁煙","予約不可","","無","新宿西口駅から140m","https://tblg.k-img.com/restaurant/images/Rvw/366931/640x640_rect_afde1d9ab9d773876f703491aee3fdca.jpg","初台SC"
"珈琲貴族エジンバラ","3.71","1755","53839","喫茶店/カフェ","新宿三丁目駅","\1,000～\1,999","\1,000～\1,999","https://tabelog.com/tokyo/A1304/A130401/13017217/","東京都新宿区新宿3-2-4 新宿M&Eスクエアビル 2F","1600022","35.69051001869098","139.7062971845203","03-5379-2822","月・火・水・木・金・土・日・祝日・祝前日・祝後日 24時間営業","","117席","無","分煙 喫煙席50席/67禁煙席席あり 2020年4月1日より受動喫煙対策に関する法律(改正健康増進法）が施行されており、最新の情報と異なる場合がございますので、ご来店前に店舗にご確認ください。","予約不可","喫茶店 百名店 2026","無","東京メトロ・都営新宿線 新宿三丁目駅 C4 徒歩1分 JR線 新宿駅東口 徒歩6分 西武新宿線 西武新宿駅南口 徒歩9分 新宿三丁目駅から132m","https://tblg.k-img.com/restaurant/images/Rvw/58570/640x640_rect_58570183.jpg","初台SC"
"amam dacotan 表参道店","3.71","1518","102399","パン/カフェ","表参道駅","\1,000～\1,999","\1,000～\1,999","https://tabelog.com/tokyo/A1306/A130602/13263952/","東京都港区北青山3-7-6","1070061","35.66454923790361","139.71106468309296","非公開","月・火・木・金・土・日・祝日 11:00 - 19:00 水","","7席","無","全席禁煙","予約可","","無","東京メトロ半蔵門線 表参道駅B2出口から徒歩1分 表参道駅から148m","https://tblg.k-img.com/restaurant/images/Rvw/163059/640x640_rect_4ec31d2e32699007e8d082e59bde6e88.jpg","初台SC"
"FUGLEN TOKYO","3.71","1361","69475","カフェ/バー/パン","代々木公園駅","～\999","～\999","https://tabelog.com/tokyo/A1318/A131810/13141002/","東京都渋谷区富ヶ谷1-16-11 1F","1510063","35.6666488387017","139.69242358428903","03-3481-0884","月・火 07:00 - 23:00 水・木・金・土・日 07:00 - 01:00 営業時間・","","23席","無","全席禁煙","予約不可","カフェ 百名店 2025","無","東京メトロ千代田線代々木公園駅出口2から徒歩5分 小田急線代々木八幡駅から徒歩7分 JR山手線原宿駅から徒歩10分 JR渋谷駅から徒歩20分 京王バス・都営バス 富ヶ谷バス停より徒歩約1分 京王バス 代々木公園駅バス停より徒歩約1分 代々木公園駅から281m","https://tblg.k-img.com/restaurant/images/Rvw/362933/640x640_rect_308d43f12abf7f2be2d94cea1f14336f.jpg","初台SC"
"時屋 新宿小田急ハルク店","3.71","1329","25222","甘味処/和菓子/喫茶店","新宿西口駅","～\999","～\999","https://tabelog.com/tokyo/A1304/A130401/13006696/","東京都新宿区西新宿1-5-1 新宿西口ハルク 1Ｆ","1600023","35.692528568687145","139.69828377454633","03-3342-2610","月・火・水・木・金・土・日 11:00 - 20:00 L.O. 19:30 祝日 11:00 - 20:00","不定休","41席 （テーブル２席×４ ３席 ４席×６ ６席）","無","全席禁煙","予約不可","和菓子・甘味処 百名店 2023","無","JR新宿駅西口から徒歩2分 地下鉄新宿駅B18番出口から徒歩2分 新宿西口駅から140m","https://tblg.k-img.com/restaurant/images/Rvw/284052/640x640_rect_5337a93e140298684cacf40229e13c67.jpg","初台SC"
"PRETTY PORK FACTORY","3.71","1100","57684","豚しゃぶ/韓国料理","西武新宿駅","\6,000～\7,999","\3,000～\3,999","https://tabelog.com/tokyo/A1304/A130401/13254601/","東京都新宿区歌舞伎町1-10-3 G3ビル 2F","1600021","35.69475793788186","139.70301258340376","03-3209-2929","月・火・水・木・金・祝前日・祝後日 12:00 - 15:00 L.O. 料理14:00 17:00 - 23:00 L.O. 料理21:00 土・日・祝日 12:00 - 23:00 L.O. 料理","","66席 （2名席×4、3名席×1、4名席×10、5名席×3）","有 （2人可、4人可、6人可、8人可） 半個室です","全席禁煙","予約可","すき焼き・しゃぶしゃぶ 百名店 2024","無 近くにコインパーキング多数あります","新宿駅東口から350m 徒歩4分 西武新宿駅から306m","https://tblg.k-img.com/restaurant/images/Rvw/167942/640x640_rect_2dfd6c3e3f3b7f4e6aaa73918e770f5c.jpg","初台SC"
"手打蕎麦 松永","3.71","675","51172","そば/日本酒バー","北参道駅","\2,000～\2,999","\1,000～\1,999","https://tabelog.com/tokyo/A1306/A130601/13024514/","東京都渋谷区神宮前2-19-12","1500001","35.67347312870302","139.7101293743455","03-3402-7738","月・火・水・木・金・土 11:30 - 14:00 日・祝日","","20席 （カウンター６席、４×３卓、２×１卓）","無","全席禁煙","予約不可","そば 百名店 2025","無","東京メトロ明治神宮前駅下車 徒歩10分。 明治通りを北上し、神宮前1丁目交差点をラストロード方面に右折し、 次の信号を北に曲がって、右手郵便局のさらに先の右手。 北参道駅から681m","https://tblg.k-img.com/restaurant/images/Rvw/125521/640x640_rect_125521444.jpg","初台SC"
"道しるべ","3.71","629","113075","焼き鳥","西武新宿駅","\6,000～\7,999","-","https://tabelog.com/tokyo/A1304/A130401/13101685/","東京都新宿区歌舞伎町1-3-7","1600021","35.694768138687444","139.70370193456512","090-1777-8101","月・火・木・金・土 18:00 - 01:00 水・日・祝日","","24席 （1階【カウンター8席、テーブル2席】 2階【座敷8人(相席)、座敷2人、座敷4人】）","無","全席禁煙 近場の無料喫煙所をご案内いたします。お声掛けください。","予約可","焼き鳥 百名店 2025 / 焼鳥 百名店 2022","無","西武新宿線「西武新宿駅」より、徒歩3分 東京メトロ 丸ノ内線「新宿駅」B13出口より、徒歩3分 都営地下鉄 大江戸線「新宿西口駅」D3出口より、徒歩4分 JR埼京線・湘南新宿ライン・中央・総武線各駅(停車)・中央線(快速)・山手線「新宿駅」東口より、徒歩5分 京王線「新宿駅」京王西口より、徒歩6分 小田急線「新宿駅」西口より、徒歩6分 西武新宿駅から361m","https://tblg.k-img.com/restaurant/images/Rvw/138644/640x640_rect_138644556.jpg","初台SC"
"イル プレージョ","3.71","546","51497","イタリアン","代々木上原駅","\10,000～\14,999","\8,000～\9,999","https://tabelog.com/tokyo/A1318/A131811/13147391/","東京都渋谷区上原1-17-7 フレニティハウス 2F","1510064","35.66894283789175","139.68254578315737","03-6407-1271","月・火・土・日 12:00 - 13:00 18:00 - 20:00 木・金 18:00 - 20:00 水","","10席","無","全席禁煙","予約可","Tabelog Award 2021 Bronze / イタリアン 百名店 2025","無 近隣にコインパーキング有","小田急線・千代田線 代々木上原駅より徒歩３分 代々木上原駅から257m","https://tblg.k-img.com/restaurant/images/Rvw/69693/640x640_rect_69693019.jpg","初台SC"
"BLAKES for JOURNEY","3.71","516","30155","カレー/ダイニングバー","北参道駅","\2,000～\2,999","\1,000～\1,999","https://tabelog.com/tokyo/A1306/A130601/13195491/","東京都渋谷区神宮前2-20-13 神宮前TNビル 2F","1500001","35.674502918702714","139.71123945435517","03-6721-0468","月・火・水・木・金・土・日・祝日・祝前日・祝後日 11:30 - 16:00 L.O. 15:45","","15席 （カウンター2席、テーブル13席）","無","全席禁煙","予約不可","カレー 百名店 2026","無","JR中央線千駄ヶ谷駅から徒歩10分 東京メトロ副都心線北参道駅出口2から徒歩9分 都営大江戸線国立競技場駅から徒歩9分 北参道駅から668m","https://tblg.k-img.com/restaurant/images/Rvw/149363/640x640_rect_149363822.jpg","初台SC"
"Convivio","3.71","488","46614","イタリアン/ワインバー/イノベーティブ","北参道駅","\20,000～\29,999","\8,000～\9,999","https://tabelog.com/tokyo/A1309/A130901/13149817/","東京都渋谷区千駄ヶ谷3-17-12 カミムラビル 1F","1510051","35.67592523789542","139.70803658320997","03-6434-7907","月・火・水・木・金・土・祝日 12:00 - 14:30 L.O. 料理12:30 ドリンク14:00 18:00 - 22:00 L.O. 料理19:00 ドリンク21:30 日 12:00 - 1","","20席 （7名様以上のご予約の場合はお電話にて直接予約をお願いいたします。）","有 （6人可、8人可） ■個室利用やホール貸切については、お電話でにてご相談ください。 ［ご利用最低金額］【昼】個室 3万? / ホール席貸切 16 万? / 完全貸切 ask 【夜】個室 8万? / ホール席貸切 35万? / 完全貸切 ask","全席禁煙","予約可","Tabelog Award 2020 Bronze / イタリアン 百名店 2025","無 近隣にコインパーキングあり","東京メトロ副都心線 北参道駅 2番出口 徒歩5分 JR中央・総武線 千駄ケ谷駅 徒歩9分 JR山手線 原宿駅 徒歩10分 北参道駅から350m","https://tblg.k-img.com/restaurant/images/Rvw/58953/640x640_rect_58953613.jpg","初台SC"
"すし岩瀬","3.71","269","15489","寿司","都庁前駅","\20,000～\29,999","\15,000～\19,999","https://tabelog.com/tokyo/A1304/A130401/13146391/","東京都新宿区西新宿3-4-1 福地ビル 1F","1600023","35.68610543788404","139.69257148332366","03-6279-0149","火・木・金 15:00 - 22:30 水 12:00 - 14:00 17:00 - 22:30 土 12:00 - 15:00 17:00 - 22:30 日 12:00 - 22:30 月","日曜日","10席","無","全席禁煙","予約可","寿司 百名店 2022","無","新宿駅より徒歩約10分 都庁前駅から500m","https://tblg.k-img.com/restaurant/images/Rvw/306304/640x640_rect_af18f5d64981441eadab0be4d7417e62.jpg","初台SC"
"ビストロ バー ア ヴァン コダマ","3.71","143","20998","ビストロ/フレンチ","渋谷駅","\10,000～\14,999","-","https://tabelog.com/tokyo/A1303/A130301/13254874/","東京都渋谷区渋谷1-6-4 せいこうビル 1F","1500002","35.660808528709616","139.70560670422077","03-5962-7726","月・火・水・木・金・土 18:00 - 22:30 L.O. 21:30 日","不定休","17席 （カウンター7席、テーブル12席）","無","全席禁煙","予約可","","無","JR渋谷駅 徒歩8分 東京メトロ渋谷駅 徒歩8分 京王井の頭線渋谷駅 徒歩11分 渋谷駅から431m","https://tblg.k-img.com/restaurant/images/Rvw/154606/640x640_rect_154606762.jpg","初台SC"
"らぁ麺 鳳仙花","3.70","2961","77616","ラーメン/つけ麺","新宿西口駅","\1,000～\1,999","\1,000～\1,999","https://tabelog.com/tokyo/A1304/A130401/13224521/","東京都新宿区歌舞伎町1-24-6","1600021","35.69443653788133","139.70069928340212","03-6273-9558","11:00 - 23:00 L.O. 22:45","無休","16席 （カウンターのみ）","無","全席禁煙","予約不可","","無 近くの有料駐車場：ハイジア駐車場248台収容、新宿東宝ビル157台収容、ほか","西武新宿線【西武新宿駅】徒歩１分 都営地下鉄大江戸線【新宿西口駅】徒歩４分 東京メトロ丸ノ内線【新宿駅】徒歩４分 ＪＲ中央線ほか【新宿駅】徒歩６分 新宿西口駅から171m","https://tblg.k-img.com/restaurant/images/Rvw/97462/640x640_rect_97462470.jpg","初台SC"
"挽肉と米 渋谷","3.70","1307","129566","ハンバーグ","渋谷駅","\1,000～\1,999","\1,000～\1,999","https://tabelog.com/tokyo/A1303/A130301/13257261/","東京都渋谷区道玄坂2-28-1 椎津ビル 3F","1500043","35.659318548708","139.69756299421138","03-6455-2959","11:00 - 15:00 17:00 - 21:00","","31席","無","全席禁煙","予約可","洋食 百名店 2025","無","渋谷駅ハチ公口から徒歩3分。 渋谷駅から347m","https://tblg.k-img.com/restaurant/images/Rvw/214281/640x640_rect_f9c53c7f0772b24725dba10e3600f5e3.jpg","初台SC"
"白一 渋谷店","3.70","1239","29852","ジェラート・アイスクリーム/ソフトクリーム/カフェ","渋谷駅","～\999","～\999","https://tabelog.com/tokyo/A1303/A130301/13049692/","東京都渋谷区神南1-7-7 アンドスビル2 1F","1500041","35.66413349870547","139.69919539425885","03-3461-5353","11:30 - 20:00 夏季は11時30分?20時 冬季は11時30分?19時","","5席 （イートイン用に3人掛けベンチと2人掛けベンチが置いてあります）","無","全席禁煙","予約不可","アイス・ジェラート 百名店 2023","無","JR山手線「渋谷」駅(ハチ公口)から徒歩9分 公園通りをＮＨＫ方面に向かい坂を登りきる少し手前の右側 渋谷ＣＣレモンホールを目標に向かうとわかりやすいです。 渋谷駅から600m","https://tblg.k-img.com/restaurant/images/Rvw/322715/640x640_rect_8f1befdd6f4e14314de517a045b3d38d.jpg","初台SC"
"THE ROASTERY BY NOZY COFFEE","3.70","1209","55241","カフェ/ドーナツ","明治神宮前駅","～\999","～\999","https://tabelog.com/tokyo/A1303/A130301/13161140/","東京都渋谷区神宮前5-17-13","1500001","35.66558103790095","139.70477468310781","03-6450-5755","月・火・水・木・金・土・日・祝日 10:00 - 20:00","","40席 （テラス席・カウンター含む）","無","全席禁煙","予約不可","カフェ 百名店 2025","無","・東京メトロ 明治神宮前 7番出口より 徒歩5分 ・東京メトロ 渋谷駅 13番出口より 徒歩15分 ・JR 原宿駅 より 徒歩15分 明治神宮前駅から336m","https://tblg.k-img.com/restaurant/images/Rvw/134781/640x640_rect_134781076.jpg","初台SC"
"自家焙煎珈琲 凡","3.70","1125","49764","喫茶店/カフェ/ケーキ","新宿西口駅","\3,000～\3,999","\3,000～\3,999","https://tabelog.com/tokyo/A1304/A130401/13000735/","東京都新宿区新宿3-23-1 都里一ビル B1F","1600022","35.69273213788243","139.70077808338485","03-3341-0179","13:00 - 18:00","無休","","無","全席禁煙","予約不可","喫茶店 百名店 2026","無","新宿駅東口正面。 アルタそば 新宿西口駅から177m","https://tblg.k-img.com/restaurant/images/Rvw/162384/640x640_rect_162384801.jpg","初台SC"
"スパイスバザール アチャカナ","3.70","1052","47610","インド料理/バー/インドカレー","新宿西口駅","\3,000～\3,999","\1,000～\1,999","https://tabelog.com/tokyo/A1304/A130401/13233798/","東京都新宿区西新宿7-12-23 松沢ビル 3F","1600023","35.69388108868588","139.69701857456087","03-6883-3652","火・水・木・金・土 11:30 - 14:30 17:00 - 22:00 月・日","","15席 （カウンター7席、テーブル8席）","無","全席禁煙 昼夜営業とも喫煙はご遠慮ください","予約可","アジア・エスニック 百名店 2026","無","新宿西口駅から194m","https://tblg.k-img.com/restaurant/images/Rvw/277927/640x640_rect_18a1e63dd0cb09125f16970e4b36f83e.jpg","初台SC"
"麺恋処 いそじ","3.70","1043","31291","ラーメン","南新宿駅","\1,000～\1,999","\1,000～\1,999","https://tabelog.com/tokyo/A1304/A130403/13041621/","東京都渋谷区代々木1-14-5","1510053","35.681275708694955","139.7003668244312","03-3378-6555","月・火・水・木・金 11:30 - 20:30 土 11:30 - 19:00 日・祝日","","9席 （カウンター席のみ）","無","全席禁煙 店の前に灰皿あります。","予約不可","","無 徒歩2分以内にコインパーキングあり","・JR山手線「代々木」駅(西口)より、徒歩４分 ・都営大江戸線「代々木」駅(A1出口)より、徒歩３分 南新宿駅から293m","https://tblg.k-img.com/restaurant/images/Rvw/53459/640x640_rect_53459501.jpg","初台SC"
"tonkatsu.jp 表参道","3.70","932","53393","とんかつ/食堂/揚げ物","表参道駅","\2,000～\2,999","\1,000～\1,999","https://tabelog.com/tokyo/A1306/A130602/13264557/","東京都港区北青山3-9-9 FNビル 1F","1070061","35.664433437903355","139.7099998830925","03-6427-4910","水・木・金 11:30 - 15:30 L.O. 15:00 17:30 - 21:00 L.O. 20:00 土・日・祝日 11:00 - 15:00 L.O. 14:30 17:00 - 21:0","","13席 （カウンター9席、テラス4席）","無","全席禁煙","予約可","とんかつ 百名店 2026","無 近くにコインパーキングがございますが台数は限られています。パラシオタワーや表参道ヒルズの駐車場のご利用をお勧めします。","[電車でお越しの場合]東京メトロ表参道駅B2出口から徒歩3分 [お車でお越しの場合]提携駐車場はございません。近くにコインパーキングがございますが台数は限られています。Aoビル、パラシオタワーや表参道ヒルズの駐車場のご利用をお勧めします。 表参道駅から242m","https://tblg.k-img.com/restaurant/images/Rvw/170640/640x640_rect_eb408dd98902d6f12fc784b081771ed9.jpg","初台SC"
"バンダラ ランカ","3.70","915","59836","スリランカ料理/カレー/カフェ","四谷三丁目駅","\5,000～\5,999","\2,000～\2,999","https://tabelog.com/tokyo/A1309/A130903/13227101/","東京都新宿区大京町12-9 アートコンプレックスセンター 1F","1600015","35.68431713789324","139.71792208328785","03-6883-9607","火・水・木・金・土・日 11:00 - 14:00 17:00 - 21:30 月","月曜日","24席","無","全席禁煙","予約可","アジア・エスニック 百名店 2026","無","JR総武線「信濃町」慶応大学病院方面出口 徒歩8分 東京メトロ丸ノ内線「四谷三丁目」1番出口 徒歩8分 都営大江戸線「国立競技場」A1出口 徒歩9分 四谷三丁目駅から473m","https://tblg.k-img.com/restaurant/images/Rvw/249749/640x640_rect_078d3e5ccf25be7957b65b71f9d9471a.jpg","初台SC"
"茶の池田や","3.70","885","18498","ソフトクリーム/カフェ/ジェラート・アイスクリーム","新宿駅","～\999","～\999","https://tabelog.com/tokyo/A1304/A130401/13049584/","東京都新宿区西新宿1-1 小田急エース 南館","1600023","35.69041893788325","139.6987663833629","03-3342-0506","10:00 - 22:00 営業時間・","","2席","無","全席禁煙","予約不可","アイス・ジェラート 百名店 2023","有","各線・地下鉄新宿駅西口徒歩2分（新宿駅西口地下街小田急エース内） 新宿駅から115m","https://tblg.k-img.com/restaurant/images/Rvw/223960/640x640_rect_aef053af10cc5ffca9d4a81e26e44725.jpg","初台SC"
"レティエ","3.70","810","33374","ソフトクリーム/カフェ/スイーツ","北参道駅","～\999","～\999","https://tabelog.com/tokyo/A1309/A130901/13188523/","東京都渋谷区千駄ヶ谷1-22-7 1F","1510051","35.67914206869899","139.70877608440375","03-6455-5262","月・火・水・金・土・日・祝日 12:00 - 18:00 木","","8席 （カウンター6席／テーブル2人掛け×1）","無","全席禁煙","予約不可","アイス・ジェラート 百名店 2023","無 近隣にコインパーキングあり","東京メトロ副都心線【北参道駅】徒歩６分 ＪＲ中央線【千駄ヶ谷駅】徒歩６分 都営地下鉄大江戸線【国立競技場駅】徒歩６分 北参道駅から302m","https://tblg.k-img.com/restaurant/images/Rvw/91676/320x320_square_91676726.jpg","初台SC"
"手打蕎麦 まるやま","3.70","439","26294","そば","代田橋駅","\2,000～\2,999","\2,000～\2,999","https://tabelog.com/tokyo/A1318/A131808/13053742/","東京都杉並区和泉1-2-3","1680063","35.6724052886875","139.6592809643704","03-3321-1478","月・火・金・土・日 11:30 - 14:15 L.O. 料理14:15 17:45 - 20:00 L.O. 料理20:00 水 11:30 - 14:15 L.O. 料理14:15 木","","20席 （テーブル20席）","無","全席禁煙","予約不可","そば 百名店 2025","無","京王線「代田橋駅」徒歩4分 代田橋駅から175m","https://tblg.k-img.com/restaurant/images/Rvw/146988/640x640_rect_146988490.jpg","初台SC"
"ささもと 新宿店","3.70","284","27032","もつ焼き/ホルモン","新宿西口駅","\2,000～\2,999","-","https://tabelog.com/tokyo/A1304/A130401/13000779/","東京都新宿区西新宿1-2-7 思い出横丁","1600023","35.692958618687264","139.6995319045498","03-3344-3153","月・火・水・木・金・土 15:30 - 23:00 L.O. 22:30 祝日 15:00 - 23:00 L.O. 22:30 日","日曜日","18席 （1F 18席・2F なし）","無","全席喫煙可 2020年4月から喫煙許可店となりました。ただし隣の人に一言お断りください。 2020年4月1日より受動喫煙対策に関する法律(改正健康増進法）が施行されており、最新の情報と異なる場合がございますので、ご来店前に店舗にご確認ください。","予約不可","","無","日曜日が定休日となりました。 思い出横丁真ん中の通り、ウッチャンさんの向かい、埼玉屋さんの隣です。 新宿駅西口徒歩３分 西武新宿駅徒歩５分 新宿西口駅から79m","https://tblg.k-img.com/restaurant/images/Rvw/132837/320x320_rect_132837048.jpg","初台SC"
"Yumanite","3.70","152","11020","フレンチ","代々木八幡駅","\20,000～\29,999","\20,000～\29,999","https://tabelog.com/tokyo/A1318/A131810/13264596/","東京都渋谷区上原1-1-20 JPビル 2F","1510064","35.66839363789367","139.6875282831483","03-5761-6513","月・火・水・木・金・土・日・祝日・祝前日・祝後日 12:00 - 14:00 18:00 - 23:00","","8席 （カウンターのみ）","無","全席禁煙","予約可","","無 近隣にコインパーキングあり","小田急線代々木八幡駅徒歩３分 千代田線代々木公園駅徒歩３分 代々木八幡駅から231m","https://tblg.k-img.com/restaurant/images/Rvw/293892/640x640_rect_8abbff94c12f0816fb0d6fa37cb79348.jpg","初台SC"
"ラーメンの店 ホープ軒 千駄ヶ谷店","3.69","3246","42221","ラーメン","国立競技場駅","\1,000～\1,999","\1,000～\1,999","https://tabelog.com/tokyo/A1309/A130901/13021239/","東京都渋谷区千駄ヶ谷2-33-9","1510051","35.67659879870177","139.71246010437545","03-3405-4249","24時間営業 営業時間・","","","無","全席禁煙","予約不可","","無 店舗周辺にパーキングメーターあり","JR千駄ヶ谷駅より徒歩8分 都営地下鉄国立競技場駅より徒歩5分 東京メトロ北参道駅より徒歩10分 国立競技場駅から414m","https://tblg.k-img.com/restaurant/images/Rvw/337019/640x640_rect_7a8c02a9289b75fd9e9c9d6c9ab3c8e6.jpg","初台SC"
"THE GREAT BURGER","3.69","3117","114795","ハンバーガー/パンケーキ/カフェ","明治神宮前駅","\2,000～\2,999","\1,000～\1,999","https://tabelog.com/tokyo/A1306/A130601/13042654/","東京都渋谷区神宮前6-12-5 1Ｆ","1500001","35.66623063790052","139.7046968831144","03-3406-1215","月・火・水・木・金 11:30 - 22:00 L.O. 21:30 土・日・祝日 11:00 - 22:00 L.O. 21:30","","50席 （テーブル席・ソファー席 46 カウンター席4）","無","全席禁煙 終日全席禁煙","予約可","ハンバーガー 百名店 2026","無 近隣にコインパーキング多数あり。","東京メトロ 明治神宮前駅より徒歩5分 (7番出口) JR 原宿駅より徒歩5分 (表参道口) 渋谷駅より徒歩10分 明治神宮前駅から265m","https://tblg.k-img.com/restaurant/images/Rvw/277035/640x640_rect_3d7789370fe23c8739aa7054ac8c3e8f.jpg","初台SC"
"うどん 慎","3.69","2618","134610","うどん","南新宿駅","\1,000～\1,999","\1,000～\1,999","https://tabelog.com/tokyo/A1304/A130401/13125862/","東京都渋谷区代々木2-20-16 相馬ビル1F","1510053","35.686497368690574","139.6970089644863","03-6276-7816","月・火・水・木・金・土・日・祝日・祝前日・祝後日 11:00 - 22:00","","12席 （カウンター６席、２～３人掛けテーブル１つ、３～４人掛けテーブル１つ）","無","全席禁煙","予約可","うどん 百名店 2024","無 店舗前に２台コインパーキング有","都営新宿線・京王新線・大江戸線 『新宿駅』※６番出口徒歩２分 ＪＲ各線【新宿駅】 新南口 徒歩6分 小田急小田原線『南新宿駅』 徒歩5分 南新宿駅から362m","https://tblg.k-img.com/restaurant/images/Rvw/151199/640x640_rect_151199070.jpg","初台SC"
"百日紅","3.69","2606","57475","つけ麺/ラーメン","新宿三丁目駅","\1,000～\1,999","\1,000～\1,999","https://tabelog.com/tokyo/A1304/A130401/13116353/","東京都新宿区新宿3-4-8 京王フレンテ新宿三丁目 B2F","1600022","35.69091100011275","139.70530102777232","03-6457-8564","月・火・水・木・金 07:00 - 23:00 L.O. 22:30 土 11:00 - 23:00 L.O. 22:30 日 11:00 - 21:00 L.O. 20:30","","12席 （カウンターのみ。）","無","全席禁煙","予約不可","","無","丸ノ内線新宿三丁目駅東側改札を出て、「C2」出口徒歩0分。 新宿三丁目駅から37m","https://tblg.k-img.com/restaurant/images/Rvw/148586/640x640_rect_148586504.jpg","初台SC"
"SHOGUN BURGER 新宿西口店","3.69","2483","96926","ハンバーガー/カフェ/ビアバー","新宿西口駅","\1,000～\1,999","\1,000～\1,999","https://tabelog.com/tokyo/A1304/A130401/13227776/","東京都新宿区歌舞伎町1-15-12 ピアットビル 1F","1600021","35.69408403788212","139.7024787833973","03-5273-4829","月・火・水・木・金・土 11:00 - 04:00 L.O. 03:30 日 11:00 - 23:00 L.O. 22:00","","24席","無","全席禁煙","予約不可","ハンバーガー 百名店 2026","無","東京メトロ丸ノ内線【新宿駅】徒歩４分 西武新宿線【西武新宿駅】徒歩４分 ＪＲ中央線他【新宿駅】東口 徒歩６分 都営地下鉄大江戸線【新宿西口駅】徒歩８分 新宿西口駅から309m 新宿西口駅から308m","https://tblg.k-img.com/restaurant/images/Rvw/179610/640x640_rect_64e5b5bba4284abcc25b94703e63055d.jpg","初台SC"
"ロクシタンカフェ SHIBUYA TOKYO","3.69","1774","39308","カフェ/スイーツ","渋谷駅","\2,000～\2,999","\2,000～\2,999","https://tabelog.com/tokyo/A1303/A130301/13225574/","東京都渋谷区道玄坂2-3-1 渋谷駅前ビル 2F･3F","1500043","35.65931963790337","139.69989888304798","03-5428-1563","10:00 - 23:00 L.O. 22:00","不定休","100席 （テーブル82席 カウンター18席）","無","全席禁煙","予約不可","カフェ 百名店 2025","無","各線渋谷 ハチ公口・マークシティ近く ※１Fロクシタンショップからご入店いただきます 渋谷駅から138m","https://tblg.k-img.com/restaurant/images/Rvw/356028/640x640_rect_0f9cad08d21fdd9d7754a2cf601a5b49.jpg","初台SC"
"ラーメン二郎 新宿歌舞伎町店","3.69","1596","15490","ラーメン/つけ麺","西武新宿駅","～\999","～\999","https://tabelog.com/tokyo/A1304/A130401/13200815/","東京都新宿区歌舞伎町2-37-5 日新ビル 1F","1600021","35.69612831868603","139.7019610445801","03-3205-1726","月・火・木・金・土・日・祝日 11:30 - 02:30 水","","14席 （カウンターのみ）","無","全席禁煙","予約不可","","無","西武新宿線【西武新宿駅】北口より徒歩1分 東京メトロ 丸ノ内線【新宿駅】B13出口より徒歩3分 都営地下鉄 大江戸線【新宿西口駅】D3出口より徒歩3分 西武新宿駅から169m","https://tblg.k-img.com/restaurant/images/Rvw/367240/640x640_rect_a0c1bf25aa5a8ff7b00102306ed1c8cb.jpg","初台SC"
"ホットスプーン 西新宿店","3.69","1290","27083","カレー","新宿駅","\1,000～\1,999","\1,000～\1,999","https://tabelog.com/tokyo/A1304/A130401/13198942/","東京都新宿区西新宿1-12-7 阿部ビル 2F","1600023","35.68953772868868","139.6971506745169","03-3345-1688","月・火・水・木・金・土・日・祝日・祝前日・祝後日 11:00 - 23:00 L.O. 22:50","","20席","無","全席禁煙","予約不可","カレー 百名店 2026","無 近隣にコインパーキングあり","都営地下鉄大江戸線新宿西口駅西口地上出入口S-2から徒歩3分 JR山手線・中央線新宿駅西口（安田口）から徒歩3分 都営地下鉄大江戸線都庁前駅S2出口から徒歩7分 西武新宿駅から徒歩15分 新宿駅から277m","https://tblg.k-img.com/restaurant/images/Rvw/363075/640x640_rect_64c776407f3e2564b6aa002597e8a4fb.jpg","初台SC"
"うさぎ","3.69","1116","53298","ラーメン/担々麺/汁なし担々麺","神泉駅","～\999","～\999","https://tabelog.com/tokyo/A1303/A130301/13041115/","東京都渋谷区神泉町8-13 アーガス霜田ビル 1F","1500045","35.65571133790363","139.693502283016","03-3464-4111","月・火・水・木・金 11:30 - 14:30 土・日・祝日","","10席 （カウンター１0席）","無","全席禁煙","予約不可","","無 近くのコイン・パーキング：神泉町9-14に40台収容、ほか","京王井の頭線 神泉駅 徒歩3分 京王井の頭線 渋谷駅 徒歩８分 東京メトロ半蔵門線、東急田園都市線 渋谷駅 徒歩９分 JR山手線他、東京メトロ銀座線・副都心線 東急東横線 渋谷駅 徒歩12分 神泉駅から175m","https://tblg.k-img.com/restaurant/images/Rvw/273222/320x320_rect_b1877343f6b75fc548afb2cda462be7b.jpg","初台SC"
"カフェ香咲","3.69","1096","65044","喫茶店/バー/パンケーキ","外苑前駅","\1,000～\1,999","\1,000～\1,999","https://tabelog.com/tokyo/A1306/A130601/13001955/","東京都渋谷区神宮前3-41-1","1500001","35.67121002870558","139.71367977432018","03-3478-4281","火・水・木・金・土・日 11:30 - 18:00 L.O. 17:30 月","月曜日","30席 （カウンターとテーブル席）","無","全席禁煙 2010年より完全禁煙化","予約不可","喫茶店 百名店 2026","無","地下鉄銀座線「外苑前」Ａ3出口から徒歩５分 外苑前駅から384m","https://tblg.k-img.com/restaurant/images/Rvw/306629/640x640_rect_edd3f61ffaa40ab5fdcd38d471b90344.jpg","初台SC"
"コチン ニヴァース","3.69","1085","53191","インド料理/インドカレー","西新宿五丁目駅","\1,000～\1,999","-","https://tabelog.com/tokyo/A1304/A130401/13056242/","東京都新宿区西新宿5-9-17 1F","1600023","35.6917486986837","139.6859176245471","03-5388-4150","月・水・木・金・土・日 11:30 - 14:30 L.O. 14:00 17:30 - 21:30 L.O. 21:00 火","","11席 （カウンター3席、テーブル8席（4人掛け×1、2人掛け×2））","無","全席禁煙","予約可","アジア・エスニック 百名店 2026 / カレー 百名店 2020","無","都営大江戸線「西新宿五丁目」駅A1出口より徒歩4分 JR新宿駅西口から徒歩15分 西新宿五丁目駅から251m","https://tblg.k-img.com/restaurant/images/Rvw/341162/640x640_rect_ce60076330cb3afa921ac88940099f61.jpg","初台SC"
"茶庭 然花抄院 渋谷ヒカリエ ShinQs店","3.69","978","31055","甘味処/かき氷/カフェ","渋谷駅","\1,000～\1,999","\1,000～\1,999","https://tabelog.com/tokyo/A1303/A130301/13140148/","東京都渋谷区渋谷2-21-1 渋谷ヒカリエShinQs 5F","1500002","35.65879113790474","139.70315238304036","03-6434-1517","11:00 - 21:00 L.O. 20:30 営業時間・","","44席","無","全席禁煙","予約不可","和菓子・甘味処 百名店 2023","有 渋谷ヒカリエ駐車場 3,000円以上で1時間、10,000円以上で2時間無料(8件まで合算可)","東急田園都市線、東京メトロ副都心線「渋谷駅」15番出口直結。 東急東横線、ＪＲ線、東京メトロ銀座線、京王井の頭線「渋谷駅」と2F連絡通路で直結。 渋谷駅から162m","https://tblg.k-img.com/restaurant/images/Rvw/195514/640x640_rect_8aaec61793427e6059b0a2e813be01b3.jpg","初台SC"
"小麦と肉 桃の木","3.69","934","42237","つけ麺","新宿御苑前駅","～\999","～\999","https://tabelog.com/tokyo/A1304/A130402/13098255/","東京都新宿区新宿1-32-4 エヌエスビル 1F","1600022","35.69052913788733","139.71175598335492","03-3341-0366","月・火・水・木・金・土 11:00 - 16:00 日","","11席","無","全席禁煙","予約不可","","無 近隣にコインパーキング多数。","東京メトロ丸の内線【新宿御苑前駅】2番口から 靖国通りに向かって徒歩4分 新宿御苑前駅から232m","https://tblg.k-img.com/restaurant/images/Rvw/157110/640x640_rect_157110384.jpg","初台SC"
"松阪牛 よし田","3.69","750","61524","すき焼き/しゃぶしゃぶ/鉄板焼き","初台駅","\20,000～\29,999","\1,000～\1,999","https://tabelog.com/tokyo/A1318/A131807/13188515/","東京都新宿区西新宿3-20-2 東京オペラシティタワー 53階","1600023","35.68279751868976","139.68710014445588","03-5358-5401","月・火・水・木・金・土・日・祝日・祝前日・祝後日 11:30 - 14:30 L.O. 14:00 17:30 - 22:00 L.O. 21:00","年中無休","105席","有 （4人可、6人可、8人可） 5,500円(サービス料別)の個室料をいただいております。 10名以上のご利用もご相談ください。","全席禁煙 近くに喫煙所がございます","予約可","すき焼き・しゃぶしゃぶ 百名店 2024","有 東京オペラシティ駐車場をご利用ください。","電車：京王新線「初台」駅 東口より徒歩１分 お車：首都高速４号新宿線「新宿ランプ」より５分 初台駅から155m","https://tblg.k-img.com/restaurant/images/Rvw/124439/640x640_rect_124439984.jpg","初台SC"
"カレーの店 八月","3.69","733","24588","カレー","下北沢駅","\1,000～\1,999","～\999","https://tabelog.com/tokyo/A1318/A131802/13246576/","東京都世田谷区北沢2-14-19","1550031","35.65946904869838","139.66763248423385","03-5787-6304","月・火・水・木 12:00 - 20:30 金 12:00 - 21:30 土 11:00 - 21:30 日 11:00 - 20:30","","9席","無","全席禁煙","予約不可","","無","下北沢駅から徒歩５分 下北沢駅から228m","https://tblg.k-img.com/restaurant/images/Rvw/131283/640x640_rect_131283234.jpg","初台SC"
"シノワ 渋谷店","3.69","696","35812","フレンチ/ワインバー","渋谷駅","\15,000～\19,999","\6,000～\7,999","https://tabelog.com/tokyo/A1303/A130301/13004621/","東京都渋谷区宇田川町28-4 Ａ２ビル　８Ｆ","1500042","35.660281368707594","139.69818869422065","03-5457-2412","月・火・水・木・金 18:00 - 02:00 L.O. 00:30 土 12:00 - 16:00 L.O. 14:30 18:00 - 02:00 L.O. 00:30 日・祝日 12:00 - ","無休","45席 （L字型カウンター7席、テーブル30席、半個室10席）","有 （2人可、4人可、6人可、8人可） 半個室となります【2?4名様】【5?10名様】お問い合わせください","全席禁煙 店内で喫煙スペースはございません。","予約可","","無","各線渋谷駅徒歩5分 ※東横線、副都心線渋谷駅は徒歩10分 渋谷駅から321m","https://tblg.k-img.com/restaurant/images/Rvw/66091/320x320_rect_66091752.jpg","初台SC"
"アヒルストア","3.69","612","102964","ビストロ/ワインバー/立ち飲み","代々木公園駅","\5,000～\5,999","-","https://tabelog.com/tokyo/A1318/A131810/13051357/","東京都渋谷区富ヶ谷1-19-4","1510063","35.665813778702116","139.69203463428084","03-5454-2146","月・火・木・金・土 15:00 - 21:00 水・日","水曜","7席 （カウンター7席）","無","全席禁煙","予約不可","Tabelog Award 2019 Bronze / ビストロ 百名店 2021","無","東京メトロ 千代田線 代々木公園駅 2番出口 徒歩6分 小田急線 代々木八幡駅 徒歩12分 代々木公園駅から356m","https://tblg.k-img.com/restaurant/images/Rvw/122305/640x640_rect_122305233.jpg","初台SC"
"セララバアド","3.69","533","47101","イノベーティブ/スペイン料理/フレンチ","代々木上原駅","\20,000～\29,999","\20,000～\29,999","https://tabelog.com/tokyo/A1318/A131811/13176914/","東京都渋谷区上原2-8-11 TWIZA上原　1F","1510064","35.66579843789425","139.6841918831244","03-3465-8471","","月曜日","16席 （カウンター2席 テーブル席14席）","無","全席禁煙 住宅街のため店鋪外でも、近隣では喫煙をお控え下さい。","完全予約制","Tabelog Award 2020 Bronze / 創作料理・イノベーティブ 百名店 2025","無 近隣にコインパーキングあり","代々木上原 代々木八幡 代々木公園 各駅から徒歩8分 代々木上原駅から541m","https://tblg.k-img.com/restaurant/images/Rvw/78305/320x320_rect_78305054.jpg","初台SC"
"麺屋 悠","3.69","513","14821","ラーメン","大久保駅","\1,000～\1,999","\1,000～\1,999","https://tabelog.com/tokyo/A1304/A130404/13196234/","東京都新宿区百人町1-23-11 土田ビル別館 1F","1690073","35.6996626186823","139.69729502461908","03-3365-5656","月・金・土 11:30 - 15:30 L.O. 15:00 火・水・木 11:30 - 14:30 L.O. 14:00 18:00 - 20:00 L.O. 19:30 日・祝日","","8席 （カウンター8席）","無","全席禁煙","予約不可","","無 近くに数台程度のコイン・パーキングが点在","ＪＲ中央線【大久保駅】南口 徒歩２分 西武新宿線【西武新宿駅】北口 徒歩６分 ＪＲ山手線【新大久保駅】徒歩７分 大久保駅から95m","https://tblg.k-img.com/restaurant/images/Rvw/182279/640x640_rect_aaf258e2984f49da798613a31a07d89d.jpg","初台SC"
"bricolage bread & co.","3.69","484","20612","パン","渋谷駅","～\999","-","https://tabelog.com/tokyo/A1303/A130301/13261267/","東京都渋谷区道玄坂1-12-1 渋谷東急フードショー しぶちか","1500043","35.65922547870906","139.70070295420823","03-3477-4457","10:00 - 21:00 営業時間・","","","無","全席禁煙","予約不可","","無","渋谷駅から65m","https://tblg.k-img.com/restaurant/images/Rvw/362961/640x640_rect_513a58ff267651be8f61e81819956db8.jpg","初台SC"
"鮨 利﨑 渋谷","3.69","446","41979","寿司/海鮮","代々木公園駅","\30,000～\39,999","-","https://tabelog.com/tokyo/A1303/A130301/13235258/","東京都渋谷区神山町8-2","1500047","35.66417583789839","139.69393498310123","03-5738-8293","月・火・水・木・金・土・日・祝日・祝前日・祝後日 18:00 - 23:00","","10席","無","全席禁煙","予約可","寿司 百名店 2025","無 近隣にコインパーキングあり","※Google map ですと裏口に案内されてしまいます。 宇田川遊歩道沿いが正面入口となります。 渋谷駅より徒歩13分 代々木公園駅より徒歩9分 神泉駅より徒歩12分 代々木公園駅から588m","https://tblg.k-img.com/restaurant/images/Rvw/115774/640x640_rect_115774353.jpg","初台SC"
"茶茶の間","3.69","343","37244","カフェ/野菜料理","明治神宮前駅","-","～\999","https://tabelog.com/tokyo/A1306/A130601/13043546/","東京都渋谷区神宮前5-13-14 表参道SKビル1F","1500001","35.66629132366269","139.70702603865013","03-5468-8846","木・金・土・日 13:00 - 16:30 月・火・水","","16席 （テ－ブル席）","無","全席禁煙","予約不可","カフェ 百名店 2025","無 近隣にコインパーキングあり","JR原宿駅、地下鉄明治神宮前駅、表参道駅より 徒歩１０分程度（少し判りにくい場所です） 都バス「表参道」下車 徒歩８分 明治神宮前駅から308m","https://tblg.k-img.com/restaurant/images/Rvw/185311/640x640_rect_8bee48c9ee150218479a537a9110d800.jpg","初台SC"
"デンクシフロリ","3.69","290","23891","創作料理","表参道駅","\15,000～\19,999","\10,000～\14,999","https://tabelog.com/tokyo/A1306/A130602/13251137/","東京都渋谷区神宮前5-46-7 GEMS青山CROSS B1F","1500001","35.6639332187087","139.70894289425001","03-6427-2788","火 18:30 - 22:00 水・木・金・土・日・祝日 12:00 - 15:00 18:30 - 22:00 月","月曜日","16席","無","全席禁煙","予約可","創作料理・イノベーティブ 百名店 2025","無","表参道駅から徒歩5分程度 表参道駅から351m","https://tblg.k-img.com/restaurant/images/Rvw/297334/640x640_rect_bd75d311d6a69785fbef2b1a11c688d5.jpg","初台SC"
"VANNO","3.69","184","8645","イタリアン/パスタ/ワインバー","初台駅","\10,000～\14,999","\8,000～\9,999","https://tabelog.com/tokyo/A1318/A131807/13219667/","東京都渋谷区本町2-28-4 サンエムマンションⅢ 101","1510071","35.6835455802992","139.6815840488699","03-6383-3427","月・木・金・土・日・祝日・祝前日・祝後日 11:30 - 15:00 L.O. 料理12:30 18:00 - 22:00 L.O. 料理19:30 火・水","","8席 （カウンター2席）","無 少人数での貸し切りが可能ですので、お店全体を個室としてお使い頂けます。 詳しくはお問い合わせください。","全席禁煙 店外に喫煙スペース有り","完全予約制","","無 近隣にコインパーキング有り","京王新線 初台駅(北口) 徒歩6分（560m） 初台駅から531m","https://tblg.k-img.com/restaurant/images/Rvw/323492/640x640_rect_c9e2c6917c9e1351964dfed89e594745.jpg","初台SC"
"オードヴィー","3.69","160","8701","バー","都庁前駅","\5,000～\5,999","-","https://tabelog.com/tokyo/A1304/A130401/13012013/","東京都新宿区西新宿2-7-2 ハイアット リージェンシー東京 3F","1600023","35.69103980868577","139.6910169445364","03-3348-1234","月・火・水・木 17:00 - 22:30 金 17:00 - 23:30 土 16:00 - 23:30 日 16:00 - 22:30","","79席 （ホール69席、カウンター10席）","無","全席禁煙","予約可","バー 百名店 2022","有 屋内415台 400円/30分 3000円以上のご利用の場合、3時間まで無料。 車イス用駐車場スペースをB3Fにご用意しております。","都営大江戸線都庁前駅徒歩3分 都庁前駅から154m","https://tblg.k-img.com/restaurant/images/Rvw/180007/640x640_rect_3413f058a34f3e3c9b960305a92e9d60.jpg","初台SC"
"マツシマ","3.69","113","21265","中華料理","代々木上原駅","\10,000～\14,999","-","https://tabelog.com/tokyo/A1318/A131811/13195689/","東京都渋谷区上原1-35-6 第16菊地ビル B1F","1510064","35.66948811869653","139.68181556432512","03-6416-8059","月・火・木・金・土・日 18:00 - 23:00 水","","11席 （カウンター4席、テーブル7席）","無","全席禁煙","予約可","中国料理 百名店 2026","無","小田急小田原線代々木上原駅南口から徒歩2分 代々木上原駅から198m","https://tblg.k-img.com/restaurant/images/Rvw/121103/640x640_rect_121103208.jpg","初台SC"
"啓蟄","3.69","109","11030","フレンチ/イノベーティブ","神泉駅","\30,000～\39,999","\10,000～\14,999","https://tabelog.com/tokyo/A1303/A130301/13286276/","東京都渋谷区松濤2-13-12","1500046","35.6592041379009","139.6918841830524","03-5738-8970","月・土・日 12:00 - 14:00 L.O. 料理12:00 18:00 - 22:00 L.O. 料理19:00 木・金 18:00 - 22:00 L.O. 料理19:00 火・水","","6席","無","全席禁煙","完全予約制","","無","渋谷駅から徒歩15分 神泉駅から徒歩7分 神泉駅から264m","https://tblg.k-img.com/restaurant/images/Rvw/217597/640x640_rect_405cb1a48497dc4de093f43877a7a972.jpg","初台SC"
"ハンバーグ ウィル","3.68","2914","165205","ハンバーグ/洋食/豚料理","新宿御苑前駅","\3,000～\3,999","\1,000～\1,999","https://tabelog.com/tokyo/A1304/A130402/13041176/","東京都新宿区新宿1-3-8 ＹＫＢ新宿御苑ビル 1F","1600022","35.688027118694386","139.7120419144912","03-3358-4161","月・火・水・木・金 11:30 - 15:00 L.O. 14:30 17:30 - 22:00 L.O. 21:00 土・日・祝日 11:00 - 15:00 L.O. 14:30 17:30 - ","","23席 （カウンター7席、テーブル16席(内テラス席6席)）","無","全席禁煙","予約可","洋食 百名店 2025","無","・地下鉄丸ノ内線新宿御苑駅 2番出口 徒歩2分 ・都営新宿線新宿三丁目駅 徒歩7分 *地上を出てすぐ左にある横断歩道を渡り、 右手に「丸亀製麺」 左手に「ターリー屋」のふたつのお店の間の道を直進し、 角を左に曲がった10メートル程先にあります。 新宿御苑前駅から136m","https://tblg.k-img.com/restaurant/images/Rvw/260596/640x640_rect_1582f6898fe1bd0c719e075f53a41861.jpg","初台SC"
"トラットリア タンタボッカ","3.68","1547","123098","イタリアン/パスタ/ステーキ","北参道駅","\8,000～\9,999","\1,000～\1,999","https://tabelog.com/tokyo/A1304/A130403/13058484/","東京都渋谷区千駄ヶ谷4-5-1 ニュー外苑ハイツ 1F","1510051","35.67965563789187","139.7042978832503","050-3187-6924","月・火・水・木・金 11:30 - 14:00 17:00 - 22:30 L.O. 料理21:30 ドリンク22:00 土 11:00 - 14:00 17:00 - 22:30 L.O. 料理21","","46席 （テーブル9席）","無","全席禁煙","予約可","イタリアン 百名店 2025","無 近隣にコインパーキング有。 近隣のご迷惑になるので路上駐車はご遠慮ください。","地下鉄副都心線北参道駅3番出口 徒歩1分 ＪＲ代々木駅西口 徒歩6分 ＪＲ原宿駅 竹下口 徒歩15分 ＪＲ中央線千駄ヶ谷駅 徒歩6分 北参道駅から185m","https://tblg.k-img.com/restaurant/images/Rvw/170458/640x640_rect_6358ed15ca9f3c6ec40ff6410c8db6c2.jpg","初台SC"
"Benoit Alain Ducasse","3.68","1356","69946","ビストロ/フレンチ","表参道駅","\10,000～\14,999","\5,000～\5,999","https://tabelog.com/tokyo/A1306/A130602/13019489/","東京都渋谷区神宮前5-51-8 ラ・ポルト青山 10F","1500001","35.662838237904204","139.70951498307673","03-6419-4181","11:30 - 15:30 L.O. 14:00 17:30 - 22:30 L.O. 20:30","年中無休","70席","無","全席禁煙 ビル内B1に喫煙スペースあり","予約可","ビストロ 百名店 2021","無","表参道駅B2出口から徒歩3分 表参道駅から375m","https://tblg.k-img.com/restaurant/images/Rvw/130294/640x640_rect_130294541.jpg","初台SC"
"オールシーズンズ コーヒー","3.68","1155","50574","カフェ","新宿御苑前駅","\1,000～\1,999","\1,000～\1,999","https://tabelog.com/tokyo/A1304/A130401/13187981/","東京都新宿区新宿2-7-7 寿ビル 1F","1600022","35.689805237886574","139.70792978335027","03-5341-4273","月・火・水・木・金・土・日・祝日・祝前日・祝後日 09:00 - 19:00 L.O. 18:30","","14席","無","全席禁煙","予約不可","カフェ 百名店 2025","無","新宿三丁目駅C8出口から徒歩3本 新宿御苑前駅から徒歩4分 新宿御苑前駅から285m","https://tblg.k-img.com/restaurant/images/Rvw/309121/640x640_rect_dc0595bdd2fb66784976517b7136ea83.jpg","初台SC"
"麺屋翔 みそ処","3.68","944","21686","ラーメン","西新宿駅","～\999","～\999","https://tabelog.com/tokyo/A1304/A130401/13266123/","東京都新宿区西新宿7-19-9","1600023","35.69537115868461","139.69600269457663","03-6277-2521","11:00 - 15:00 18:00 - 22:00 L.O. 21:45","","12席","無","全席禁煙","予約不可","","無","新宿駅から徒歩7分 西新宿駅から299m","https://tblg.k-img.com/restaurant/images/Rvw/191343/640x640_rect_cd56449a222c2f2677b1894817c09e87.jpg","初台SC"
"游玄亭 新宿","3.68","937","24963","焼肉/日本料理/韓国料理","西武新宿駅","\15,000～\19,999","\5,000～\5,999","https://tabelog.com/tokyo/A1304/A130401/13004152/","東京都新宿区歌舞伎町1-10-7 叙々苑ビル","1600021","35.69518103788164","139.70316988340792","03-5285-0089","月・火・水・木・金・土・日・祝日 11:30 - 03:00 L.O. 03:00 ランチタイム 月～金 11:30～16:00 土・日・祝日 11:30～14:30","","332席","有 （2人可、4人可、6人可、8人可、10～20人可、20～30人可、30人以上可） ※特別座敷個室をご利用の場合は別途、使用料(5%)を加算させていただきます。","全席禁煙 喫煙専用室あり","予約可","焼肉 百名店 2025","無","詳細は公式HPをご参照ください。 西武新宿駅から299m","https://tblg.k-img.com/restaurant/images/Rvw/279857/640x640_rect_34ac488b61f26eb29c785c64774cd7b2.jpg","初台SC"
"PARLA","3.68","868","52709","クレープ・ガレット","外苑前駅","-","\1,000～\1,999","https://tabelog.com/tokyo/A1306/A130603/13174527/","東京都渋谷区神宮前2-10-1","1500001","35.67380953789817","139.71242918318558","03-6804-3271","月・火・水・木・金・土・日・祝日・祝前日・祝後日 12:00 - 17:30 18:30 - 20:00 ＜6月の営業について＞ 22(月)、29(月)、30(火)はお休みとさせて頂きます。 ご不便、","","","無","全席禁煙","予約不可","スイーツ 百名店 2019","無","東京メトロ 外苑前駅より徒歩約10分 JR 千駄ヶ谷駅より徒歩約15分 都営バス 黒77系統 神宮前二丁目バス停より徒歩1分 （目黒、広尾、千駄ヶ谷より 毎時2本程度） 外苑前駅から618m","https://tblg.k-img.com/restaurant/images/Rvw/101972/640x640_rect_101972743.jpg","初台SC"
"エミリア","3.68","856","58151","イタリアン","北参道駅","\8,000～\9,999","\2,000～\2,999","https://tabelog.com/tokyo/A1306/A130601/13099554/","東京都渋谷区神宮前2-25-4 パストラーレ神宮前　１Ｆ","1500001","35.6742964187027","139.71078548435338","03-3402-5517","月・木・金・土・日 11:30 - 15:00 L.O. 14:30 17:30 - 22:30 L.O. 料理21:30 ドリンク22:00 火・水","","40席 （カウンター5席）","無","全席禁煙","予約可","イタリアン 百名店 2025","無 近隣にコインパーキング有り","明治神宮前駅、外苑前駅、北参道駅、国立競技場駅からそれぞれ徒歩で約15分。 また、お車でご来店される方はお店の隣にコインパーキングがございますので そちらを御利用下さい。 北参道駅から652m","https://tblg.k-img.com/restaurant/images/Rvw/152354/640x640_rect_152354454.jpg","初台SC"
"365日","3.68","836","30419","パン/ケーキ","代々木八幡駅","\1,000～\1,999","-","https://tabelog.com/tokyo/A1318/A131810/13263836/","東京都渋谷区富ヶ谷1-2-8","1510063","35.66978310869881","139.6895700843227","03-6804-7357","07:00 - 19:00 ［無休］ 営業時間・","","","無","全席禁煙","予約不可","","無","代々木八幡駅から24m","https://tblg.k-img.com/restaurant/images/Rvw/278372/640x640_rect_31fb8cdc7c8604c7af1111871286d029.jpg","初台SC"
"MISO HANAMICHI 本店","3.68","665","17531","ラーメン","北参道駅","\1,000～\1,999","\1,000～\1,999","https://tabelog.com/tokyo/A1304/A130403/13276694/","東京都渋谷区千駄ヶ谷3-26-7","1510051","35.67706096869999","139.7077922243834","03-5860-5670","月・火・水・木・金 11:00 - 21:45 土・日・祝日 11:00 - 20:45","","23席 （カウンター15席 テーブル2卓）","無","全席禁煙","予約不可","","無 近隣に有料のコインパーキング多数あり","東京メトロ 副都心線 北参道駅 徒歩3分 都営大江戸線 国立競技場駅 徒歩10分 JR 中央・総武線 千駄ヶ谷駅 徒歩7分 JR 山手線 原宿駅・代々木駅 徒歩12分 北参道駅から247m","https://tblg.k-img.com/restaurant/images/Rvw/185087/640x640_rect_0b71e6c84941bf072afe1f97f7af356f.jpg","初台SC"
"エシレ パティスリー オ ブール 東急フードショー エッジ店","3.68","651","10653","洋菓子","渋谷駅","-","\1,000～\1,999","https://tabelog.com/tokyo/A1303/A130301/13240780/","東京都渋谷区渋谷2-24-12 渋谷スクランブルスクエア 1F","1500002","35.65847269871004","139.70226993419953","03-6427-3635","10:00 - 21:00","","","無","全席禁煙","予約不可","","無 近隣に提携駐車場あり","渋谷駅から徒歩2分 渋谷駅から101m","https://tblg.k-img.com/restaurant/images/Rvw/308874/640x640_rect_78a09fe9e9be07307e46e6271b37b600.jpg","初台SC"
"Pizzeria LUMEN","3.68","604","77899","ピザ/イタリアン/パスタ","東新宿駅","\5,000～\5,999","-","https://tabelog.com/tokyo/A1304/A130401/13025499/","東京都新宿区歌舞伎町2-8-3 最上ビル新宿　１Ｆ","1600021","35.69498235868798","139.70580503456583","03-3205-1207","月・火・水・木・金 18:00 - 01:00 L.O. 00:00 土 18:00 - 00:00 L.O. 23:00 祝日 18:00 - 22:00 L.O. 21:00 日","日曜日","19席 （テーブル席14席、カウンター5席）","無","全席喫煙可 全席喫煙席の為、２０歳未満の御来店はお断りさせていただいております。 2020年4月1日より受動喫煙対策に関する法律(改正健康増進法）が施行されており、最新の情報と異なる場合がございますので、ご来店前に店舗にご確認ください。","予約可","ピザ 百名店 2025","無","西武新宿駅徒歩5分 東新宿駅から359m","https://tblg.k-img.com/restaurant/images/Rvw/153972/640x640_rect_153972522.jpg","初台SC"
"しゃけ小島 本店","3.68","580","58493","食堂/海鮮/居酒屋","代田橋駅","\2,000～\2,999","-","https://tabelog.com/tokyo/A1318/A131808/13095793/","東京都杉並区和泉1-3-15 めんそーれ大都市場内","1680063","35.67270727868695","139.65813397437424","03-6240-8409","水・木・金・土・日 17:00 - 23:00 L.O. 22:00 月・火","","19席 （カウンター7席 テーブル12席）","無","全席禁煙 店内は禁煙。店外に灰皿あり。","予約可","食堂 百名店 2026 / 定食 百名店 2021","無","京王線代田橋駅徒歩6分 代田橋駅から211m","https://tblg.k-img.com/restaurant/images/Rvw/243228/640x640_rect_9f0f9e85d9b04ca20a210bfda408bde4.jpg","初台SC"
"dough-ist","3.68","418","27713","パン","笹塚駅","\1,000～\1,999","-","https://tabelog.com/tokyo/A1318/A131808/13297804/","東京都渋谷区笹塚3-12-5 ホワイトハウス 1F","1510073","35.67868593868641","139.66837808442745","03-4400-4182","水・木・金・土・日・祝日 10:00 - 19:00 月・火","祝","","無","全席禁煙","予約不可","","無","笹塚駅から553m","https://tblg.k-img.com/restaurant/images/Rvw/365542/640x640_rect_5269653ebcd55db8dec98597e08e5556.jpg","初台SC"
"高麗亭","3.68","387","71326","焼肉","渋谷駅","\10,000～\14,999","-","https://tabelog.com/tokyo/A1303/A130301/13013023/","東京都渋谷区渋谷2-14-13 Ｂ１Ｆ","1500002","35.65940224871053","139.70564484420655","03-3406-7310","月・火・水・木・金 17:00 - 22:30 土 17:00 - 22:00 日","","","無","全席禁煙","予約可","焼肉 百名店 2025","無","渋谷駅から388m","https://tblg.k-img.com/restaurant/images/Rvw/94985/640x640_rect_94985873.jpg","初台SC"
"パン屋 塩見","3.68","364","21501","パン","南新宿駅","-","\1,000～\1,999","https://tabelog.com/tokyo/A1304/A130401/13253527/","東京都渋谷区代々木3-9-5","1510053","35.68359992869206","139.69592956445777","03-6276-6310","月・火・金・土・日 12:00 - 18:00 水・木","","（イートインあり）","無","全席禁煙","予約可","","無","小田急線 南新宿駅 徒歩5分 JR線 代々木駅 西口 徒歩10分 南新宿駅から250m","https://tblg.k-img.com/restaurant/images/Rvw/359469/640x640_rect_223b56eb6b201bbf4ed175626455d47e.jpg","初台SC"
"テアトロアッカ","3.68","262","21292","イタリアン/パスタ/ワインバー","神泉駅","\10,000～\14,999","-","https://tabelog.com/tokyo/A1303/A130301/13266141/","東京都渋谷区円山町25-7 1F","1500044","35.65589213790353","139.69356488301779","","月・水・木・金・土・日 18:00 - 00:00 L.O. 23:30 火","","20席 （テーブル10席（2×5席）、カウンター4席カウンター6席）","無","全席禁煙 外で喫煙可","","イタリアン 百名店 2023","無 近隣にコインパーキング有","井の頭線神泉駅から3分 渋谷駅から徒歩6分 神泉駅から154m","https://tblg.k-img.com/restaurant/images/Rvw/82747/640x640_rect_82747603.jpg","初台SC"
"京菓子 岬屋","3.68","219","13872","和菓子","駒場東大前駅","-","-","https://tabelog.com/tokyo/A1318/A131801/13007329/","東京都-渋谷区富ケ谷2-17-7","1510063","35.663542808701315","139.68499511426285","03-3467-8468","火・水・木・金・土 10:00 - 16:00 月・日・祝日","","","無","全席禁煙","予約可","和菓子・甘味処 百名店 2023","無","代々木八幡駅、代々木上原駅、駒場東大前駅、を頂点とする三角形の中心付近に位置する。東海大学前の小さな商店街から一本路地に入ったところ。 駒場東大前駅から540m","https://tblg.k-img.com/restaurant/images/Rvw/210549/640x640_rect_1a86c3344e0a11e494a404dfa00217a8.jpg","初台SC"
"モンスナック","3.67","1625","37776","カレー","新宿三丁目駅","\1,000～\1,999","\1,000～\1,999","https://tabelog.com/tokyo/A1304/A130401/13012067/","東京都新宿区新宿3-17-7 紀伊国屋ビル B1F","1600022","35.692140710347864","139.70298018450498","","月・火・水・木・金・土・日・祝日 11:00 - 22:00 L.O. 21:30","年中無休","22席 （カウンター１０席 テーブル２席×２ ８席）","無","全席禁煙","予約不可","","無","JR新宿東口より徒歩5分。 東京メトロ丸の内線新宿三丁目より徒歩2分。 地下道B7出口。紀伊國屋ビルB1。 西武新宿駅から徒歩6分。 新宿三丁目駅から224m","https://tblg.k-img.com/restaurant/images/Rvw/45628/640x640_rect_45628732.jpg","初台SC"
"新宿割烹 中嶋","3.67","1498","73030","日本料理","新宿三丁目駅","\15,000～\19,999","\1,000～\1,999","https://tabelog.com/tokyo/A1304/A130401/13000959/","東京都新宿区新宿3-32-5 日原ビル　Ｂ１Ｆ","1600022","35.69021124869044","139.70400934451888","03-3356-4534","火・水・木・金・土 11:30 - 14:00 17:30 - 21:00 月・日・祝日","","30席 （カウンター10席、個室5部屋）","有","全席禁煙","予約可","日本料理 百名店 2021","無","JR「新宿駅」南口/東口から徒歩３分 東京メトロ副都心線「新宿三丁目」駅 Ａ１出口徒歩2分。 またはE9出口エレベーターを出て、すき家の角の筋を入ると左手徒歩1分。 新宿三丁目駅から108m","https://tblg.k-img.com/restaurant/images/Rvw/145491/640x640_rect_145491484.jpg","初台SC"
"伊之瀬","3.67","1237","32058","つけ麺/ラーメン","南新宿駅","\1,000～\1,999","\1,000～\1,999","https://tabelog.com/tokyo/A1304/A130401/13300048/","東京都渋谷区代々木2-20-19 新宿東洋ビル 102","1510053","35.686616838690554","139.69721988448737","未開通","月・土 11:00 - 15:00 L.O. 15:00 17:30 - 21:00 火・水・木・金・日・祝日・祝前日・祝後日 11:00 - 15:00 L.O. 15:00 17:30 - 21:","","23席","無","全席禁煙","予約不可","","無","JR新宿駅南口から徒歩7分 JR新宿駅新南口から徒歩5分 都営大江戸線新宿駅から徒歩2分 南新宿駅から366m","https://tblg.k-img.com/restaurant/images/Rvw/308094/640x640_rect_991ba2875886fff6599847961bb765c4.jpg","初台SC"
"渋谷西村 フルーツパーラー 道玄坂店","3.67","1208","26298","フルーツパーラー/カフェ","渋谷駅","\1,000～\1,999","\1,000～\1,999","https://tabelog.com/tokyo/A1303/A130301/13001901/","東京都渋谷区宇田川町22-2 西村ビル　２Ｆ","1500042","35.65983173790304","139.69987678305313","03-3476-2002","月・火・水・木・金・土 10:30 - 21:00 L.O. 20:20 日・祝日 10:00 - 21:00 L.O. 20:20 12/31(火)～1/3(金)まで短縮営業となります。12/31は","","124席","無","全席禁煙","予約不可","","無","･JR他｢渋谷｣駅 ハチ公口より スクランブル交差点を渡って徒歩１分 渋谷駅から163m","https://tblg.k-img.com/restaurant/images/Rvw/364934/640x640_rect_a024f41b1fa48e4e5babc9b028febca7.jpg","初台SC"
"四川料理 龍の子","3.67","1163","71265","四川料理/担々麺/中華料理","明治神宮前駅","\8,000～\9,999","\1,000～\1,999","https://tabelog.com/tokyo/A1306/A130601/13001219/","東京都渋谷区神宮前1-8-5 メナー神宮前 B1Ｆ","1500001","35.67021093789856","139.70648258315336","03-3402-9419","月・火・水・木・金・土・祝日 11:30 - 15:00 L.O. 14:30 17:30 - 21:30 L.O. 料理20:30 ドリンク21:00 日","日曜","29席","有 （2人可、4人可、6人可、8人可） 個室貸し切りの場合は、４名様からご利用可能。 貸し切り料金別途税別10,000円いただきます。","全席禁煙","予約可","中国料理 百名店 2024","無","東京メトロ千代田線 明治神宮前駅(5番出口)より徒歩3分 JR山手線 原宿駅(竹下口)より徒歩5分 明治神宮前駅から217m","https://tblg.k-img.com/restaurant/images/Rvw/154836/640x640_rect_154836519.jpg","初台SC"
"とんかつ武信 代々木上原店","3.67","1146","47280","とんかつ/かつ丼","代々木上原駅","\1,000～\1,999","\1,000～\1,999","https://tabelog.com/tokyo/A1318/A131811/13024248/","東京都渋谷区西原3-1-7 ティーズプレイス 1F","1510066","35.67030698869631","139.6827839443327","03-3466-1125","火・水・木・金・土・日・祝日・祝前日・祝後日 11:30 - 15:00 L.O. 14:20 17:30 - 21:30 L.O. 20:50 月","月曜日","37席 （1階カウンター7席、2階テーブル5卓、小上がり席3卓）","無","全席禁煙","予約不可","とんかつ 百名店 2026","無","小田急線、地下鉄千代田線 代々木上原駅東口より徒歩約3分 代々木上原駅から313m","https://tblg.k-img.com/restaurant/images/Rvw/151481/640x640_rect_151481235.jpg","初台SC"
"?好","3.67","1046","137764","餃子","幡ケ谷駅","-","\2,000～\2,999","https://tabelog.com/tokyo/A1318/A131807/13001812/","東京都渋谷区西原2-27-4 升本酒店　２Ｆ","1510066","35.67524341869178","139.6783652843857","03-3465-0747","火・水・木・金・土 17:00 - 22:00 L.O. 21:30 月・日","","34席 （カウンター9席、テーブル28席）","無","全席禁煙 店舗の外で喫煙可","予約可","餃子 百名店 2024","無","京王電鉄京王新線幡ヶ谷駅南口より徒歩3分 西原商店街を代々木上原方面に進み右側2F 幡ケ谷駅から259m","https://tblg.k-img.com/restaurant/images/Rvw/287237/640x640_rect_d65b5bc6e763ce648f10dff872e2c115.jpg","初台SC"
"茶洒 金田中","3.67","897","79301","カフェ/日本料理/甘味処","表参道駅","\2,000～\2,999","\3,000～\3,999","https://tabelog.com/tokyo/A1306/A130602/13154538/","東京都港区北青山3-6-1 オーク表参道 2F","1070061","35.66556451870818","139.71057355426532","03-6450-5116","11:30 - 22:00","不定休","42席","有 （2人可、4人可、6人可、8人可） 個室料は１万円","全席禁煙","予約可","カフェ 百名店 2025","有","表参道駅から181m","https://tblg.k-img.com/restaurant/images/Rvw/198303/640x640_rect_7ed7c13e82565e65a00dead7331e755b.jpg","初台SC"
"カレー屋 パクパクもりもり","3.67","870","30535","カレー","神泉駅","\1,000～\1,999","\1,000～\1,999","https://tabelog.com/tokyo/A1303/A130301/13001811/","東京都渋谷区道玄坂2-16-8 ビジネスヴィップ渋谷道玄坂 坂本ビル B1F","1500043","35.65815543790302","139.69644508303864","03-3464-9778","火・水・木・金 11:30 - 14:45 18:00 - 20:00 土・日 11:30 - 14:45 17:00 - 21:00 月","不定休","14席","無","全席禁煙","予約不可","","無 近くの有料駐車場：道玄坂2-10-9新大宗ビル６号館200台収容、ほか","京王井の頭線【渋谷駅】西口 徒歩３分 東京メトロ半蔵門線、東急田園都市線【渋谷駅】徒歩４分 ＪＲ山手線他【渋谷駅】徒歩６分 東京メトロ銀座線【渋谷駅】徒歩６分 東京メトロ副都心線、東急東横線【渋谷駅】徒歩８分 神泉駅から275m","https://tblg.k-img.com/restaurant/images/Rvw/341435/640x640_rect_eacf39643d78ee05dd4d3c6190178b92.jpg","初台SC"
"神泉いちのや","3.67","758","52164","うなぎ","神泉駅","\10,000～\14,999","\5,000～\5,999","https://tabelog.com/tokyo/A1303/A130301/13004659/","東京都渋谷区神泉町20-22 神泉ハイツ 1F","1500045","35.657074178707475","139.691433074193","03-5459-6862","火・水・木・金・土・日・祝日・祝前日・祝後日 11:30 - 15:00 L.O. 料理13:30 ドリンク14:30 17:30 - 22:00 L.O. 料理20:30 ドリンク21:30 月","月曜","30席","有","全席禁煙","予約可","うなぎ 百名店 2024","無 近くに数台程度のコイン・パーキングが点在","京王井の頭線【神泉駅】徒歩３分 東京メトロ半蔵門線、東急田園都市線【渋谷駅】徒歩12分 ＪＲ山手線【渋谷駅】ハチ公口 徒歩14分 神泉駅から198m","https://tblg.k-img.com/restaurant/images/Rvw/93159/640x640_rect_93159137.jpg","初台SC"
"ケニックカレー","3.67","744","31649","カレー","渋谷駅","\2,000～\2,999","\1,000～\1,999","https://tabelog.com/tokyo/A1303/A130301/13245082/","東京都渋谷区宇田川町13-9 KN渋谷2ビル 4F","1500042","35.66112686870709","139.69831312422912","03-6884-2188","火・水・木・金 11:30 - 15:00 18:00 - 21:00 土・日 11:30 - 16:00 18:00 - 21:00 月","","17席 （カウンター7席、テーブル可変式8?10席）","無","全席禁煙 近場でも吸える場所はありません。店主が非喫煙者なのでわかりません。","予約不可","","無 近隣にコインパーキングあり","渋谷駅から徒歩4分 宇田川交番目の前の ゲームセンターとちとせ会館の間のビル4階。 渋谷駅から363m","https://tblg.k-img.com/restaurant/images/Rvw/321675/640x640_rect_4e09fa14f11480361fb6fdac02ba3ccc.jpg","初台SC"
"麺宿 志いな","3.67","742","24351","ラーメン/つけ麺","新宿御苑前駅","～\999","～\999","https://tabelog.com/tokyo/A1304/A130402/13224138/","東京都新宿区四谷4-30-15 市川ビル 1F","1600004","35.688706668694685","139.71435951449644","03-6875-5594","11:00 - 16:00 18:00 - 21:00","","12席 （厨房側カウンター5席・壁側カウンター3席・4人掛けテーブル1卓）","無","全席禁煙","予約不可","","無","東京メトロ丸ノ内線 新宿御苑前駅（2番出口）より徒歩5分 新宿御苑前駅から330m","https://tblg.k-img.com/restaurant/images/Rvw/364793/640x640_rect_c1075a856500c966283aa7849818e1f3.jpg","初台SC"
"ヨヨナム","3.67","583","49493","ベトナム料理","代々木八幡駅","\4,000～\4,999","\1,000～\1,999","https://tabelog.com/tokyo/A1318/A131810/13204833/","東京都渋谷区代々木5-66-4","1510053","35.67138928869807","139.69044665433827","03-6407-1545","月・土・日 11:30 - 15:00 木・金 17:00 - 22:00 火・水","","40席 （カウンター席、店内テーブル席、テントやストーブも完備したデッキ席やテラス席、２階は個室、テーブル）","有 （2人可、4人可、6人可） 別途個室料\2000あり","全席禁煙","予約可","アジア・エスニック 百名店 2026","無 近隣にコインパーキング数カ所あり。","千代田線 代々木公園駅より徒歩3分 小田急線 代々木八幡 代々木公園ゴールドジム隣の路地の入口に「ヨヨナム」小さな看板が目印 代々木八幡駅から197m","https://tblg.k-img.com/restaurant/images/Rvw/72433/640x640_rect_72433592.jpg","初台SC"
"ボガマリ・クチーナ・マリナーラ","3.67","580","59404","イタリアン/シーフード/ヨーロッパ料理","北参道駅","\10,000～\14,999","\1,000～\1,999","https://tabelog.com/tokyo/A1304/A130403/13161528/","東京都渋谷区千駄ヶ谷4-7-5 ガーデンビュー北参道 1F","1510051","35.67968763789219","139.70535988324986","03-6721-1858","月・火・水・木・金・土・祝日 12:00 - 15:00 L.O. 14:00 17:30 - 23:00 L.O. 料理21:30 ドリンク22:30 日","","28席 （室内20席、テラス席8席）","有 （6人可、8人可、10～20人可） 個室は最大収容人数10名様(8名様で丁度良いです) メインの客席は最大16名様まで可能です。 ４名様以下の場合個室料３万円にて貸切も承っております。","全席禁煙","予約可","","無 近くにコインパーキングがあります。","■副都心線北参道駅下車 出口1より徒歩1分 ■JR代々木駅下車 西口より徒歩5分 ■JR千駄ヶ谷駅下車 徒歩6分 ■地下鉄大江戸線代々木駅下車 A2出口より徒歩5分 北参道駅から149m","https://tblg.k-img.com/restaurant/images/Rvw/22706/640x640_rect_22706594.jpg","初台SC"
"麺屋 我論","3.67","549","25849","ラーメン/担々麺","新宿三丁目駅","～\999","～\999","https://tabelog.com/tokyo/A1304/A130401/13247821/","東京都新宿区歌舞伎町1-1-5 Diner5GALLONS 1F","1600021","35.69433217177581","139.704649667178","03-6302-1748","月・火・水・木・金・土 11:30 - 15:00 18:30 - 22:30 日","日曜日","12席","無","全席禁煙","予約可","","無","新宿駅 東口から徒歩7分 新宿三丁目 新宿三丁目駅から386m","https://tblg.k-img.com/restaurant/images/Rvw/132895/640x640_rect_132895039.jpg","初台SC"
"初台スパイス食堂 和魂印才たんどーる","3.67","477","28540","アジア・エスニック/カレー","初台駅","\2,000～\2,999","\1,000～\1,999","https://tabelog.com/tokyo/A1318/A131807/13195398/","東京都新宿区西新宿4-41-10 スカイコート西新宿 １Ｆ","1600023","35.68469278868803","139.68546285447616","03-6276-2225","水・木・金 11:45 - 14:30 土 18:00 - 21:00 月・火・日","不定休","14席 （カウンター8席、テーブル6席）","無","全席禁煙","予約可","アジア・エスニック 百名店 2026 / カレー 百名店 2020","無","京王新線「初台駅」東口より徒歩5分 都営大江戸線「西新宿五丁目駅」A2出口より徒歩10分 （西新宿五丁目駅からは上り坂） 京王バス「西新宿四丁目」や「幡ヶ谷不動尊」バス停からも近い （バスは 新宿駅西口、渋谷駅、中野駅から） 新宿駅からも1.6km 20分くらいで歩けます。 初台駅から384m","https://tblg.k-img.com/restaurant/images/Rvw/55143/320x320_rect_559f616e1a059cabb29bbc67fef0da0d.jpg","初台SC"
"すし光琳","3.67","451","87116","寿司/日本料理","神泉駅","\8,000～\9,999","-","https://tabelog.com/tokyo/A1303/A130301/13257987/","東京都渋谷区神山町11-10 梅澤ビル B1F","1500047","35.66302340168332","139.69466221592546","050-3171-3411","月・火・水・木・金・土・日・祝日 15:00 - 22:00 L.O. 21:30","無休","11席 （カウンター11席）","無","全席禁煙","予約可","","無 隣にコインパーキングあり","JR渋谷駅 徒歩10分 井の頭線 神泉駅 徒歩10分 千代田線 代々木公園駅 徒歩10分 神泉駅から644m","https://tblg.k-img.com/restaurant/images/Rvw/222241/640x640_rect_63afb8daa9d3cd47184dc71808c74952.jpg","初台SC"
"ライオンシェア","3.67","436","20894","カレー","南新宿駅","\1,000～\1,999","\1,000～\1,999","https://tabelog.com/tokyo/A1318/A131810/13019617/","東京都渋谷区代々木3-1-7","1510053","35.68231253788768","139.69646628328263","03-3320-9020","月・火・水・木・金・土 11:30 - 14:00 18:30 - 22:00 L.O. 21:30 日・祝日","","22席 （テーブル18席 カウンター4席）","無","全席禁煙","予約可","","無","ＪＲ代々木駅西口徒歩7分 小田急線南新宿駅徒歩4分 南新宿駅から243m","https://tblg.k-img.com/restaurant/images/Rvw/58570/640x640_rect_58570668.jpg","初台SC"
"麺屋 山界","3.67","341","9447","ラーメン/つけ麺","大久保駅","\1,000～\1,999","\1,000～\1,999","https://tabelog.com/tokyo/A1304/A130404/13314491/","東京都新宿区百人町1-24-8","1690073","35.69887287846401","139.69758591275036","","月・火・水・木・金・土 12:00 - 15:00 18:00 - 21:00 日","","8席 （カウンターのみ）","無","全席禁煙","予約不可","","無","大久保駅から181m","https://tblg.k-img.com/restaurant/images/Rvw/324254/640x640_rect_7a52ac6d3ba7750721fbbabf809ad29f.jpg","初台SC"
"ベンフィディック","3.67","187","37806","バー","新宿駅","\15,000～\19,999","-","https://tabelog.com/tokyo/A1304/A130401/13159249/","東京都新宿区西新宿1-13-7 大和家ビル 9Ｆ","1600023","35.68949123868854","139.6966195745168","03-6258-0309","木 19:00 - 01:00 月・火・水・金・土・日","","14席 （カウンター7席テーブル3席）","無","全席禁煙","完全予約制","バー 百名店 2022","無","JR新宿駅西口より徒歩5分 新宿駅から324m","https://tblg.k-img.com/restaurant/images/Rvw/20854/320x320_rect_20854146.jpg","初台SC"
"松濤 爛缶","3.67","126","18056","居酒屋","神泉駅","\10,000～\14,999","-","https://tabelog.com/tokyo/A1303/A130301/13246953/","東京都渋谷区松濤2-14-5","1500046","35.65862446870683","139.6925158042079","03-5738-7019","火・水・木・金 17:00 - 23:00 土・日 14:00 - 22:00 月","","12席 （カウンター7席、テーブル1卓5席、立ち飲みカウンター4名）","無","全席禁煙","予約可","居酒屋 百名店 2025","無","渋谷駅徒歩10分 神泉駅徒歩３分 神泉駅から179m","https://tblg.k-img.com/restaurant/images/Rvw/131312/640x640_rect_131312348.jpg","初台SC"
"味噌屋 八郎商店 新宿店","3.66","1649","48858","ラーメン/つけ麺/餃子","西武新宿駅","～\999","～\999","https://tabelog.com/tokyo/A1304/A130401/13093862/","東京都新宿区西新宿7-5-5 プラザ西新宿 102","1600023","35.69635103079043","139.69842286246697","03-6304-0420","月・水・木・金・土・日 11:00 - 23:00 L.O. 23:00 火","","12席 （カウンターのみ。）","無","全席禁煙","予約不可","","無 徒歩３分以内にコイン・パーキングあり","都営地下鉄大江戸線 新宿西口駅 徒歩4分 西武新宿駅線 西武新宿駅 徒歩6分 ＪＲ中央線 大久保駅 徒歩6分 ＪＲ中央線他、東京メトロ丸ノ内線 新宿駅 徒歩7分 西武新宿駅から153m","https://tblg.k-img.com/restaurant/images/Rvw/99001/640x640_rect_99001872.jpg","初台SC"
"ピッツァ ケベロス 明治神宮前店","3.66","1594","85450","ピザ/イタリアン/ダイニングバー","明治神宮前駅","\4,000～\4,999","\2,000～\2,999","https://tabelog.com/tokyo/A1306/A130601/13171079/","東京都渋谷区神宮前6-12-4 ヒダノビル 1F","1500001","35.66638099808662","139.70483871617827","03-6450-5584","月・火・水・木・金 11:30 - 14:30 18:00 - 21:30 土・日・祝日 12:00 - 21:30","なし","53席 （店内40、テラス13席）","無","分煙 テラス席のみ喫煙可能 2020年4月1日より受動喫煙対策に関する法律(改正健康増進法）が施行されており、最新の情報と異なる場合がございますので、ご来店前に店舗にご確認ください。","予約可","ピザ 百名店 2023","無","原宿駅から徒歩５分 表参道駅から徒歩５分 渋谷駅から徒歩１０分 副都心線：明治神宮前駅から徒歩２分 明治神宮前駅から247m","https://tblg.k-img.com/restaurant/images/Rvw/45096/640x640_rect_45096478.jpg","初台SC"
"らぁ麺 くろ渦","3.66","1491","36457","ラーメン/つけ麺","新宿三丁目駅","\1,000～\1,999","\1,000～\1,999","https://tabelog.com/tokyo/A1304/A130401/13241664/","東京都新宿区新宿3-7-8","1600022","35.69107395869052","139.7060020245262","03-6380-5513","11:00 - 23:00 営業時間・","","15席 （カウンター2+9席／テーブル4人掛け×1）","無","全席禁煙","予約不可","","無 近隣にコインパーキングあり","都営地下鉄新宿線【新宿三丁目駅】徒歩２分 東京メトロ丸ノ内線・副都心線【新宿三丁目駅】徒歩２分 JR【新宿駅】中央東口／東口 徒歩７分 新宿三丁目駅から102m","https://tblg.k-img.com/restaurant/images/Rvw/363365/640x640_rect_c279f4095e5602ce8bd700163f44c014.jpg","初台SC"
"焼肉ホルモン 新井屋 渋谷","3.66","898","94594","焼肉/ホルモン/ステーキ","神泉駅","\6,000～\7,999","\2,000～\2,999","https://tabelog.com/tokyo/A1303/A130301/13237382/","東京都渋谷区道玄坂2-19-13","1500043","35.65935623790222","139.69631128305087","03-6277-5718","月・火・水・木・金 17:00 - 23:00 土・日・祝日 12:00 - 23:00","","20席 （テーブル18席 カウンター2席 ●お席タイプ（カウンターまたはテーブル）のご指定につきましては、ご要望に添えない場合もございますので、予めご了承ください。）","無","全席禁煙","予約可","焼肉 百名店 2025","無","JR渋谷駅 徒歩7分 京王井の頭線渋谷駅 徒歩5分 神泉駅から336m","https://tblg.k-img.com/restaurant/images/Rvw/311625/640x640_rect_3ee3f58110bc28c22de72e8c8838773d.jpg","初台SC"
"CHACOあめみや","3.66","873","83744","ステーキ","千駄ケ谷駅","\8,000～\9,999","\1,000～\1,999","https://tabelog.com/tokyo/A1309/A130901/13006988/","東京都渋谷区千駄ヶ谷1-7-12 Ｂ１Ｆ","1510051","35.67861179869975","139.71010749439745","03-3402-6066","火・水・木・金 11:30 - 14:00 17:00 - 22:00 土 17:00 - 22:00 日・祝日 17:00 - 21:00 月","","30席 （5人卓×2、4人卓×3、2人卓×1、中央に相席6人）","無","全席禁煙 入口の階段途中に灰皿有り","予約可","ステーキ・鉄板焼き 百名店 2025 / ステーキ 百名店 2021","無 店の向かいにコインパーキングあり","JR千駄ヶ谷駅から徒歩3分 都営地下鉄大江戸線 国立競技場・東京体育館前A4出口から徒歩4分 千駄ケ谷駅から286m","https://tblg.k-img.com/restaurant/images/Rvw/287387/640x640_rect_0925de6e06c0c83d94882dcdfa6590dd.jpg","初台SC"
"生姜醤油専門 我武者羅 幡ヶ谷本店","3.66","832","26332","ラーメン","幡ケ谷駅","～\999","～\999","https://tabelog.com/tokyo/A1318/A131807/13119112/","東京都渋谷区幡ヶ谷2-1-5 弓ビル　１Ｆ","1510072","35.67793269869011","139.67846723441278","03-6772-7200","月・火・水・木・金・土 11:30 - 15:00 18:00 - 23:00 日 11:30 - 15:00 18:00 - 21:00","なし","14席 （全カウンター）","無","全席禁煙 入口にて灰皿あり","予約不可","","無","京王新線「幡ヶ谷駅」北口から軽く走って１分 幡ケ谷駅から152m","https://tblg.k-img.com/restaurant/images/Rvw/119158/640x640_rect_119158019.jpg","初台SC"
"モンスナック 新宿野村ビル店","3.66","642","19286","カレー","西新宿駅","\1,000～\1,999","\1,000～\1,999","https://tabelog.com/tokyo/A1304/A130401/13267256/","東京都新宿区西新宿1-26-2 新宿野村ビル B1F","1600023","35.69253726868621","139.69536962454845","03-3346-3380","月・火・水・木・金 11:00 - 15:30 土・日","","","無","全席禁煙","予約不可","","無","JR新宿駅西口より徒歩5分 東京メトロ丸ノ内線西新宿駅 徒歩3分 西新宿駅から295m","https://tblg.k-img.com/restaurant/images/Rvw/257637/640x640_rect_75ad4db65a1212a1cecc86e3cc9867df.jpg","初台SC"
"RITUEL LE GRAIN DE BLE 伊勢丹新宿店","3.66","537","13255","パン","新宿三丁目駅","～\999","～\999","https://tabelog.com/tokyo/A1304/A130401/13212053/","東京都新宿区新宿3-14-1 伊勢丹新宿店 B1F","1600022","35.691581848689765","139.7046563045323","03-5312-6883","10:00 - 20:00","","（イートインなし）","無","全席禁煙","予約可","","有","東京メトロ丸ノ内線・副都心線【新宿三丁目駅】すぐ 都営地下鉄新宿線【新宿三丁目駅】徒歩２分 新宿三丁目駅から83m","https://tblg.k-img.com/restaurant/images/Rvw/73686/640x640_rect_73686822.jpg","初台SC"
"製麺ｒａｂｏ","3.66","498","16410","ラーメン","西新宿五丁目駅","～\999","～\999","https://tabelog.com/tokyo/A1304/A130401/13172669/","東京都渋谷区本町4-13-10","1510071","35.68803563868433","139.6804875645134","03-6383-3657","月・火・水・木・金 11:30 - 14:30 17:30 - 21:30 L.O. 料理21:00 土・日 11:30 - 15:00 L.O. 料理14:45","不定休","9席 （カウンターのみ）","無","全席禁煙 ただし、夜アルコール注文客のみ喫煙可","予約不可","","無 近隣にコインパーキング有り。","【電車】 都営大江戸線「西新宿五丁目」駅(A2出口)から徒歩6分 【バス】 JR新宿駅から京王バス「新33」など永福町行きで「本町4丁目」からすぐ。 西新宿五丁目駅から410m","https://tblg.k-img.com/restaurant/images/Rvw/154987/640x640_rect_154987935.jpg","初台SC"
"サンデーベイクショップ 幡ヶ谷店","3.66","472","25917","洋菓子/パン","幡ケ谷駅","\1,000～\1,999","-","https://tabelog.com/tokyo/A1318/A131807/13241963/","東京都渋谷区本町6-35-3","1510071","35.68010623788291","139.67710678327393","03-6276-1109","水・金 07:30 - 18:00 日 07:30 - 17:00 月・火・木・土","月","（12席ほど。カウンター席、大テーブル、テラス席（お店が座る場所を指定））","無","全席禁煙","予約不可","","無","幡ヶ谷駅徒歩7分 幡ケ谷駅から313m","https://tblg.k-img.com/restaurant/images/Rvw/277839/640x640_rect_6dcc5120acbe7628935cb8873cb8780a.jpg","初台SC"
"代々木 今半","3.66","402","29900","しゃぶしゃぶ/豚しゃぶ/牛タン","南新宿駅","\20,000～\29,999","-","https://tabelog.com/tokyo/A1318/A131810/13001039/","東京都渋谷区代々木1-45-4 代々木山陽ビル B1F","1510053","35.68227573869365","139.69826525444276","03-3370-8565","月・火・水・木・金・土 17:30 - 21:30 日・祝日 17:30 - 21:00 営業時間・","","32席","無","全席喫煙可 近くのコイン・パーキング：代々木1-38-11に28台収容、ほか 2020年4月1日より受動喫煙対策に関する法律(改正健康増進法）が施行されており、最新の情報と異なる場合がございますので、ご来店前に店舗にご確認ください。","完全予約制","Tabelog Award 2019 Bronze / すき焼き・しゃぶしゃぶ 百名店 2024","無","小田急小田原線【南新宿駅】徒歩３分 ＪＲ中央線・山手線【代々木駅】西口 徒歩５分 都営地下鉄大江戸線【代々木駅】徒歩６分 南新宿駅から145m","https://tblg.k-img.com/restaurant/images/Rvw/122003/640x640_rect_122003478.jpg","初台SC"
"匠 達広","3.66","363","25364","寿司/日本料理/海鮮","新宿御苑前駅","\20,000～\29,999","\10,000～\14,999","https://tabelog.com/tokyo/A1304/A130402/13086506/","東京都新宿区新宿1-11-7 サンサーラ第五御苑ビル 1F","1600022","35.6887594378889","139.71313798333605","03-5925-8225","月・火・水・木・金・土 12:00 - 14:00 17:00 - 22:00 日","祝日","10席 （カウンター10席 個室4～8席）","有 （4人可、6人可）","全席禁煙","予約可","寿司 百名店 2022","有 近くにコインパーキング有り","新宿御苑前駅2番出口から徒歩3分 新宿御苑前駅から219m","https://tblg.k-img.com/restaurant/images/Rvw/331965/640x640_rect_68eef3ae0690544ba2a17ae13c92e77b.jpg","初台SC"
"DA FIORE","3.66","363","28094","イタリアン/イノベーティブ/野菜料理","明治神宮前駅","\15,000～\19,999","\8,000～\9,999","https://tabelog.com/tokyo/A1306/A130601/13005259/","東京都渋谷区神宮前5-39-3 表参道OSAKI SQUARE BDL B1-1","1500001","35.66516973790192","139.70700218310208","03-5766-9703","月・火・水・木・金・土・日・祝日・祝前日・祝後日 12:00 - 15:00 18:00 - 22:30","日曜日","20席 （予約状況によってテーブル配置が変わります。店内写真のテーブル配置は一例です。）","無","全席禁煙 テラスでの喫煙をお願いしております。","予約可","","無 近くに数カ所コインパーキングがあります。","地下鉄表参道駅A1出口から 徒歩8分 地下鉄明治神宮前駅から徒歩8分 明治神宮前駅から416m","https://tblg.k-img.com/restaurant/images/Rvw/356198/640x640_rect_274af201401be6656f2705a9762829b1.jpg","初台SC"
"IZAKAYA VIN","3.66","347","24945","ビストロ/ワインバー/フレンチ","渋谷駅","\10,000～\14,999","-","https://tabelog.com/tokyo/A1303/A130301/13002063/","東京都渋谷区道玄坂1-5-7 1F・2F・3F","1500043","35.65812983647305","139.69912984797548","03-3496-2467","月・火・水・木・金・土 17:00 - 00:00 L.O. 料理22:00 ドリンク23:30 日・祝日","","42席 （カウンター９席 ２階テーブル15席 ３階テーブル18席）","無","全席禁煙","予約可","ビストロ 百名店 2021","無 近くの有料駐車場：渋谷マークシティ駐車場210台収容、ほか","京王井の頭線【渋谷駅】西口 徒歩１分 ＪＲ山手線・埼京線【渋谷駅】徒歩３分 東京メトロ半蔵門線、東急田園都市線【渋谷駅】徒歩４分 東京メトロ銀座線【渋谷駅】徒歩４分 東京メトロ副都心線、東急東横線【渋谷駅】徒歩７分 渋谷駅から227m","https://tblg.k-img.com/restaurant/images/Rvw/139889/640x640_rect_139889880.jpg","初台SC"
"Chillmatic Hamburger & Bistro","3.66","322","15812","ハンバーガー","神泉駅","\2,000～\2,999","\2,000～\2,999","https://tabelog.com/tokyo/A1303/A130301/13304969/","東京都渋谷区神山町11-10 梅澤ビル 1F","1500047","35.663010079382914","139.69464307279108","03-6456-9977","月・火・水・木・金・土・日・祝日・祝前日・祝後日 11:30 - 22:00 L.O. 21:00","","26席","無","全席禁煙","予約可","ハンバーガー 百名店 2026","無 隣接にコインパーキング有","渋谷駅徒歩10分 神泉駅から642m","https://tblg.k-img.com/restaurant/images/Rvw/336333/640x640_rect_050c77fecdeb345295ff085f9fc0a58c.jpg","初台SC"
"ル ボークープ","3.66","239","18952","フレンチ/洋食/ワインバー","代々木上原駅","\10,000～\14,999","\6,000～\7,999","https://tabelog.com/tokyo/A1318/A131811/13164427/","東京都渋谷区上原3-10-3 蒼天ビル 1F","1510064","35.66636353789263","139.68014938313297","03-5738-7952","火・水・木・金・土・日・祝日・祝前日 11:30 - 15:00 L.O. 13:30 18:00 - 22:30 L.O. 20:00 月・祝後日","","20席 （カウンター2席、テーブル18席）","無","全席禁煙","予約可","","無 近隣にコインパーキング有","小田急線・千代田線 代々木上原から徒歩6分 代々木上原駅を西口もしくは北口を出て頂き、上原小学校を目指してお越しください。 小学校の並びでフランス国旗を店頭に出しています。 商店街の為、自転車でのご来店はご遠慮ください。 何卒、宜しくお願い致します。 代々木上原駅から298m","https://tblg.k-img.com/restaurant/images/Rvw/93474/640x640_rect_93474111.jpg","初台SC"
"鮨 一喜","3.66","102","9931","寿司/海鮮/日本料理","渋谷駅","\20,000～\29,999","\15,000～\19,999","https://tabelog.com/tokyo/A1303/A130301/13307034/","東京都渋谷区渋谷1-5-9","1500002","35.66109408030653","139.7057963800637","03-6413-6168","月・火・水・木・金 12:00 - 14:30 L.O. 14:00 19:00 - 23:00 土・日・祝日 12:00 - 14:30 L.O. 14:00 17:30 - 20:30","","9席","有","","予約可","","無","渋谷駅から461m","https://tblg.k-img.com/restaurant/images/Rvw/322851/640x640_rect_800410e441fef530cf2d773ca6289e9a.jpg","初台SC"
"バンタイ","3.65","3534","139739","タイ料理/カレー","西武新宿駅","\3,000～\3,999","～\999","https://tabelog.com/tokyo/A1304/A130401/13000085/","東京都新宿区歌舞伎町1-23-14 第１メトロビル 3Ｆ","1600021","35.69417653788159","139.70100478339927","03-3207-0068","月・火・水・木・金 11:30 - 15:30 L.O. 15:00 17:00 - 23:00 L.O. 22:00 土・日・祝日 11:30 - 23:00 L.O. 22:00 営業再開のお知ら","","110席","無","全席禁煙 ランチタイムはテーブルに灰皿が無かったので、時間分煙にしている様です","予約可","アジア・エスニック 百名店 2024","無 近くの有料駐車場：サブナード地下駐車場400台収容、ほか","西武新宿線【西武新宿駅】徒歩２分 都営地下鉄大江戸線【新宿西口駅】徒歩４分 東京メトロ丸ノ内線【新宿駅】徒歩４分 ＪＲ中央線他【新宿駅】東口 徒歩５分 新宿西口駅から182m","https://tblg.k-img.com/restaurant/images/Rvw/161019/320x320_rect_161019714.jpg","初台SC"
"道玄坂 マンモス","3.65","1910","44304","つけ麺/ラーメン","神泉駅","\1,000～\1,999","\1,000～\1,999","https://tabelog.com/tokyo/A1303/A130301/13122700/","東京都渋谷区道玄坂2-10-1","1500043","35.65771583870869","139.6965209541959","03-5459-3956","11:30 - 22:00","無休","11席 （カウンター席のみ）","無","全席禁煙","予約不可","","無 近くの有料駐車場：渋谷マークシティ駐車場210台収容、新大宗ビル合計700台収容、ほか","京王井の頭線【渋谷駅】アベニュー口 徒歩３分 東京メトロ半蔵門線、東急田園都市線【渋谷駅】徒歩５分 ＪＲ山手線他【渋谷駅】徒歩７分 東京メトロ銀座線【渋谷駅】徒歩７分 東京メトロ副都心線、東急東横線【渋谷駅】徒歩９分 神泉駅から268m","https://tblg.k-img.com/restaurant/images/Rvw/150886/640x640_rect_150886149.jpg","初台SC"
"ブラッスリー・ヴィロン 渋谷店","3.65","1615","77663","ビストロ/パン/ワインバー","渋谷駅","\10,000～\14,999","\3,000～\3,999","https://tabelog.com/tokyo/A1303/A130301/13004627/","東京都渋谷区宇田川町33-8 塚田ビル　２F","1500042","35.66090443790139","139.69682998306615","03-5458-1776","","","54席 （2F カウンター＆テーブル席）","有 （2人可） 半個室となります。4名様ですと少し狭く感じる程度になります。","全席禁煙 終日禁煙","予約可","ビストロ 百名店 2021","無","「渋谷駅」 JR山手線 ハチ公口から徒歩7～8分 銀座線 徒歩7～8分 東京メトロ・東急線 3番出口 徒歩6分 京王線だと 徒歩 5分 東急本店の正面 渋谷駅から462m","https://tblg.k-img.com/restaurant/images/Rvw/215244/640x640_rect_70158b44f1c41b58227f2fad72864b8a.jpg","初台SC"
"楢製麺","3.65","1601","49695","うどん/ラーメン/麺類","南新宿駅","\1,000～\1,999","\1,000～\1,999","https://tabelog.com/tokyo/A1304/A130401/13234984/","東京都渋谷区代々木2-26-2 第2桑野ビル","1510053","35.685298837886684","139.6993131833108","","月・火・水・木・金・土・日・祝日・祝前日・祝後日 11:00 - 21:00 L.O. 21:00","","8席 （カウンター8席、個室2～4席?要予約）","有 （2人可、4人可） ?Instagram ??より要予約?","全席禁煙","予約可","うどん 百名店 2024","無 近隣にコインパーキングあり","新宿駅 西口 徒歩10分 新宿駅 新南口 徒歩7分 代々木駅 北口 徒歩4分 南新宿駅 徒歩3分 都営新宿線 新宿駅 9号車→大江戸線のりば→マインズタワー方面改札出口Ａ1→代々木３丁目方面≫ 左へ徒歩2分 都営大江戸線 新宿駅 マインズタワー方面出口A１→代々木３丁目方面≫ 左へ徒歩2分 南新宿駅から203m","https://tblg.k-img.com/restaurant/images/Rvw/197831/640x640_rect_ad31a52f68086b27a76c21ae3dbab659.jpg","初台SC"
"シンちゃんラーメン","3.65","1505","26152","ラーメン/つけ麺","新宿三丁目駅","\1,000～\1,999","\1,000～\1,999","https://tabelog.com/tokyo/A1304/A130401/13273079/","東京都新宿区新宿4-2-7","1600022","35.68920233788531","139.70278718334777","03-6274-8535","月・火・水・木・金・土・日・祝日・祝前日・祝後日 24時間営業 【営業時間変更のお知らせ】 6/28 00:00～22:00 6/29 臨時休業 6/30 09:00～24時間営業 7/02 00:0","","15席","無","全席禁煙","予約不可","","無","新宿駅東南口より3分 新宿三丁目駅から265m","https://tblg.k-img.com/restaurant/images/Rvw/233380/640x640_rect_0827822842efb3828c5d080c40a630c1.jpg","初台SC"
"焼肉うしごろ 新宿三丁目店","3.65","1441","61400","焼肉/ステーキ/ホルモン","新宿三丁目駅","\10,000～\14,999","\5,000～\5,999","https://tabelog.com/tokyo/A1304/A130401/13258565/","東京都新宿区新宿3-17-10 HULIC &New SHINJUKU 12F","1600022","35.692126037883455","139.70275678337737","03-3358-4129","月・火・水・木・金 17:00 - 23:30 L.O. 料理22:30 土・日・祝日 11:30 - 23:30 L.O. 料理22:30","","73席 （完全個室2部屋 最大8名様）","有 （4人可、8人可）","全席禁煙","予約可","焼肉 百名店 2025","無","東京メトロ 丸の内線 新宿三丁目駅 B9出口0分 JR山手線 新宿駅 東口 3分 新宿三丁目駅から239m","https://tblg.k-img.com/restaurant/images/Rvw/357057/640x640_rect_2be773d26dcf1dca533ce65b1f19169c.jpg","初台SC"
"讃岐のおうどん 花は咲く 新中野本店","3.65","1277","50760","うどん/居酒屋/天ぷら","新中野駅","\1,000～\1,999","\1,000～\1,999","https://tabelog.com/tokyo/A1319/A131902/13156851/","東京都中野区中央4-6-12 新中野マンション 1F","1640011","35.69919153786782","139.66774898347325","03-6454-1546","月・火・水・木・金・土・日・祝日・祝前日・祝後日 11:00 - 15:00 17:00 - 21:00","","20席 （カウンター９席、テーブル11席）","無","全席禁煙","予約可","うどん 百名店 2024","無 近くにコインパーキング有り","東京メトロ丸の内線新中野駅から徒歩３分 JR中央線中野駅から徒歩9分 新中野駅から226m","https://tblg.k-img.com/restaurant/images/Rvw/78846/640x640_rect_78846330.jpg","初台SC"
"ガレットリア","3.65","1069","62670","クレープ・ガレット/カフェ/フレンチ","神泉駅","\1,000～\1,999","\1,000～\1,999","https://tabelog.com/tokyo/A1303/A130301/13045560/","東京都渋谷区松涛1-26-1","1500000","35.65926922870685","139.6938299442135","03-3467-7057","月・水・木・金・土・日 11:30 - 20:00 L.O. 19:00 火","水曜日","45席","無","全席禁煙","予約不可","","無","●最寄駅● ・京王井の頭線 神泉駅 徒歩8分 ・JR線・京王井の頭線各社 渋谷駅 徒歩10分 Bunkamuraから徒歩3分 神泉駅から221m","https://tblg.k-img.com/restaurant/images/Rvw/117472/640x640_rect_117472822.jpg","初台SC"
"麺堂にしき 新宿歌舞伎町店","3.65","861","19153","ラーメン","西武新宿駅","～\999","～\999","https://tabelog.com/tokyo/A1304/A130401/13257169/","東京都新宿区歌舞伎町1-11-3","1600021","35.694808708687084","139.7026645145663","03-6826-9773","18:00 - 13:00","なし","11席 （カウンター9席、テーブル2席）","無","全席禁煙","予約不可","","無","西武新宿駅から徒歩3分 西武新宿駅から277m","https://tblg.k-img.com/restaurant/images/Rvw/268107/640x640_rect_03d62cd1424cdbf6730cd9c69699440a.jpg","初台SC"
"貝麺 みかわ","3.65","860","23245","ラーメン","下北沢駅","～\999","～\999","https://tabelog.com/tokyo/A1318/A131802/13258958/","東京都世田谷区北沢2-25-4","1550031","35.66174459869668","139.6668502042574","03-6407-8038","11:00 - 15:00 17:00 - 21:00","","7席 （カウンター7席）","無","全席禁煙","予約不可","","無 近隣にコインパーキングあり","京王井の頭線下北沢駅から徒歩1分 下北沢駅から41m","https://tblg.k-img.com/restaurant/images/Rvw/151400/640x640_rect_151400436.jpg","初台SC"
"喫茶サテラ","3.65","774","45292","喫茶店/プリン","渋谷駅","\1,000～\1,999","～\999","https://tabelog.com/tokyo/A1303/A130301/13253683/","東京都渋谷区渋谷1-7-5 青山セブンハイツ 1F","1500002","35.66073468318705","139.70630496548415","080-8444-4243","月・火・水・木・金・土・日・祝日・祝前日・祝後日 10:00 - 22:00 L.O. 21:30","不定休","16席 （カウンター4席、テーブル6席、個室6席）","有 （2人可、4人可、6人可） 個室は1組様1時間までのご利用とさせて頂いています。全席ご予約は承っておりません。","全席禁煙","予約不可","喫茶店 百名店 2026","無","渋谷駅 B4出口から徒歩6分 表参道駅 B2出口から徒歩8分 渋谷駅から484m","https://tblg.k-img.com/restaurant/images/Rvw/224994/640x640_rect_71d05014ebf0f0206b6b3c36c17c5524.jpg","初台SC"
"はな火屋","3.65","673","22936","ラーメン/つけ麺","西武新宿駅","～\999","～\999","https://tabelog.com/tokyo/A1304/A130401/13235318/","東京都新宿区西新宿7-15-17 井西ビル 1F","1600023","35.69525923868534","139.69807896457405","03-5330-8070","月・火・水・木・金 11:00 - 15:00 L.O. 料理14:50 17:00 - 23:00 L.O. 料理22:30 土・祝日 11:00 - 15:00 L.O. 料理14:50 17:0","","9席 （L字カウンターのみ）","無","全席禁煙","予約不可","","無","西武新宿駅から208m","https://tblg.k-img.com/restaurant/images/Rvw/365266/640x640_rect_37add615a299818e6c19427c19b57c41.jpg","初台SC"
"モンマスティー 千駄ヶ谷店","3.65","626","23479","ティースタンド","千駄ケ谷駅","-","～\999","https://tabelog.com/tokyo/A1309/A130901/13037238/","東京都渋谷区千駄ヶ谷1-21-2","1510051","35.67856437869966","139.7097546843972","03-3478-2357","07:00 - 00:00 営業時間・","","5席 （店内に丸椅子1席、店の前にベンチ2脚（詰めれば3?4人分）あり）","無","全席禁煙","予約不可","","無 近隣にコインパーキングあり","ＪＲ千駄ヶ谷駅 徒歩５分 都営地下鉄 国立競技場駅(東京体育館前)駅 徒歩５分 千駄ケ谷駅から305m","https://tblg.k-img.com/restaurant/images/Rvw/259375/640x640_rect_501423f686bec9245007399a4b9ba01d.jpg","初台SC"
"らぁめん 一福","3.65","491","32979","ラーメン/カレー","初台駅","-","～\999","https://tabelog.com/tokyo/A1318/A131807/13004351/","東京都渋谷区本町2-17-14 小泉ビル 1F","1510071","35.68302418868764","139.6808748844625","03-5388-9333","水・木・土・日 11:30 - 14:00 月・火・金","不定休","13席 （カウンター７席、テーブル６席）","無","全席禁煙","予約不可","","無","京王新線 初台駅より12分 不動通り商店街 初台駅から568m","https://tblg.k-img.com/restaurant/images/Rvw/80969/640x640_rect_80969215.jpg","初台SC"
"鮨 こう介","3.65","346","15335","寿司/海鮮/日本料理","新宿駅","\20,000～\29,999","-","https://tabelog.com/tokyo/A1304/A130401/13268697/","東京都新宿区西新宿1-15-8 第3セイコービル B１F","1600023","35.688854537883756","139.6971851833482","03-5990-5237","月・火・水・木・金・土・日・祝日・祝前日・祝後日 18:00 - 23:00","日曜日","11席 （カウンター席11席）","無","全席禁煙","完全予約制","","無 お近くのコインパーキング等をご利用下さい","新宿駅徒歩１分 新宿駅から308m","https://tblg.k-img.com/restaurant/images/Rvw/172823/640x640_rect_268f86eea45a2f029b00b420d2738058.jpg","初台SC"
"魚がし 福ちゃん 2号店","3.65","278","28568","立ち飲み/海鮮","渋谷駅","\6,000～\7,999","\5,000～\5,999","https://tabelog.com/tokyo/A1303/A130301/13067049/","東京都渋谷区道玄坂1-11-8","1500043","35.6578401387093","139.69866858419567","03-3476-4476","月・火・水・木・金 16:00 - 21:30 土・日","土・日・祝","（立ち飲みのみ）","無","全席禁煙","予約不可","立ち飲み 百名店 2025","無 提携のコインパーキングはありません。通常のコインパーキングは付近に数箇所ありまく。","京王井の頭線【渋谷駅】西口 徒歩１分 ＪＲ山手線他【渋谷駅】徒歩４分 東京メトロ銀座線【渋谷駅】徒歩５分 東京メトロ半蔵門線、東急田園都市線【渋谷駅】徒歩６分 東京メトロ副都心線、東急東横線【渋谷駅】徒歩８分 渋谷駅から279m","https://tblg.k-img.com/restaurant/images/Rvw/356674/640x640_rect_3d98b59854f64d72f5e168f51d4aa447.jpg","初台SC"
"タルイベーカリー","3.65","274","18270","パン/サンドイッチ","参宮橋駅","-","-","https://tabelog.com/tokyo/A1318/A131810/13140777/","東京都渋谷区代々木4-5-13 レインボービル3 1F","1510053","35.6786975786941","139.69254513441064","03-6276-7610","火・水・木・金・土 09:00 - 18:00 月・日","","（パンのテイクアウトのみです。）","無","全席禁煙","予約可","","無 数台、近隣にコインパーキングあり。","小田急線参宮橋駅から徒歩2分。 改札を出て左に直進。 マクドナルドの角を（初台方面へ)右に曲がります。 そのまま直進すると右側（地下）にあります。 参宮橋駅から104m","https://tblg.k-img.com/restaurant/images/Rvw/359738/640x640_rect_9671a19de9b537efeea3816cdcf538c9.jpg","初台SC"
"間借りカレー シモカワスパイス","3.65","251","7965","カレー","新宿西口駅","-","\1,000～\1,999","https://tabelog.com/tokyo/A1304/A130401/13260415/","東京都新宿区西新宿7-19-22 space","1600023","35.694911530019574","139.69628393781397","","水・木・金 11:30 - 15:00 L.O. 14:30 土 11:30 - 14:30 月・火・日","","14席 （カウンター6席、テーブル2）","無","全席禁煙","予約不可","","無 近隣にコインパーキング有り","新宿西口駅から徒歩4分（400m） 新宿西口から徒歩8分（600m） 西新宿駅から293m 新宿西口駅から297m","https://tblg.k-img.com/restaurant/images/Rvw/314310/640x640_rect_4c252b3f836317ae047fc2c39070c38a.jpg","初台SC"
"喜わ","3.65","96","10295","天ぷら/日本料理/ワインバー","代々木上原駅","\20,000～\29,999","-","https://tabelog.com/tokyo/A1318/A131811/13243177/","東京都渋谷区上原1-17-14 上原ハウス 1F","1510064","35.66925463789156","139.68261898316044","03-5738-7550","月・火・木・金・土・日・祝日・祝前日・祝後日 18:00 - 23:00 L.O. 料理21:00 ドリンク22:00 水","","16席","無","全席禁煙","予約可","天ぷら 百名店 2025","無 近隣にコインパーキングあり","東京メトロ千代田線 代々木上原駅 東口 徒歩3分 代々木上原駅から265m","https://tblg.k-img.com/restaurant/images/Rvw/127107/640x640_rect_127107647.jpg","初台SC"
"すごい煮干ラーメン凪 新宿ゴールデン街店本館","3.64","3423","81415","ラーメン","新宿三丁目駅","～\999","～\999","https://tabelog.com/tokyo/A1304/A130401/13054766/","東京都新宿区歌舞伎町1-1-10 ゴールデン街(新宿ゴールデン街Ｇ２通り)  2F","1600021","35.693771608688344","139.7045338145545","03-3205-1925","24時間営業 【営業時間変更のお知らせ】 7/02 00:00～10:00 13:30～24時間営業 上記の営業となります。 ご理解のほどよろしくお願いいたします。 *****************","","10席 （（Ｌ字型カウンター10席））","無","全席禁煙","予約不可","ラーメン 百名店 2018","無 近隣にコインパーキングあり","●JR「新宿駅東口」 徒歩6分 新宿区役所交差点から徒歩3分。ミスタードーナツ横の石畳舗道を入ってゴールデン街方面へ。2番の角を右折。右手にあり。白い提灯が目印。 ●東京メトロ丸の内線・副都心線・都営新宿線「新宿三丁目駅」地下通路E2出口から徒歩3分 E2出口地上へ上がり左へ、花園神社内へ左折。境内へ入り、花園神社内を通過、石の鳥居をくぐり階段を下る。正面の交番前の道を右へ、BON’Sと駐車場の間の路地へ、左手にあり。白い提灯が目印。 新宿三丁目駅から325m","https://tblg.k-img.com/restaurant/images/Rvw/32030/640x640_rect_32030202.jpg","初台SC"
"駄目な隣人 新宿店","3.64","2381","77959","ラーメン/つけ麺/油そば・まぜそば","西武新宿駅","\1,000～\1,999","\1,000～\1,999","https://tabelog.com/tokyo/A1304/A130401/13261715/","東京都新宿区歌舞伎町1-27-2 1F","1600021","35.69516935868618","139.70052453457143","080-8218-0084","月・火・水・木・金・土・日・祝日・祝前日・祝後日 11:00 - 23:01 L.O. 23:00","","16席 （カウンターのみ）","無","全席禁煙","予約不可","","無","西武新宿駅より1分。 新宿駅東口より５分。 西武新宿駅から116m","https://tblg.k-img.com/restaurant/images/Rvw/247755/640x640_rect_43a3bb05c770d5ba6dce8360f1020e8a.jpg","初台SC"
"切麦や 甚六","3.64","2100","93242","うどん/天ぷら/居酒屋","新宿御苑前駅","\2,000～\2,999","\1,000～\1,999","https://tabelog.com/tokyo/A1304/A130402/13182646/","東京都新宿区新宿1-17-1 LAND・DEN 1F","1600022","35.689166628693606","139.71186989450283","03-6273-2646","月・水・土・日 11:00 - 16:00 17:30 - 23:30 火・木・金 11:00 - 16:00","","20席 （カウンター10席／テーブル10席）","無","全席禁煙","予約可","うどん 百名店 2024","無 近隣にコインパーキング有り","東京メトロ丸ノ内線【新宿御苑前駅】徒歩２分 都営地下鉄新宿線【新宿三丁目駅】徒歩８分 新宿御苑前駅から121m","https://tblg.k-img.com/restaurant/images/Rvw/38912/640x640_rect_38912570.jpg","初台SC"
"横浜家系らーめん侍 渋谷本店","3.64","1458","24723","ラーメン","渋谷駅","～\999","～\999","https://tabelog.com/tokyo/A1303/A130301/13262063/","東京都渋谷区道玄坂2-6-6 和光ビル 1F","1500043","35.658784008708835","139.69911212420487","03-6826-9781","11:00 - 20:45 営業時間・","","18席 （カウンター14席、2人掛けテーブル×2卓）","無","全席禁煙","予約不可","","無","JR各線 渋谷駅 ハチ公口から徒歩3分 京王井の頭線 渋谷駅 中央口から徒歩1分 東京メトロ各線 渋谷駅 A5b出口から徒歩1分 渋谷駅から207m","https://tblg.k-img.com/restaurant/images/Rvw/320040/640x640_rect_19f4b4953eadfa35e60e95b2fc64a184.jpg","初台SC"
"本家 第一旭 新宿店","3.64","1420","43999","ラーメン","新宿御苑前駅","\1,000～\1,999","\1,000～\1,999","https://tabelog.com/tokyo/A1304/A130402/13229223/","東京都新宿区新宿1-13-7 東宝ビル 1F","1600022","35.689133837887994","139.7110588833413","03-6457-7012","月・火・水・木・金・土 11:00 - 22:00 日 11:00 - 18:00","","10席 （カウンター席のみ）","無","全席禁煙","予約不可","","無 近隣にコインパーキングあり","丸ノ内線新宿御苑前駅から徒歩1分 新宿御苑前駅から65m","https://tblg.k-img.com/restaurant/images/Rvw/102869/640x640_rect_102869061.jpg","初台SC"
"えっちゃんラーメン。","3.64","1380","29227","ラーメン/つけ麺","西武新宿駅","～\999","～\999","https://tabelog.com/tokyo/A1304/A130401/13249836/","東京都新宿区歌舞伎町1-15-8 丸雄ビル 1F","1600021","35.69427660100309","139.7020519242061","03-6273-8706","月 00:00 - 07:00 08:00 - 00:00 火・水・木・金・土・日・祝日 24時間営業 【営業時間変更のお知らせ】 6/28 00:00～22:00 6/29 臨時休業 6/30 10","無休","24席 （カウンター12、4人掛けテーブル×3）","無","全席禁煙","予約不可","","無","新宿駅 徒歩5分 西武新宿駅 徒歩3分 西武新宿駅から274m","https://tblg.k-img.com/restaurant/images/Rvw/367230/640x640_rect_d55d27e22c53d98fe2542462763c7144.jpg","初台SC"
"BiOcafe","3.64","1332","60799","カフェ/オーガニック/ダイニングバー","渋谷駅","\2,000～\2,999","\1,000～\1,999","https://tabelog.com/tokyo/A1303/A130301/13004505/","東京都渋谷区宇田川町16-14 パティオビル　１Ｆ","1500042","35.66143763790171","139.69894388307006","03-5428-3322","月・火・水・木・金・土・日・祝日・祝前日・祝後日 11:00 - 23:00 L.O. 料理22:00 ドリンク22:30","","30席","無","全席禁煙","予約可","カフェ 百名店 2025","無 近くにコインパーキング有","ＪＲ 渋谷駅 ハチ公口 徒歩4分 東急東横線 渋谷駅 徒歩4分 京王井の頭線 渋谷駅 徒歩4分 地下鉄 渋谷駅 徒歩4分 渋谷駅から347m","https://tblg.k-img.com/restaurant/images/Rvw/125300/640x640_rect_125300382.jpg","初台SC"
"麺 銀座おのでら 本店","3.64","1189","27624","ラーメン","表参道駅","\1,000～\1,999","\1,000～\1,999","https://tabelog.com/tokyo/A1306/A130602/13295645/","東京都港区北青山3-5-40 PRYME CUBE表参道 1F","1070061","35.666735898707756","139.71155426427651","03-6721-0910","11:00 - 21:30 2025年12月29日(月)が年内最終営業日でございます。 年始は、2026年1月5日(月)から通常通り営業いたします。","","19席 （カウンター席：9席 テーブル席：4名×１ 2名×1 個室：4名×1部屋）","有 （2人可、4人可） お席のご指定はできません。大人数の場合お席が離れてのご案内になる場合がございますのでご了承ください。","全席禁煙","予約不可","","無","東京メトロ 表参道駅 A2出口から徒歩3分 アップルストアを右手に進み右手にセブンイレブンが出てきます。さらに進み突き当りを右に曲がった奥に当店がございます。お気をつけてお越しくださいませ。 表参道駅から194m","https://tblg.k-img.com/restaurant/images/Rvw/244545/640x640_rect_25b9dfd4698867aede622c0331932115.jpg","初台SC"
"表参道うかい亭","3.64","1074","54860","鉄板焼き/ステーキ","明治神宮前駅","\20,000～\29,999","\10,000～\14,999","https://tabelog.com/tokyo/A1306/A130601/13044361/","東京都渋谷区神宮前5-10-1 表参道ジャイル 5F","1500001","35.66739746870581","139.7067968042865","03-5467-5252","月・火・木・金 12:00 - 16:00 L.O. 料理13:30 17:30 - 22:00 L.O. 料理20:00 土・日・祝日 11:30 - 16:00 L.O. 料理13:30 17:3","","76席 （個室7室／カウンター22席）","有 （4人可、6人可、8人可）","全席禁煙 ※敷地内指定場所での喫煙可","予約可","Tabelog Award 2020 Bronze / ステーキ・鉄板焼き 百名店 2025 / ステーキ 百名店 2021","有 地下駐車場・要予約","地下鉄銀座線・千代田線・半蔵門線 表参道駅A1出口 徒歩5分 地下鉄千代田線・副都心線 明治神宮駅4番出口 徒歩3分 ＪＲ原宿駅 徒歩7分 明治神宮前駅から201m","https://tblg.k-img.com/restaurant/images/Rvw/70965/320x320_rect_70965791.jpg","初台SC"
"麺の坊 砦","3.64","1011","39582","ラーメン/つけ麺","神泉駅","\2,000～\2,999","\1,000～\1,999","https://tabelog.com/tokyo/A1303/A130301/13003402/","東京都渋谷区神泉町20-23","1500045","35.6571545287074","139.69136605419385","03-3780-4450","月・火・木・金 11:00 - 15:15 L.O. 15:00 17:30 - 22:15 L.O. 22:00 土・日・祝日 11:00 - 22:15 L.O. 22:00 水","","26席 （カウンター11席、大テーブル10席、小テーブル5席）","無","全席禁煙","予約不可","","無 近隣に路上パーキングや数台程度のコイン・パーキングが点在","京王井の頭線【神泉駅】徒歩３分 東京メトロ半蔵門線、東急田園都市線【渋谷駅】【池尻大橋駅】徒歩12分 ＪＲ山手線【渋谷駅】ハチ公口 徒歩14分 神泉駅から203m","https://tblg.k-img.com/restaurant/images/Rvw/7169/640x640_rect_7169533.jpg","初台SC"
"ホレンディッシェ・カカオシュトゥーベ 新宿伊勢丹店","3.64","919","26289","バームクーヘン","新宿三丁目駅","\1,000～\1,999","\1,000～\1,999","https://tabelog.com/tokyo/A1304/A130401/13097078/","東京都新宿区新宿3-14-1 伊勢丹新宿店 B1F","1600022","35.691948937884035","139.7042316833745","03-5312-7351","月・火・水・木・金・土・日・祝日・祝前日・祝後日 10:00 - 20:00","不定休","（テイクアウトのみ）","無","全席禁煙","予約可","スイーツ 百名店 2020","有 館内2000円以上のお買上げでパークシティイセタン1 2時間30分無料","東京メトロ丸ノ内新宿三丁目駅徒歩1分･副都心線新宿三丁目駅徒歩2分･都営新宿線新宿三丁目駅徒歩3分 JR新宿駅･西武新宿線西武新宿駅徒歩5分 小田急線新宿駅･京王線新宿駅徒歩7分 都営大江戸線新宿西口駅徒歩10分 新宿三丁目駅から135m","https://tblg.k-img.com/restaurant/images/Rvw/153179/640x640_rect_153179499.jpg","初台SC"
"Rahmen Eddie","3.64","899","32631","ラーメン","新宿御苑前駅","\1,000～\1,999","\1,000～\1,999","https://tabelog.com/tokyo/A1304/A130402/13279624/","東京都新宿区新宿1-11-7","1600022","35.688617637889","139.7132061833346","03-6380-6606","月・火・水・木・金・土・祝日・祝前日・祝後日 11:00 - 22:30 L.O. 22:00 日 11:00 - 20:30 L.O. 20:00","","14席","無","全席禁煙","予約可","","無","東京メトロ丸ノ内線新宿御苑前駅、大木戸門口から徒歩2分 新宿御苑前駅から225m","https://tblg.k-img.com/restaurant/images/Rvw/268569/640x640_rect_3b4dddfa2506eb8765a87e472776246b.jpg","初台SC"
"ナギチャンラーメン","3.64","876","16584","ラーメン","西武新宿駅","\1,000～\1,999","\1,000～\1,999","https://tabelog.com/tokyo/A1304/A130401/13290615/","東京都新宿区歌舞伎町1-9-6 三経32","1600021","35.69504918868724","139.70360562456804","03-3203-9177","24時間営業 【営業時間の変更に関して】 7/02 00:00～09:50 13:20～24時間営業 上記の営業となります。 ご理解のほどよろしくお願いいたします。","","14席 （カウンターのみ）","無","全席禁煙","予約不可","","無","JR「新宿駅」から徒歩7分 西武新宿駅から341m","https://tblg.k-img.com/restaurant/images/Rvw/367418/640x640_rect_44fcb60e7e2bdbb64da30e8fc4cd5fc5.jpg","初台SC"
"麺屋 翔 みなと","3.64","876","23000","ラーメン/つけ麺","西新宿駅","-","～\999","https://tabelog.com/tokyo/A1304/A130401/13226749/","東京都新宿区西新宿1-26-2 新宿野村ビル B2F","1600023","35.693166708685716","139.695080264555","03-6304-5242","月・火・水・木・金 11:00 - 20:00 土・日・祝日 11:00 - 15:30","無休","19席 （カウンター19席）","無","全席禁煙","予約不可","","無","新宿駅西改札B17出口より徒歩5分 西新宿駅から231m","https://tblg.k-img.com/restaurant/images/Rvw/164311/640x640_rect_c4c098a1b5b9f6ef04215c8e5be9eaac.jpg","初台SC"
"ピーク・ラウンジ","3.64","837","18948","カフェ/バー","都庁前駅","\10,000～\14,999","\10,000～\14,999","https://tabelog.com/tokyo/A1304/A130401/13004207/","東京都新宿区西新宿3-7-1 パークハイアット東京　４１Ｆ","1600023","35.6861225786887","139.69041380448712","03-5323-3461","12:00 - 23:00 L.O. 料理22:00","","130席 （ラウンジはテーブル席/バーはカウンター席のご用意）","無","全席禁煙","予約可","","有","JR新宿駅南口より徒歩12分 都営大江戸線 都庁前駅より徒歩8分 都庁前駅から537m","https://tblg.k-img.com/restaurant/images/Rvw/366701/640x640_rect_df74a9b0c78c0fc0f44ae6d2e81c8a02.jpg","初台SC"
"ナンバー シュガー 表参道本店","3.64","726","30887","洋菓子/カフェ","明治神宮前駅","\1,000～\1,999","～\999","https://tabelog.com/tokyo/A1306/A130601/13166958/","東京都渋谷区神宮前5-11-11 1F","1500001","35.66649844870619","139.70617936427786","03-6427-3334","11:00 - 19:00 営業時間 11:00-19:00 （ただし、商品完売次第の閉店となります） 営業時間・","","10席","無","全席禁煙","予約不可","","無","ＪＲ原宿駅明治神宮口から徒歩１０分。 地下鉄表参道駅Ａ１出口から徒歩５分 地下鉄明治神宮前駅４番出口から徒歩５分 明治神宮前駅から251m","https://tblg.k-img.com/restaurant/images/Rvw/37786/640x640_rect_37786159.jpg","初台SC"
"麺屋 優創","3.64","632","16049","ラーメン/つけ麺","大久保駅","～\999","～\999","https://tabelog.com/tokyo/A1304/A130404/13103572/","東京都新宿区百人町2-19-11 サニーコープ エトナ1F","1690073","35.70432187867955","139.69796177466566","03-5937-4898","月・火・木・金・土・日 11:30 - 20:00 L.O. 19:30 水","","21席 （カウンター9席、掘り炬燵式テーブル席×2（12席見当））","無","全席禁煙","予約不可","","無 徒歩３分以内にコイン・パーキングあり","JR中央線「大久保」駅(北口)から徒歩6分 JR山手線「新大久保」駅から徒歩8分 大久保駅から426m","https://tblg.k-img.com/restaurant/images/Rvw/156041/640x640_rect_156041651.jpg","初台SC"
"麺汁食膳 好日","3.64","616","19338","ラーメン/つけ麺","東中野駅","～\999","～\999","https://tabelog.com/tokyo/A1319/A131901/13001033/","東京都中野区東中野1-53-7 ＭＫハウス 1Ｆ","1640003","35.70534042867446","139.68400645468574","03-3369-5914","火・水・木・金・土 11:30 - 14:30 17:30 - 20:30 月・日","","22席 （4人掛けテーブル席×3、丸テーブル席10人掛け。）","無","全席禁煙","予約不可","","無","JR中央線「東中野」駅(西口)から徒歩2分 東中野駅から108m","https://tblg.k-img.com/restaurant/images/Rvw/102936/640x640_rect_102936464.jpg","初台SC"
"Equal","3.64","570","50561","ケーキ","幡ケ谷駅","-","\1,000～\1,999","https://tabelog.com/tokyo/A1318/A131807/13239174/","東京都渋谷区西原2-26-16","1510066","35.67504122869202","139.67870774438342","03-6407-0885","木・金・土・日 10:00 - 17:00 月・火・水","","（テイクアウトのみ）","無","全席禁煙","予約不可","","無","京王新線「幡ヶ谷駅」より徒歩5分 幡ケ谷駅から294m","https://tblg.k-img.com/restaurant/images/Rvw/135697/640x640_rect_135697957.jpg","初台SC"
"葉隠","3.64","408","44165","もつ焼き/串焼き/焼き鳥","渋谷駅","\4,000～\4,999","-","https://tabelog.com/tokyo/A1303/A130301/13012940/","東京都渋谷区渋谷2-8-11","1500002","35.660652878710344","139.70757992421784","03-3400-3294","月・火・水・木・金 17:00 - 23:00 L.O. 料理22:00 土・日・祝日","","30席 （カウンター8席、テーブル12席、座敷8-12席 程度）","無","全席禁煙","予約可","","無","渋谷駅から徒歩15分 宮益坂を上がりきって道なりに歩き、一つ目の横断歩道（信号）を右に渡ったところの路地一つ入った付近 渋谷駅から589m","https://tblg.k-img.com/restaurant/images/Rvw/17390/320x320_rect_17390781.jpg","初台SC"
"MENSHO District","3.64","367","7192","ラーメン","代々木上原駅","\1,000～\1,999","\1,000～\1,999","https://tabelog.com/tokyo/A1318/A131811/13310413/","東京都渋谷区西原3-8-5 アコルデ代々木上原","1510066","35.66962333869614","139.68084818432717","03-6456-9002","月・火・水・木・金・土・日・祝日・祝前日・祝後日 11:00 - 22:00 L.O. 料理21:45","","27席 （カウンター7席、2人テーブル6卓、4人テーブル2卓）","無","全席禁煙","予約不可","","無","小田急線「代々木上原駅」から徒歩すぐ 代々木上原駅から123m","https://tblg.k-img.com/restaurant/images/Rvw/311501/640x640_rect_1dc9942c621bd5e33eb920d12e65277c.jpg","初台SC"
"もつ焼き 丸松","3.64","299","24320","もつ焼き","東中野駅","\3,000～\3,999","-","https://tabelog.com/tokyo/A1319/A131901/13205560/","東京都中野区東中野1-56-4 第一ビル 1-D","1640003","35.70598828867408","139.68410989469223","03-5338-4039","火・水・木・金・土 15:00 - 22:00 L.O. 21:00 日 15:00 - 21:00 L.O. 20:00 月","","17席 （カウンター13席 テーブル4席）","無","全席禁煙","予約可","","無","ＪＲ東中野駅駅西口２番出口から徒歩３０秒。 大江戸線東中野駅Ａ１出口徒歩２分。 東中野駅から45m","https://tblg.k-img.com/restaurant/images/Rvw/189010/640x640_rect_fc388d406e436c0be74247681450d262.jpg","初台SC"
"らあめん 満家","3.64","266","8773","ラーメン/つけ麺","大久保駅","-","～\999","https://tabelog.com/tokyo/A1304/A130404/13200037/","東京都新宿区百人町1-21-4","1690073","35.69996591868184","139.6964763046227","03-4405-5800","月・火・水・木・金 11:30 - 15:00 17:00 - 20:00 土 11:30 - 14:30 日","","8席 （カウンターのみ）","無","全席禁煙","予約不可","","無 近くのコイン・パーキング：北新宿1-5-1に6台収容、百人町1-21-12に６台収容、ほか","ＪＲ中央線【大久保駅】北口 徒歩３分 ＪＲ中央線【大久保駅】南口 徒歩４分 ＪＲ山手線【新大久保駅】徒歩７分 西武新宿線【西武新宿駅】北口 徒歩７分 大久保駅から111m","https://tblg.k-img.com/restaurant/images/Rvw/361364/640x640_rect_34b036335fa6661410931ce4b40848a2.jpg","初台SC"
"月光茶房","3.64","216","22289","喫茶店/カフェ","表参道駅","～\999","-","https://tabelog.com/tokyo/A1306/A130602/13010596/","東京都渋谷区神宮前3-5-2 ＥＦビル　Ｂ１Ｆ","1500001","35.668944418706616","139.71240110429818","03-3402-7537","","不定休","9席 （L字カウンター9席）","無","全席禁煙","予約不可","喫茶店 百名店 2026","無","東京メトロ銀座線・千代田線・半蔵門線「表参道駅」A2出口から徒歩6分 表参道駅から419m","https://tblg.k-img.com/restaurant/images/Rvw/183329/640x640_rect_319ea08fef053d83768a482d52c37f11.jpg","初台SC"
"ペストリー ブティック","3.64","199","7335","ケーキ/パン/サンドイッチ","都庁前駅","\2,000～\2,999","-","https://tabelog.com/tokyo/A1304/A130401/13004200/","東京都新宿区西新宿3-7-1-2 パーク ハイアット 東京 2F","1600023","35.6861227386887","139.69040806448714","03-5323-3462","11:00 - 19:00 営業時間・","","","無","全席禁煙","予約可","","有 ペストリーブティック利用時は無料","都庁前駅から537m","https://tblg.k-img.com/restaurant/images/Rvw/230126/640x640_rect_76f3506d0154fb53a963e17a08fefd7d.jpg","初台SC"
"ベーカリー&レストラン 沢村 新宿","3.63","2028","81748","パン/カフェ/洋食","新宿駅","\6,000～\7,999","-","https://tabelog.com/tokyo/A1304/A130403/13193553/","東京都渋谷区千駄ヶ谷 5-24-55 NEWoMan SHINJUKU 2F","1510051","35.68831709869052","139.7004933545022","03-5362-7735","【営業時間】 [ベーカリー] 7:00～21:00 [レストラン] 7:00～10:00、11:00～23:00(L.O.22:00) 営業時間・","","50席 （カウンター8席、テーブル42席）","無","全席禁煙","予約不可","パン 百名店 2020","無","JR各線 新宿駅直結 新宿駅から230m","https://tblg.k-img.com/restaurant/images/Rvw/311921/640x640_rect_318e4e3e434bb0977fe19b3732cf028c.jpg","初台SC"
"一滴八銭屋 新宿本店","3.63","2021","100321","うどん/居酒屋/おでん","新宿駅","\4,000～\4,999","～\999","https://tabelog.com/tokyo/A1304/A130401/13000760/","東京都新宿区西新宿1-15-9 KCビル　２Ｆ・３Ｆ","1600023","35.68904883788364","139.69717398335018","03-3342-8889","月・火・水・木・金 11:00 - 14:30 L.O. 14:30 17:30 - 22:00 L.O. 21:30 土・日・祝日 11:00 - 14:30 L.O. 14:30 17:00 - ","","44席 （カウンター12席・テーブル8席・掘りごたつ座敷24～26席）","有 （6人可、8人可、10～20人可、20～30人可） ※すだれで区切って半個室風に御利用いただけます。 ※２０名様～２６名様で、ワンフロア貸切個室。","全席禁煙","予約可","うどん 百名店 2024","無","JR新宿駅・西口または南口より徒歩5分 新宿駅から297m","https://tblg.k-img.com/restaurant/images/Rvw/36711/640x640_rect_36711516.jpg","初台SC"
"ピエール・エルメ・パリ Aoyama","3.63","1818","56210","ケーキ/マカロン/カフェ","表参道駅","\3,000～\3,999","\3,000～\3,999","https://tabelog.com/tokyo/A1306/A130602/13014316/","東京都渋谷区神宮前5-51-8 ラ・ポルト青山　1・2F","1500001","35.662792438709666","139.70968469423798","03-5485-7766","12:00 - 19:00 L.O. 18:30 【","","15席 （ソファー席3テーブル(最大3名掛け) カウンター8席）","無","全席禁煙","予約不可","スイーツ 百名店 2023","無","東京メトロ銀座線・半蔵門線・千代田線「表参道駅」B2出口から徒歩3分 表参道駅から368m","https://tblg.k-img.com/restaurant/images/Rvw/168574/640x640_rect_f9ebf11cc0e034e45f769838e3766e8f.jpg","初台SC"
"手打 しまだ","3.63","1163","62928","うどん/そば/居酒屋","表参道駅","\4,000～\4,999","\1,000～\1,999","https://tabelog.com/tokyo/A1306/A130602/13006991/","東京都港区南青山3-13-3","1070062","35.665867538709044","139.71389915426607","03-3403-0201","月・火・水・木・金 11:30 - 13:45 18:00 - 23:30 土・日","","84席 （２Fは仕切りの無い座敷）","無","全席禁煙","予約可","うどん 百名店 2024","無","東京メトロ銀座線・千代田線・半蔵門線【表参道駅】徒歩４分 表参道駅から147m","https://tblg.k-img.com/restaurant/images/Rvw/213109/640x640_rect_128353c6a7dac1cc5865b6f2a9e4be71.jpg","初台SC"
"MORETHAN BAKERY","3.63","784","62260","パン/サンドイッチ/カフェ","西新宿五丁目駅","-","～\999","https://tabelog.com/tokyo/A1304/A130401/13224169/","東京都新宿区西新宿4-31-1 HOTEL THE KNOT TOKYO Shinjuku 1F","1600023","35.6886056378812","139.6887205833516","03-6276-7635","08:00 - 18:00","","（ホテル内でイートイン可能です。）","無","全席禁煙","予約不可","","有 ホテル併設のコインパーキングがございます","JR新宿西口から徒歩13分 京王新線初台駅から徒歩10分 大江戸線都庁前からから徒歩５分 大江戸線西新宿５丁目駅から徒歩5分 西新宿五丁目駅から388m 西新宿五丁目駅から411m","https://tblg.k-img.com/restaurant/images/Rvw/110006/640x640_rect_110006888.jpg","初台SC"
"炭火焼 生ラム ジンギスカン だるまや 新宿西口本店","3.63","776","66573","ジンギスカン/肉料理/居酒屋","新宿駅","\6,000～\7,999","-","https://tabelog.com/tokyo/A1304/A130401/13011959/","東京都新宿区西新宿1-15-7 西口ライフビル　２Ｆ","1600023","35.688758358689185","139.697179514509","03-3344-1129","月・火・水・木・金・土・日 17:30 - 23:30 L.O. 23:00 祝日","","13席 （カウンターのみ）","無","全席禁煙","予約可","","無","新宿駅西口から徒歩6分 新宿駅から314m","https://tblg.k-img.com/restaurant/images/Rvw/281754/640x640_rect_6e6919d60b6d5a59f309b15db61e0366.jpg","初台SC"
"ラーメン 武蔵家 中野本店","3.63","758","14084","ラーメン","新中野駅","\1,000～\1,999","\1,000～\1,999","https://tabelog.com/tokyo/A1319/A131902/13013524/","東京都中野区中央4-4-1 藤晃ビル　１Ｆ","1640011","35.697614338674605","139.66905654461817","03-3381-0141","月・火・木・金・日 11:00 - 02:00 水 11:00 - 16:00 土 11:00 - 23:30 水曜日の夜営業はしばらく休止とのこと 営業時間・","","15席 （カウンターのみ）","無","全席禁煙 店外に灰皿あり","予約不可","","無 近隣にコインパーキングあり","徒歩：東京メトロ丸ノ内線「新中野駅」より徒歩1分ほど 新中野駅から15m","https://tblg.k-img.com/restaurant/images/Rvw/361269/640x640_rect_5b3eb91594fefbb0fba8af6686f94d4b.jpg","初台SC"
"西尾さん","3.63","629","101778","居酒屋/おでん","新宿三丁目駅","\3,000～\3,999","-","https://tabelog.com/tokyo/A1304/A130401/13026389/","東京都新宿区新宿3-1-32 新宿ビル３号 Ｂ１Ｆ","1600022","35.689793718691476","139.70642884451297","03-3358-6625","月・火・水・木 16:00 - 23:00 L.O. 22:00 金・土・日 15:30 - 23:00 L.O. 22:00","月曜","16席","無","全席禁煙","予約可","居酒屋 百名店 2021","無","東京メトロ「新宿三丁目」駅より徒歩2分程度。 JR「新宿」駅より徒歩10分程度。 新宿三丁目駅から182m","https://tblg.k-img.com/restaurant/images/Rvw/32830/640x640_rect_32830909.jpg","初台SC"
"bubo BARCELONA 表参道店","3.63","572","30037","チョコレート/ケーキ/カフェ","表参道駅","-","\1,000～\1,999","https://tabelog.com/tokyo/A1306/A130601/13203821/","東京都渋谷区神宮前5-6-5 Path表参道 B棟","1500001","35.66598659870734","139.70876382427085","03-6427-3039","月・水・木・金 12:00 - 20:00 L.O. 18:30 土・日・祝日 11:00 - 20:00 L.O. 18:30 火","","28席","無","全席禁煙","予約可","","無","地下鉄表参道駅A1出口から徒歩3分 表参道駅から351m","https://tblg.k-img.com/restaurant/images/Rvw/206170/640x640_rect_b0608c6654313299af98f7ce42d729de.jpg","初台SC"
"ぽつらぽつら","3.63","535","49519","日本料理/ビストロ","神泉駅","\10,000～\14,999","-","https://tabelog.com/tokyo/A1303/A130301/13098453/","東京都渋谷区円山町22-11 堀内ビル　１Ｆ","1500044","35.656156337903525","139.69404788302012","03-5456-4512","月・火・水・木・金・土・日・祝日・祝前日・祝後日 18:00 - 23:00 L.O. 料理21:30 ドリンク22:30 ??不定休","","12席","無","全席禁煙","完全予約制","","無 近くのコイン・パーキング：円山町17に8台収容、神泉町9-14に40台収容、ほか","京王井の頭線【神泉駅】徒歩３分 JR【渋谷駅】徒歩９分 神泉駅から131m","https://tblg.k-img.com/restaurant/images/Rvw/222253/640x640_rect_55489e2cf47e144e47e8f71c8cfad015.jpg","初台SC"
"赤ちょうちん","3.63","528","33325","牛料理/居酒屋","新宿御苑前駅","\4,000～\4,999","-","https://tabelog.com/tokyo/A1304/A130402/13000919/","東京都新宿区新宿1-18-10","1600022","35.689970535479105","139.71148541139894","03-3354-7266","月・火・水・木・金 17:30 - 22:00 土 17:30 - 21:00 日・祝日","","30席 （カウンター6席、テーブル（4席）×2台、座敷にテーブル6台（最大24人程度））","無","全席喫煙可 2020年4月1日より受動喫煙対策に関する法律(改正健康増進法）が施行されており、最新の情報と異なる場合がございますので、ご来店前に店舗にご確認ください。","予約可","","無","丸の内線 新宿御苑前徒歩5分 新宿御苑前駅から165m","https://tblg.k-img.com/restaurant/images/Rvw/135833/640x640_rect_135833014.jpg","初台SC"
"カリー カイラス","3.63","496","23097","カレー","神泉駅","-","\1,000～\1,999","https://tabelog.com/tokyo/A1303/A130301/13003347/","東京都渋谷区道玄坂1-19-1 渋谷道玄坂商店街振興組合ビル 1F","1500043","35.657195368708955","139.6963220041908","03-3770-2257","月・火・水・木・金 11:30 - 16:00 土 11:30 - 14:00 日・祝日","","10席 （カウンター10席）","無","全席禁煙","予約不可","","無 近くの有料駐車場：道玄坂1-20-9寿パーキング116台、渋谷マークシティ駐車場210台、他","京王井の頭線【渋谷駅】徒歩4分 京王井の頭線【神泉駅】徒歩5分 ＪＲ山手線他【渋谷駅】徒歩7分 東京メトロ半蔵門線、東急田園都市線【渋谷駅】徒歩8分 神泉駅から246m","https://tblg.k-img.com/restaurant/images/Rvw/363490/640x640_rect_72095258caf84e45c262adc19e7e6919.jpg","初台SC"
"デメララ・ベーカリー","3.63","456","16208","洋菓子","新宿駅","\1,000～\1,999","-","https://tabelog.com/tokyo/A1304/A130403/13193618/","東京都渋谷区千駄ヶ谷5-24-55 NEWoMan SHINJUKU 2F エキナカ","1510051","35.68859052869051","139.70103260450463","03-6457-8898","月・火・水・木・金・土 09:00 - 21:00 日・祝日 09:00 - 20:30 営業時間・","","","無","全席禁煙","予約不可","","無 近隣にコインパーキングあり","JR各線「新宿駅」ミライナタワー改札・甲州街道改札・新南改札方面へお越しください。 都営新宿線・都営大江戸線・京王新線「新宿駅」から徒歩5分 東京メトロ副都心線「新宿三丁目駅」から徒歩3分（E10出口すぐ） 新宿駅から216m","https://tblg.k-img.com/restaurant/images/Rvw/357404/640x640_rect_1d813115ec6279c16a8a3011e4a5a5a9.jpg","初台SC"
"モンブランスタイル","3.63","356","44888","ケーキ/洋菓子","代々木八幡駅","\3,000～\3,999","\3,000～\3,999","https://tabelog.com/tokyo/A1318/A131810/13221894/","東京都渋谷区富ヶ谷1-3-3 スズビル 1F","1510063","35.66960063789361","139.68974098315894","070-4343-1568","","","6席 （カウンター6席）","無","全席禁煙","完全予約制","","無","小田急線 代々木八幡駅より徒歩2分 東京メトロ 代々木公園駅より徒歩2分 代々木八幡駅から48m","https://tblg.k-img.com/restaurant/images/Rvw/233311/640x640_rect_af0d66e9dd51319c058d867568121fb6.jpg","初台SC"
"焼鳥 るい家","3.63","302","20907","焼き鳥/居酒屋/日本酒バー","新宿西口駅","\8,000～\9,999","-","https://tabelog.com/tokyo/A1304/A130401/13274718/","東京都新宿区西新宿7-15-6 KS SQUARE 1F","1600023","35.695447037879546","139.6971490834148","050-1725-2434","月・火・水・木・金・土 17:00 - 23:00 L.O. 22:00 日","日曜日","16席","無","全席禁煙","予約可","","無","丸の内線 西新宿駅より徒歩5分 JR山手線 新宿駅より徒歩7分 新宿西口駅から273m","https://tblg.k-img.com/restaurant/images/Rvw/351715/640x640_rect_1437189e7dc4b818b5df9b002f307068.jpg","初台SC"
"らぁめん 希いろ","3.63","249","4838","ラーメン","中野坂上駅","\1,000～\1,999","\1,000～\1,999","https://tabelog.com/tokyo/A1319/A131903/13314522/","東京都中野区中央1-37-4 昇和ビル","1640011","35.69712213352231","139.68389489273042","","月・火・金・土・日 11:00 - 15:00 L.O. 料理14:30 18:00 - 21:00 L.O. 料理20:30 水 11:00 - 15:00 L.O. 料理14:30 木","","7席","無","全席禁煙","予約不可","","無","中野坂上駅A1出口から徒歩1分 中野坂上駅から157m","https://tblg.k-img.com/restaurant/images/Rvw/365453/640x640_rect_c7d00317a87133f7aac39e7f1cd72ce4.jpg","初台SC"
"焼肉ヒロミヤ 新本店","3.63","195","23038","焼肉","四谷三丁目駅","\8,000～\9,999","-","https://tabelog.com/tokyo/A1309/A130903/13279918/","東京都新宿区富久町9-1","1620067","35.69116337869381","139.71650674451976","03-3353-6101","火 15:00 - 22:30 水・木・金・土・日 17:00 - 22:00 月","","","有","全席禁煙","予約可","焼肉 百名店 2025","無","四谷三丁目駅から514m","https://tblg.k-img.com/restaurant/images/Rvw/257111/640x640_rect_d19728bf5019163c745d19df9b9d4662.jpg","初台SC"
"ボトルス","3.63","138","16960","イタリアン/ワインバー/パスタ","北参道駅","\10,000～\14,999","\8,000～\9,999","https://tabelog.com/tokyo/A1304/A130403/13222744/","東京都渋谷区千駄ヶ谷4-10-4 千駄ヶ谷グリーンランドビル 2F","1510051","35.6798768047961","139.7064421283102","03-6804-5890","水・木・金・土・日・祝日・祝前日・祝後日 18:00 - 23:00 L.O. 20:00 月・火","月曜日","11席","無","全席禁煙","予約可","","無","東京メトロ副都心線「北参道」駅から徒歩4分 「千駄ヶ谷」駅・「国立競技場」駅から徒歩6分 北参道駅から186m","https://tblg.k-img.com/restaurant/images/Rvw/92206/640x640_rect_92206293.jpg","初台SC"
"カエサリオン","3.63","67","7187","バー","代々木上原駅","\6,000～\7,999","-","https://tabelog.com/tokyo/A1318/A131811/13002011/","東京都渋谷区上原1-33-16 オーツカビル　１Ｆ","1510064","35.66938055869636","139.68107636432453","03-3485-2907","月・火・水・木・金・土 16:00 - 23:30 日","","10席","無","全席喫煙可 2020年4月1日より受動喫煙対策に関する法律(改正健康増進法）が施行されており、最新の情報と異なる場合がございますので、ご来店前に店舗にご確認ください。","予約不可","","無","代々木上原駅から130m","https://tblg.k-img.com/restaurant/images/Rvw/74815/320x320_rect_74815034.jpg","初台SC"
"SAM wood fired","3.63","62","8607","ピザ","参宮橋駅","-","\5,000～\5,999","https://tabelog.com/tokyo/A1318/A131810/13297645/","東京都渋谷区代々木4-45-5 パークテラス参宮橋101","1510053","35.67929770249942","139.6906784641438","","15:00 - 23:00 L.O. 22:00 【","","11席 （カウンター7席、テーブル4席）","無","","予約可","","無","参宮橋駅から280m","https://tblg.k-img.com/restaurant/images/Rvw/356471/640x640_rect_04e067bbca99d1c1ab51071dc9c78216.jpg","初台SC"
"ラーメン二郎 新宿小滝橋通り店","3.62","1445","12327","ラーメン/つけ麺","西武新宿駅","\1,000～\1,999","\1,000～\1,999","https://tabelog.com/tokyo/A1304/A130401/13001044/","東京都新宿区西新宿7-5-5 1F","1600023","35.69636193868472","139.698325474585","03-3371-5010","11:00 - 21:45","","18席 （コの字型カウンター12席にテーブル2卓、4人がけ1、2人がけ1）","無","全席禁煙","予約不可","","無","都営地下鉄 大江戸線「新宿西口駅」D5出口より徒歩2分 東京メトロ 丸ノ内線「新宿駅」D5出口より徒歩2分 西武新宿線「西武新宿駅」正面口・北口より徒歩5分 JR山手線・中央線・総武線（各駅停車）・埼京線・湘南新宿ライン「新宿駅」西口より、徒歩10分 京王線「新宿駅」京王西口より徒歩11分 小田急線「新宿駅」西口地上改札口より徒歩11分 西武新宿駅から162m","https://tblg.k-img.com/restaurant/images/Rvw/367091/640x640_rect_6eed189df876c820cc046f8866ce59bd.jpg","初台SC"
"焼肉うしごろ 表参道店","3.62","1264","56691","焼肉/ステーキ/ホルモン","表参道駅","\8,000～\9,999","\3,000～\3,999","https://tabelog.com/tokyo/A1306/A130602/13252182/","東京都渋谷区神宮前5-50-3 アーバンテラス青山 2F","1500001","35.66318733790411","139.70991208308","03-3400-4129","月・火・水・木・金 17:00 - 23:30 L.O. 料理22:30 土・日・祝日 11:30 - 23:30 L.O. 料理22:30","","63席","有 （4人可、6人可） 同一グループでの離れた席ご案内はご利用できない場合がございます 団体様は必ずお電話にてお問合せ頂きますようお願い致します","全席禁煙","予約可","焼肉 百名店 2025","無","表参道駅Ｂ2出口から徒歩5分 表参道駅から328m 表参道駅から323m","https://tblg.k-img.com/restaurant/images/Rvw/357055/640x640_rect_ba560c7b2779df1ea8640329fbcd8a64.jpg","初台SC"
"I'm donut ?グルテンフリー 渋谷青山通り","3.62","1106","37597","ドーナツ","渋谷駅","～\999","～\999","https://tabelog.com/tokyo/A1303/A130301/13272709/","東京都渋谷区渋谷2-9-1","1500002","35.66088713790483","139.7075928830584","","10:00 - 20:00","","（テイクアウト専門）","無","全席禁煙","予約不可","","無","東京メトロ渋谷駅B4出口から徒歩約10分 渋谷駅から599m","https://tblg.k-img.com/restaurant/images/Rvw/261448/640x640_rect_335d8d4f4304adae5364bb9b8462aa25.jpg","初台SC"
"日々の中華食堂","3.62","601","45233","中華料理","代々木上原駅","\5,000～\5,999","\1,000～\1,999","https://tabelog.com/tokyo/A1318/A131811/13260943/","東京都渋谷区上原1-33-11 TOPCOURT4 1F","1510064","35.66912963789106","139.68081428316046","03-5790-9655","火・水・木・金・土・日・祝日 11:00 - 15:00 L.O. 14:00 17:00 - 22:30 L.O. 22:00 月","月曜日","30席 （カウンター6席/テーブル24席）","無","全席禁煙","予約可","中国料理 百名店 2026","無 近隣にコインパーキングあり","小田急小田原線 『代々木上原駅』 徒歩1分 東京メトロ千代田線 『代々木上原駅』 徒歩1分 代々木上原駅から101m","https://tblg.k-img.com/restaurant/images/Rvw/311400/640x640_rect_77adb9344cf75edd5597b04eb9fb2946.jpg","初台SC"
"クリスチアノ","3.62","578","56764","ポルトガル料理/ヨーロッパ料理/バー","代々木八幡駅","\8,000～\9,999","-","https://tabelog.com/tokyo/A1318/A131810/13120409/","東京都渋谷区富ヶ谷1-51-10 プリティパインビル１Ｆ","1510063","35.668654008699356","139.68903472431163","03-5790-0909","月・火・水・木・金 17:00 - 23:00 L.O. 22:00 土・日・祝日 12:00 - 15:00 L.O. 14:30 17:00 - 23:00 L.O. 22:00 営業時間・","","38席 （カウンター8席、テーブル30席）","無","全席禁煙 店の外にも灰皿はありません","予約可","","無","小田急線代々木八幡駅・千代田線代々木公園駅徒歩1分 代々木八幡駅から137m","https://tblg.k-img.com/restaurant/images/Rvw/171958/640x640_rect_88d5e594e06c218f750778f9e14a4ad9.jpg","初台SC"
"オパン","3.62","538","22829","パン","笹塚駅","～\999","～\999","https://tabelog.com/tokyo/A1318/A131808/13193750/","東京都渋谷区笹塚1-9-9","1510073","35.673603718690124","139.66989889437505","03-6407-8507","水・木・金・土・日 08:00 - 19:00 月・火","","","無","全席禁煙","予約可","","無","京王線 笹塚駅より徒歩3分 京王線 幡ヶ谷駅より徒歩10分 小田急線 代々木上原駅より徒歩15分 小田急線 下北沢駅より徒歩15分 笹塚駅から228m","https://tblg.k-img.com/restaurant/images/Rvw/173328/640x640_rect_726c55d7cac9765236e99e3b287abe0e.jpg","初台SC"
"AURELIO","3.62","538","106133","イタリアン","神泉駅","\10,000～\14,999","-","https://tabelog.com/tokyo/A1303/A130301/13197889/","東京都渋谷区円山町16-1","1500044","35.65813193790219","139.69380698304022","03-6755-6037","月・木・金・土・日 15:00 - 23:00 L.O. 料理21:00 火・水","","21席 （カウンター12席、テーブル9席(セパレート可)）","無","全席禁煙 外で喫煙可","予約可","","無 近くにコインパーキングあり","京王井の頭線神泉駅から徒歩1分 各線渋谷駅から徒歩7分 神泉駅から96m","https://tblg.k-img.com/restaurant/images/Rvw/150991/640x640_rect_150991036.jpg","初台SC"
"タイ料理 ミャオミャオ","3.62","511","27959","タイ料理/居酒屋/カレー","幡ケ谷駅","\4,000～\4,999","\1,000～\1,999","https://tabelog.com/tokyo/A1318/A131807/13267611/","東京都渋谷区幡ヶ谷2-1-4 ACN渋谷幡ヶ谷ビル 2F","1510072","35.677959737884734","139.67855318325124","03-6383-3222","月・火・金・土・日 11:30 - 15:00 L.O. 14:30 17:30 - 23:00 L.O. 料理22:00 ドリンク22:30 木 17:30 - 23:00 L.O. 料理22:00","","29席 （テーブル24席、カウンター5席）","無","全席禁煙 喫煙スペース有り","予約可","アジア・エスニック 百名店 2026","無","幡ヶ谷駅北口から徒歩3分 京王新線「幡ヶ谷駅」北口から新宿方面に約150m 幡ケ谷駅から160m","https://tblg.k-img.com/restaurant/images/Rvw/168197/640x640_rect_42eaae8d5092147ff1a750ebbacd6307.jpg","初台SC"
"ミニマル ザ ベイキング 代々木上原店","3.62","454","36439","チョコレート/ケーキ/カフェ","代々木上原駅","\1,000～\1,999","\1,000～\1,999","https://tabelog.com/tokyo/A1318/A131811/13235774/","東京都渋谷区上原1-34-5","1510064","35.66929403789126","139.68175448316143","03-6407-8292","11:00 - 19:00 L.O. 18:30","なし","8席 （室内8席（カウンター4席）、屋外ベンチ）","無","全席禁煙","予約不可","","無 近隣にコインパーキングあり","小田急線・東京メトロ千代田線「代々木上原駅」南口２から徒歩１分 代々木上原駅から188m","https://tblg.k-img.com/restaurant/images/Rvw/164786/640x640_rect_5a3f270ed97ef3cdcfa24e3ada1125d1.jpg","初台SC"
"茶豆","3.62","375","14114","カレー/喫茶店","笹塚駅","\1,000～\1,999","\1,000～\1,999","https://tabelog.com/tokyo/A1318/A131808/13001817/","東京都渋谷区笹塚1-44-4","1510073","35.67247371868918","139.66469543436727","03-3465-6875","火・木 11:30 - 15:00 L.O. 14:30 日 11:30 - 15:30 L.O. 15:00 月・水・金・土・祝日","","18席 （カウンター６席＋４人掛けテーブル３卓）","無","全席禁煙","予約不可","","無","笹塚駅より徒歩7分 笹塚駅から283m","https://tblg.k-img.com/restaurant/images/Rvw/252323/640x640_rect_ad3e10494486648832e62f79c778aa14.jpg","初台SC"
"泰然","3.62","352","33503","鳥料理/日本料理/親子丼","新宿御苑前駅","\6,000～\7,999","\1,000～\1,999","https://tabelog.com/tokyo/A1304/A130402/13146085/","東京都新宿区新宿1-23-11 御苑メインビル 1F","1600022","35.689535218694154","139.7143534145048","03-6380-5228","月・火・水・木・金・土・祝日 18:00 - 23:00 日","","18席 （カウンター8席、座敷10席）","有","分煙 2020年4月1日より受動喫煙対策に関する法律(改正健康増進法）が施行されており、最新の情報と異なる場合がございますので、ご来店前に店舗にご確認ください。","予約可","鳥料理 百名店 2025","無","新宿御苑前駅から344m","https://tblg.k-img.com/restaurant/images/Rvw/149649/640x640_rect_149649949.jpg","初台SC"
"ウミネコカレー","3.62","283","15917","カレー","幡ケ谷駅","-","～\999","https://tabelog.com/tokyo/A1318/A131807/13217821/","東京都渋谷区幡ヶ谷1-32-16","1510072","35.67634188869053","139.67665488439798","070-6972-3103","火・水・木・金・土・日 11:30 - 15:00 L.O. 14:30 月","月曜日","10席 （カウンター10席）","無","全席禁煙","予約不可","","無 近隣にコインパーキングあり","京王新線幡ヶ谷駅南口から徒歩1分 幡ケ谷駅から109m","https://tblg.k-img.com/restaurant/images/Rvw/108041/320x320_rect_108041051.jpg","初台SC"
"あおい","3.62","232","22114","日本料理/居酒屋/海鮮","新宿御苑前駅","\8,000～\9,999","\3,000～\3,999","https://tabelog.com/tokyo/A1304/A130402/13250913/","東京都新宿区四谷4-31-7","1600004","35.68928250869447","139.71482686450193","03-6457-7736","月・火・木・金 11:30 - 13:00 18:00 - 22:00 水・土・日・祝日","","21席 （カウンター5席、テーブル16席（2名掛け×6、4名掛け×1））","無","全席禁煙","予約可","","無","新宿御苑駅から徒歩５分 新宿御苑前駅から379m","https://tblg.k-img.com/restaurant/images/Rvw/311418/640x640_rect_3f55648bb536fa99cb3222912598d988.jpg","初台SC"
"ハルダモンカレー","3.62","230","9385","カレー","代々木上原駅","\2,000～\2,999","\1,000～\1,999","https://tabelog.com/tokyo/A1318/A131811/13311004/","東京都渋谷区西原3-20-5 ファースト パティオ B1F","1510066","35.67045626869576","139.68132638433525","080-3554-0033","月・木・金・土・日 11:30 - 15:30 L.O. 料理15:00 火・水","","16席","無 テーブル席あり","全席禁煙","予約不可","","無 近隣にコインパーキングあり","代々木上原駅から216m","https://tblg.k-img.com/restaurant/images/Rvw/363113/640x640_rect_692dc4fe2621f497c4fd2678cf74cc98.jpg","初台SC"
"TOKYO CHINOIS 神子","3.62","218","20873","中華料理/四川料理","代々木駅","\15,000～\19,999","\10,000～\14,999","https://tabelog.com/tokyo/A1304/A130403/13211578/","東京都渋谷区千駄ヶ谷5-30-10 MEPOⅡ 1F","1510051","35.685221837888335","139.7043225833065","03-6316-5388","月・火・水・木・金・土 12:00 - 14:00 18:00 - 22:00 日・祝日","日曜","16席 （オープンキッチンカウンター4席、テーブル8席（最大10席）、個室３~4席）","有 （4人可） 個室使用料 \3300（税込）頂戴致します。 テーブル席貸切（6名様から最大8名様までの半個室も可）の場合、貸切料\5500（税込）頂戴致します。","全席禁煙","完全予約制","","無 近隣の有料コインパーキングをご利用くださいませ","JR代々木駅（山手線、中央・総武線）東口…徒歩3分 都営地下鉄代々木駅（大江戸線）A2出口…徒歩4分 新宿三丁目駅（副都心線、丸ノ内線、都営新宿線）E8出口…徒歩4分 新宿駅（埼京線、湘南新宿ライン、中央線、総武線、山手線）新南改札口…徒歩7分 代々木駅から250m","https://tblg.k-img.com/restaurant/images/Rvw/146288/640x640_rect_146288210.jpg","初台SC"
"ステッピン","3.62","201","10168","パン","幡ケ谷駅","-","-","https://tabelog.com/tokyo/A1318/A131807/13270583/","東京都渋谷区本町6-37-10","1510071","35.68091823788225","139.67669608328242","","","","（テイクアウトのみ）","無","全席禁煙","予約可","","無","幡ヶ谷駅徒歩8分 幡ケ谷駅から403m","https://tblg.k-img.com/restaurant/images/Rvw/347475/640x640_rect_99e050e68245a21700ca5b3016299327.jpg","初台SC"
"勢揃坂 蕎 ぎん清","3.62","140","16307","そば/創作料理/日本酒バー","外苑前駅","\6,000～\7,999","\1,000～\1,999","https://tabelog.com/tokyo/A1306/A130603/13123033/","東京都渋谷区神宮前2-3-10 ヒルトップ神宮前１Ｆ","1500001","35.673182637898954","139.7136468831784","03-3479-1911","月・火・木・金 11:30 - 13:45 L.O. 13:15 18:00 - 21:30 L.O. 20:00 水・土 18:00 - 21:30 L.O. 20:00 日・祝日","","14席 （カウンター6席、テーブル8席）","無","全席禁煙","完全予約制","","無 近隣にコインパーキングあり","銀座線外苑前駅3番出口より徒歩7分 3番出口より地上に出ましたら、目の前の横断歩道を渡りまして右方向へ。 1本目の路地「熊野通り」（酒店の角）を左に入ります。 しばらく直進して熊野神社の先の路地を右に入り、 100ｍほど行った左手の白い壁がお店です。 外苑前駅から489m","https://tblg.k-img.com/restaurant/images/Rvw/86415/320x320_rect_86415315.jpg","初台SC"
"ラトラスフィス","3.62","138","8353","フレンチ","四谷三丁目駅","\8,000～\9,999","\5,000～\5,999","https://tabelog.com/tokyo/A1309/A130903/13220937/","東京都新宿区愛住町2-5","1600005","35.688365237890906","139.71869038332818","03-6457-7290","月・水・木・金・土・日 11:30 - 14:30 L.O. 13:30 18:30 - 22:00 L.O. 20:00 火","","12席 （全席テーブル）","無","全席禁煙","予約可","","無 近隣にコインパーキングあり","丸ノ内線 四谷三丁目駅 2番出口から徒歩3分 都営新宿線 曙橋駅 A2出口から徒歩8分 美術愛住館に併設 四谷三丁目駅から180m","https://tblg.k-img.com/restaurant/images/Rvw/334564/640x640_rect_915913cd5822c6a56cfa3363ea55625c.jpg","初台SC"
"弐代目 かやもり","3.62","62","6342","牛料理/創作料理/そば","東北沢駅","\15,000～\19,999","\1,000～\1,999","https://tabelog.com/tokyo/A1318/A131811/13272304/","東京都世田谷区北沢3-1-20 VOERE東北沢 2F","1550031","35.66609662869604","139.67351119429668","03-6804-9815","火・水・日 18:00 - 23:00 木・金・土 12:00 - 14:00 18:00 - 23:00 月","月曜日","8席 （カウンター8席）","無","全席禁煙","完全予約制","","無","小田急線東北沢駅から徒歩1分 小田急線下北沢駅から徒歩10分 京王線笹塚駅から徒歩15分 京王線井の頭線池ノ上駅から徒歩8分 東北沢駅から85m","https://tblg.k-img.com/restaurant/images/Rvw/213849/640x640_rect_57db1df9491feba78142ee5410b967f1.jpg","初台SC"
"ベトナムちゃん","3.61","1404","63391","ベトナム料理/アジア・エスニック","大久保駅","\4,000～\4,999","\1,000～\1,999","https://tabelog.com/tokyo/A1304/A130404/13122530/","東京都新宿区百人町1-19-17","1690073","35.701506258680844","139.6963898346383","03-3365-0107","月・火・水・木・金 11:30 - 15:00 L.O. 14:30 17:30 - 23:00 L.O. 料理22:00 ドリンク22:30 土・日・祝日 11:30 - 15:00 L.O. 14","なし","36席","無","全席禁煙","予約可","アジア・エスニック 百名店 2026","無","総武線 大久保駅/山手線 新大久保駅 JR総武線大久保駅 北口を出て左折、蕎麦屋のところを右折して正面くらいに看板あり。 大久保駅から151m","https://tblg.k-img.com/restaurant/images/Rvw/348549/640x640_rect_5bd906247a956c5402185ec0e0bedf9d.jpg","初台SC"
"BAKERY & BURGER JB'S TOKYO","3.61","1291","60759","ハンバーガー","代々木駅","\1,000～\1,999","～\999","https://tabelog.com/tokyo/A1304/A130403/13260771/","東京都渋谷区代々木1-33-3","1510053","35.68280783788919","139.70219118328362","03-6300-0913","11:00 - 22:00 L.O. 21:30","無休","9席 （3階に9席）","無","全席禁煙","予約可","ハンバーガー 百名店 2026","無","JR代々木駅、都営地下鉄大江戸線代々木駅から徒歩0分 代々木駅から118m","https://tblg.k-img.com/restaurant/images/Rvw/156304/640x640_rect_156304932.jpg","初台SC"
"名曲･珈琲 新宿 らんぶる","3.61","1272","65051","喫茶店","新宿三丁目駅","\1,000～\1,999","\1,000～\1,999","https://tabelog.com/tokyo/A1304/A130401/13000865/","東京都新宿区新宿3-31-3 １Ｆ・Ｂ１Ｆ","1600022","35.690597608690176","139.70396911452283","03-3352-3361","月・火・水・木・金・土・日・祝日・祝前日・祝後日 09:30 - 23:00 コロナ禍で18時までの時短営業でしたが、 現在は23時まで営業しています。 年末年始の営業について 12月31日から1月3","","200席 （約200席。全席禁煙。）","無","全席禁煙 全席：禁煙席","予約可","","無","JR新宿駅徒歩5分 東京メトロ・都営線新宿三丁目駅徒歩2分 新宿三丁目駅から89m","https://tblg.k-img.com/restaurant/images/Rvw/177941/640x640_rect_b8dd84ae956f44826ca2b82b4abcaab7.jpg","初台SC"
"ジャン・フランソワ 渋谷マークシティ","3.61","1089","27578","パン/カフェ","渋谷駅","～\999","～\999","https://tabelog.com/tokyo/A1303/A130301/13099225/","東京都渋谷区道玄坂1-12-1 渋谷マークシティ　４Ｆ　レストランアベニュー","1500043","35.658515648709056","139.6992651842021","03-5457-7031","08:00 - 22:00","なし","26席","無","全席禁煙","予約不可","パン 百名店 2020","有 渋谷マークシティ有料駐車場","京王井の頭線【渋谷駅】西口 徒歩１分（直結） ＪＲ山手線【渋谷駅】ハチ公口 徒歩３分 東京メトロ半蔵門線、東急田園都市線【渋谷駅】徒歩３分 東京メトロ銀座線【渋谷駅】徒歩４分 東京メトロ副都心線、東急東横線【渋谷駅】徒歩５分 渋谷駅から200m","https://tblg.k-img.com/restaurant/images/Rvw/212367/640x640_rect_28e66a617c964f88dd3e869ffadd6498.jpg","初台SC"
"ジャン・フランソワ Echika表参道","3.61","936","26768","パン/カフェ/サンドイッチ","表参道駅","～\999","～\999","https://tabelog.com/tokyo/A1306/A130602/13020396/","東京都港区北青山3-6-12 Echika表参道 B1F MARCHE DE METRO","1070061","35.66521044870888","139.71206460426072","03-5411-7480","08:00 - 21:00","なし","206席 （フードコート内の他の店舗と共同）","無","全席禁煙","予約不可","パン 百名店 2020","無","東京メトロ表参道 Echika「マルシェ・ドゥ・メトロ」の中にあります。 ※駅改札外です。 表参道駅から41m","https://tblg.k-img.com/restaurant/images/Rvw/212358/640x640_rect_28e66a617c964f88dd3e869ffadd6498.jpg","初台SC"
"カフェラントマン 青山店","3.61","839","50214","カフェ/ヨーロッパ料理","表参道駅","\3,000～\3,999","\1,000～\1,999","https://tabelog.com/tokyo/A1306/A130602/13078534/","東京都港区北青山3-11-7 ＡＯビル4階","1070061","35.66382023870932","139.71066305424768","03-3498-2061","月・火・水・木・金 11:30 - 22:00 L.O. 21:00 土・日・祝日 11:00 - 22:00 L.O. 21:00","不定休","66席 （テラス48席）","無","全席禁煙","予約可","","有 AOビル共有駐車場 30分400円","地下鉄表参道駅B2出口 徒歩1分 表参道駅から225m","https://tblg.k-img.com/restaurant/images/Rvw/191672/640x640_rect_c1de3d5484422f2165c1e12a5774a0b2.jpg","初台SC"
"スンガリー 新宿東口本店","3.61","770","47409","ロシア料理/ビアバー/ワインバー","西武新宿駅","\6,000～\7,999","-","https://tabelog.com/tokyo/A1304/A130401/13000120/","東京都新宿区歌舞伎町2-45-6 千代田ビル B1F","1600021","35.69692913787966","139.70041978342752","080-7809-3040","月・火・水・木・日・祝日 17:00 - 22:00 L.O. 料理21:00 ドリンク21:40 金・土・祝前日 17:00 - 22:30 L.O. 料理21:30 ドリンク22:10","","54席","有 （10～20人可） １３名様以上で個室貸切料は無料です。 １２名様の場合はお一人様５５０円（税込）の個室料、１１名様で１１００円（税込）を頂戴いたします。 １０名様以下の場合は要相談。","全席禁煙","予約可","","無 近くの有料駐車場：歌舞伎町2-44-1ハイジア駐車場248台収容、ほか","JR線・丸の内線・小田急線・京王線「新宿駅」B１3出口より徒歩６?８分 / 大江戸線「新宿西口駅」D３出口より徒歩６分 / 西武新宿駅 駅前 徒歩１?２分 / 大江戸線・副都心線「東新宿駅」より徒歩７?８分 プリンスホテルまでは地下道で来られます。 西武新宿駅から91m","https://tblg.k-img.com/restaurant/images/Rvw/103524/640x640_rect_103524510.jpg","初台SC"
"TSUBASA COFFEE","3.61","767","41123","カフェ/スイーツ","新宿御苑前駅","～\999","～\999","https://tabelog.com/tokyo/A1304/A130402/13259936/","東京都新宿区新宿1-15-12 千寿ビル 1F","1600022","35.69005943788726","139.71059288335093","","月・火・水・木・金 08:30 - 17:00 土・日・祝日 08:00 - 17:00","不定休","20席","無","全席禁煙","予約不可","","無","新宿御苑前駅より徒歩3分 新宿三丁目駅より徒歩6分 新宿駅南口より徒歩12分 新宿御苑前駅から160m","https://tblg.k-img.com/restaurant/images/Rvw/162673/640x640_rect_162673992.jpg","初台SC"
"#新宿地下ラーメン","3.61","697","10775","ラーメン/つけ麺","新宿駅","\1,000～\1,999","\1,000～\1,999","https://tabelog.com/tokyo/A1304/A130401/13279251/","東京都新宿区西新宿1西口地下街1号 小田急エース北館 SHINJUKU DELISH PARK PARK6","1600023","35.69169040271479","139.69839105049715","","月・火・水・木・金 10:30 - 21:30 L.O. 21:00 土・日・祝日 10:30 - 21:00 L.O. 20:30 営業時間・","","27席 （カウンター3席 2人テーブル12卓）","無","全席禁煙","予約不可","","無 近隣に有料駐車場あり","JR各線、小田急線、京王線、東京メトロ、都営地下鉄 新宿駅下車 新宿駅から210m","https://tblg.k-img.com/restaurant/images/Rvw/311830/640x640_rect_4e217070121c31b3d951382d2a0b37d3.jpg","初台SC"
"CLOVE","3.61","515","8553","カレー","新宿三丁目駅","～\999","～\999","https://tabelog.com/tokyo/A1304/A130401/13135095/","東京都新宿区新宿3-17-7 紀伊国屋ビル B1F","1600022","35.69202346868891","139.70282784453804","03-6457-7641","11:00 - 21:00 L.O. 20:30","","14席 （カウンター7＋２席、テーブル４席）","無","全席禁煙","予約不可","","無 新宿駅東口地下駐車場近く","東京メトロ丸ノ内線・副都心線 新宿三丁目駅 徒歩１分 東京メトロ丸ノ内線 新宿駅 徒歩１分 ＪＲ中央線他 新宿駅 徒歩３分 西武新宿線西武新宿駅 徒歩３分 新宿三丁目駅から228m","https://tblg.k-img.com/restaurant/images/Rvw/79156/640x640_rect_79156247.jpg","初台SC"
"セ'ラヴィー!ナガノ","3.61","475","46359","ビストロ/フレンチ/ダイニングバー","新宿御苑前駅","\8,000～\9,999","\3,000～\3,999","https://tabelog.com/tokyo/A1304/A130402/13006752/","東京都新宿区新宿2-8-10 ニッシンビル　Ｂ１Ｆ","1600022","35.68940705869243","139.7086580345075","03-3350-7610","月・火・水・木・金・土 12:00 - 13:45 18:30 - 21:00 日","","16席 （カウンター4席、テーブル12席）","無","全席禁煙","予約可","ビストロ 百名店 2021","無","地下鉄丸ノ内線新宿御苑前駅1番出口から 徒歩3分 新宿御苑前駅から206m","https://tblg.k-img.com/restaurant/images/Rvw/116151/640x640_rect_116151585.jpg","初台SC"
"ラーメン ヤスオ","3.61","467","20283","ラーメン/つけ麺","南新宿駅","-","～\999","https://tabelog.com/tokyo/A1304/A130403/13146213/","東京都渋谷区代々木2-29-3 1F","1510053","35.6839756378873","139.69861148329792","非公開","月・火・水・木・金 11:30 - 14:30 L.O. 料理14:25 18:00 - 20:00 L.O. 料理19:55 土 11:30 - 14:30 L.O. 料理14:25 日・祝日","日曜日","7席 （カウンターのみ）","無","全席禁煙","予約不可","","無 近くのコイン・パーキング：代々木2-29-10に14台収容、ほか","小田急 小田原線【南新宿駅】徒歩１分 ＪＲ中央線・山手線【代々木駅】西口 徒歩６分 都営地下鉄 大江戸線【代々木駅】徒歩６分 南新宿駅から49m","https://tblg.k-img.com/restaurant/images/Rvw/129783/640x640_rect_129783913.jpg","初台SC"
"ミクスチャー","3.61","455","17888","パン/カフェ/サンドイッチ","下北沢駅","～\999","～\999","https://tabelog.com/tokyo/A1318/A131802/13024853/","東京都世田谷区北沢3-31-5","1550031","35.664724228694624","139.66632261428785","03-5453-7677","07:30 - 20:00 L.O. 19:30 【","","15席","無","全席禁煙","予約不可","","無","下北沢駅北口から徒歩約5分 一番街商店街にあります。 下北沢駅から367m","https://tblg.k-img.com/restaurant/images/Rvw/79016/640x640_rect_79016962.jpg","初台SC"
"CHOWCHOW","3.61","453","51383","イタリアン/ワインバー","神泉駅","\8,000～\9,999","-","https://tabelog.com/tokyo/A1303/A130301/13249993/","東京都渋谷区宇田川町37-14 WHARF渋谷宇田川町 1F","1500042","35.66254179639322","139.6952269134236","050-1721-0808","月・火・水・木・金・土 17:00 - 23:30 L.O. 22:30 日","","29席 （カウンター10席 テーブル19席 ）","無","全席禁煙","予約可","","無","渋谷駅から徒歩約10分 神泉駅から徒歩約10分 宇田川町方面に歩いていただき、オーチャードロード沿いにあるガラス張りのお店です。ビルが2つの通りに面していますが、入口はオーチャードロード側にしかありませんのでご注意下さい。 神泉駅から602m","https://tblg.k-img.com/restaurant/images/Rvw/136505/640x640_rect_136505242.jpg","初台SC"
"台湾料理 光春","3.61","422","36413","台湾料理","池ノ上駅","\3,000～\3,999","-","https://tabelog.com/tokyo/A1318/A131801/13001813/","東京都世田谷区代沢2-45-9 飛田ビル 1F","1550032","35.66068143789383","139.67264258308086","03-3465-0749","月 17:00 - 22:00 L.O. 21:30 水・木・金 17:00 - 23:00 L.O. 22:30 土・日 11:30 - 14:30 L.O. 14:00 17:00 - 23:00","","34席 （テーブル13席座敷14席カウンター7席）","有 （10～20人可） 半個室で10人から貸切になります。","全席禁煙","予約可","","無 近隣に有料駐車場あり","井の頭線 池ノ上駅から徒歩1分、小田急線・井の頭線 下北沢駅から徒歩5分 池ノ上駅から72m","https://tblg.k-img.com/restaurant/images/Rvw/46483/640x640_rect_46483272.jpg","初台SC"
"のだぴん","3.61","410","42624","居酒屋/寿司/海鮮","西武新宿駅","\4,000～\4,999","-","https://tabelog.com/tokyo/A1304/A130401/13042459/","東京都新宿区歌舞伎町2-45-7 石井ビル　３F","1600021","35.696976888685015","139.7004776745897","03-6273-8083","火・水・木・金・土・日 17:00 - 23:30 L.O. 23:00 月","","43席 （カウンター5席／テーブル７卓／小上がり）","無","全席禁煙 店舗外に喫煙コーナーを用意しています。","予約可","","無","西武新宿線【西武新宿駅】北口 徒歩１分 都営地下鉄大江戸線【新宿西口駅】徒歩７分 東京メトロ丸ノ内線【新宿駅】徒歩８分 ＪＲ中央線他【新宿駅】東口 徒歩９分 西武新宿駅から97m","https://tblg.k-img.com/restaurant/images/Rvw/8209/640x640_rect_8209781.jpg","初台SC"
"PEZ","3.61","400","49680","ビストロ/フレンチ/ワインバー","神泉駅","\8,000～\9,999","-","https://tabelog.com/tokyo/A1303/A130301/13264133/","東京都渋谷区宇田川町37-14 WHARF渋谷宇田川 B1F","1500042","35.66254781042497","139.69533029257732","03-6407-0271","月・火・水・木・金・土 17:00 - 23:30 L.O. 22:30 日","不定休","24席","無","全席禁煙 喫煙所あり","予約可","","無","渋谷駅より徒歩10分 代々木公園駅より13分 神泉駅より徒歩10分 神泉駅から605m","https://tblg.k-img.com/restaurant/images/Rvw/173465/640x640_rect_33c01a4a10c88a2ccbfc13b6d0ace4b6.jpg","初台SC"
"The SG Club","3.61","353","39241","バー","渋谷駅","\5,000～\5,999","-","https://tabelog.com/tokyo/A1303/A130301/13222869/","東京都渋谷区神南1-7-8","1500041","35.664252037900035","139.69924028309825","050-3138-2618","火・水・木・金・土・日・祝日・祝前日・祝後日 18:00 - 01:00 月","","50席 （[Guzzle] 25席 / [Sip] 25席）","無","全席禁煙","予約可","","無","渋谷駅 徒歩8分 渋谷駅から612m","https://tblg.k-img.com/restaurant/images/Rvw/133330/640x640_rect_133330954.jpg","初台SC"
"背脂煮干中華そば 我武者羅 初台店","3.61","333","10127","ラーメン/つけ麺/餃子","初台駅","～\999","～\999","https://tabelog.com/tokyo/A1318/A131807/13247664/","東京都渋谷区本町2-5-15 マツザワビル 1F","1510071","35.68362053788281","139.68378788330472","","火・水・木・金・土・日 11:30 - 15:00 18:00 - 23:00 月","","13席","無","全席禁煙","","","無","初台駅 徒歩4分 初台駅から368m","https://tblg.k-img.com/restaurant/images/Rvw/132481/640x640_rect_132481684.jpg","初台SC"
"鳥はな","3.61","309","56914","焼き鳥","新宿三丁目駅","\5,000～\5,999","-","https://tabelog.com/tokyo/A1304/A130401/13058653/","東京都新宿区新宿5丁目18-18","1600022","35.69422638232687","139.70651423941842","03-3232-0947","月・火・水・木・金 17:00 - 22:00 L.O. 料理21:00 ドリンク21:30 土・日・祝日","","8席 （カウンターのみ）","無","全席禁煙 今は全席禁煙になりました。","予約不可","焼き鳥 百名店 2024 / 焼鳥 百名店 2021","無","地下鉄新宿三丁目駅E1出口から花園神社を左に見て数分歩いた道沿い 新宿三丁目駅から401m","https://tblg.k-img.com/restaurant/images/Rvw/153829/640x640_rect_153829907.jpg","初台SC"
"焼肉もちお","3.61","275","19868","焼肉/しゃぶしゃぶ","表参道駅","\15,000～\19,999","\8,000～\9,999","https://tabelog.com/tokyo/A1306/A130602/13287286/","東京都港区北青山3-5-2 VORT北青山 B1F","1070061","35.66755640278317","139.7141779857495","03-6804-6168","火・水・木・金・祝日・祝前日・祝後日 17:00 - 03:00 土 12:00 - 15:30 17:00 - 03:00 月・日","","22席","有 （2人可、4人可、6人可、8人可、10～20人可） 個室は、4名様より個室料なし。 7名以上の場合は、直接店舗までご相談ください。","全席禁煙","予約可","焼肉 百名店 2024","無","東京メトロ各線【表参道駅】徒歩５分 表参道駅から304m","https://tblg.k-img.com/restaurant/images/Rvw/342008/640x640_rect_6545c97572b9069ad9daa1173b9777d8.jpg","初台SC"
"麺処 竹川","3.61","247","14264","つけ麺","神泉駅","-","\1,000～\1,999","https://tabelog.com/tokyo/A1303/A130301/13178370/","東京都渋谷区円山町7-2","1500044","35.65800063790261","139.69486208303817","03-6455-0010","水・木・金・土・日 11:30 - 14:30 L.O. 14:00 月・火","","22席","有 全て個室になります","全席禁煙","予約不可","","無","渋谷駅から道玄坂を登り右側に交番があったらそこを右に、すぐに右手にファミリーマートがあるのでそこをまた右に。１つ目の十字路過ぎると左手にホテルCOREがあるので向かって右隣の暖簾がかかっている先です。 神泉駅から139m","https://tblg.k-img.com/restaurant/images/Rvw/265422/640x640_rect_3ca9deab7bcb33d40fc4e75fabbc94ef.jpg","初台SC"
"thalee ling","3.61","241","22057","タイ料理/アジア・エスニック/イノベーティブ","代々木上原駅","\10,000～\14,999","\5,000～\5,999","https://tabelog.com/tokyo/A1318/A131811/13281551/","東京都渋谷区元代々木町16-16","1510062","35.671048137890864","139.6839616831776","050-5447-0811","月・火・木・金 17:30 - 22:30 土・日・祝日 11:30 - 15:00 17:00 - 22:30 水","水曜日","23席 （テーブル席（奥に円形カウンター3席あり））","無","全席禁煙","予約可","アジア・エスニック 百名店 2026","無","小田急・メトロ千代田線 代々木上原駅東口から徒歩5分 代々木上原駅から446m","https://tblg.k-img.com/restaurant/images/Rvw/356960/640x640_rect_35eda3b45dc7b97e241eb139e57c513b.jpg","初台SC"
"ラ・バゲット 工場店","3.61","217","14621","パン","東新宿駅","-","-","https://tabelog.com/tokyo/A1304/A130401/13009206/","東京都新宿区新宿6-13-3","1600022","35.69454153788386","139.70885048339747","03-3352-8286","月・火・水・木・金 11:45 - 15:00 16:00 - 19:00 土・祝日 12:00 - 19:00 日","","","無","全席禁煙","予約可","","無","都営大江戸線・東京メトロ副都心線東新宿駅A3出口より徒歩5分 東新宿駅から395m","https://tblg.k-img.com/restaurant/images/Rvw/175510/640x640_rect_9d7766cebacc5d4109fad02eb9c844b8.jpg","初台SC"
"焼肉板門店","3.61","213","26407","焼肉","中野駅","\6,000～\7,999","-","https://tabelog.com/tokyo/A1319/A131902/13091382/","東京都中野区中央4-53-9 小林ビル101","1640011","35.70264703786596","139.6688255835074","03-3229-6554","月・火・金・土・日 17:00 - 21:00 L.O. 20:00 水・木","","22席","無","全席禁煙","予約可","","無","中野駅から444m","https://tblg.k-img.com/restaurant/images/Rvw/122037/640x640_rect_122037980.jpg","初台SC"
"BAKER Aoyagi","3.61","199","17423","パン","東北沢駅","～\999","-","https://tabelog.com/tokyo/A1318/A131811/13285113/","東京都目黒区駒場4-6-2 Y-5 yamagatayaビル 1F","1530041","35.66400077546263","139.67751831694665","","水・木・金・土 09:00 - 17:00 月・火・日","","","無","全席禁煙","予約不可","","無","小田急線 東北沢駅から徒歩8分 東北沢駅から433m","https://tblg.k-img.com/restaurant/images/Rvw/321997/320x320_rect_69596178a5b780369d2be4124e3e9d98.jpg","初台SC"
"鳥福","3.61","189","23436","焼き鳥","渋谷駅","\6,000～\7,999","-","https://tabelog.com/tokyo/A1303/A130301/13002121/","東京都渋谷区渋谷1-25-10 のんべい横丁","1500002","35.66004680870882","139.70157827421593","03-3499-4978","月・火・水・木・金 16:00 - 21:00 土 16:00 - 20:00 日・祝日","","13席 （1階カウンター 6席、2階カウンター 7席。座敷、個室、テーブル席なし）","無","全席禁煙 禁煙(電子タバコ含む)","予約可","","無 パーキングは、近隣の宮下パークか西武百貨店が近い","JR渋谷駅ハチ公口 徒歩3分 メトロ渋谷駅 A7-1出口 徒歩2分 A7-2出口 徒歩2分 A12 出口 徒歩2分 B2出口 徒歩2分 B3出口 徒歩3分 B7出口 徒歩3分 タクシーの場合 【宮益坂下 ビックカメラ前 下車】が近い 渋谷駅から115m","https://tblg.k-img.com/restaurant/images/Rvw/220449/640x640_rect_5d635d9a00092be9b9c5cec6f6c14557.jpg","初台SC"
"クスクス ルージール","3.61","186","22133","ビストロ","下北沢駅","\6,000～\7,999","-","https://tabelog.com/tokyo/A1318/A131802/13144838/","東京都世田谷区北沢3-21-5 ユーワハイツ北沢 １Ｆ","1550031","35.66365173789078","139.66897938311342","03-6407-1988","月・火・木・金・土・日 18:00 - 23:00 L.O. 22:00 水","水曜日","16席 （カウンター4席 テーブル席）","無","全席禁煙","予約可","","無 近隣にコインパーキングあり","「下北沢」駅（小田急線の中央口／京王井の頭線の東口）より徒歩約５分。 スーパー「オオゼキ」を右手に見ながら、「一番街商店街」を入り前進する。 左手におせんべい屋「玉井屋」さんを見ながらさらに進む。 左手にモスバーガーがある小さい十字路を越えてしばらくするとＴ字路になる。 Ｔ字路の正面にある「蕎麦と鶏の店 はんさむ」さんの右手の路地を入り、 ５０ｍほど進んだ右手にある。 下北沢駅から290m","https://tblg.k-img.com/restaurant/images/Rvw/273975/640x640_rect_aa73395ccb97dd988490c578332b2cc2.jpg","初台SC"
"パン・オ・スリール","3.61","127","7999","パン/ベーグル/カフェ","渋谷駅","-","\1,000～\1,999","https://tabelog.com/tokyo/A1303/A130301/13287847/","東京都渋谷区渋谷1-5-2 1F","1500002","35.661275038709434","139.70596404422525","03-3406-3636","木・金・土 08:30 - 18:00 月・火・水・日","","2席 （カウンターで2?3席）","無","","予約可","","無","渋谷駅から484m","https://tblg.k-img.com/restaurant/images/Rvw/330198/320x320_rect_c05c320066de17b1a8acc2034c34a67f.jpg","初台SC"
"バー・ビー&エフ","3.61","110","6369","バー","新宿駅","\4,000～\4,999","-","https://tabelog.com/tokyo/A1304/A130401/13209159/","東京都新宿区西新宿1-13-7 大和家ビル 2F","1600023","35.68948983868855","139.69666005451674","03-6258-1441","月・火・水・木・金・土 17:00 - 03:00 日 17:00 - 01:00","","17席 （うちカウンター10席）","無","全席禁煙","予約可","","無","新宿駅から343m 新宿駅から321m","https://tblg.k-img.com/restaurant/images/Rvw/139362/640x640_rect_139362479.jpg","初台SC"
"松濤はろう","3.61","106","18822","居酒屋/日本酒バー/日本料理","神泉駅","\8,000～\9,999","-","https://tabelog.com/tokyo/A1303/A130301/13177037/","東京都渋谷区松濤2-14-12 シャンボール松濤 101","1500046","35.65831903870683","139.69187329420527","03-6887-2841","","不定休","15席 （カウンター9席、6名掛けテーブル1席）","無","全席禁煙 店外に灰皿あり","予約可","","無 お車でのご来店はご遠慮ください。","渋谷駅より徒歩約15分 神泉駅より徒歩約5分 東急本店通り沿い、松濤美術館手前角（半地下） 神泉駅から194m","https://tblg.k-img.com/restaurant/images/Rvw/80464/640x640_rect_80464084.jpg","初台SC"
"しんせん 割烹 佐乃家","3.61","106","13323","日本料理/海鮮","神泉駅","\20,000～\29,999","-","https://tabelog.com/tokyo/A1303/A130301/13203305/","東京都渋谷区神泉町2-9 シャルム神泉 B1F","1500045","35.65776713790239","139.69370948303663","03-6277-5526","火・水・木・金 18:30 - 21:30 土・日・祝日 18:00 - 21:00 月","月曜日","8席","無","全席禁煙","完全予約制","Tabelog Award 2020 Bronze / 日本料理 百名店 2023","無","神泉駅北口 徒歩30秒 マイバスケット斜め前 渋谷駅南口出口 800m 神泉駅から54m","https://tblg.k-img.com/restaurant/images/Rvw/92320/640x640_rect_92320861.jpg","初台SC"
"京料理 阿うん","3.61","84","5522","日本料理","代々木公園駅","\10,000～\14,999","-","https://tabelog.com/tokyo/A1303/A130301/13230258/","東京都渋谷区富ヶ谷1-33-6 代々木パークサイド B1F","1510063","35.66663523789501","139.68820138313006","050-3628-6763","月・火・水・木・金 17:00 - 23:00 土 16:00 - 22:00 日","","10席 （L字の全席カウンターです。座席指定不可。1グループ最大6名様までとなります。）","無 テーブル席もございません。 また貸切も承っておりません。","全席禁煙 喫煙所もございません。","予約可","","無 「タイムズ神山町第6」という駐車場が割と空いてると思いますが、徒歩10分程かかります。","【代々木八幡駅(小田急線)】 →改札を出てそのまま大きな通り(山手通り)に出るまで直進、突き当たりを左折、3分程歩くと富ヶ谷交差点という信号がありますので、歩道橋を渡って直進するとすぐ左手に肉のハナマサさん(スーパー)が見えます。 そこから2つ目の緑の垣根があるマンションの半地下(ガラス張り)にございます。 【代々木公園駅(千代田線)】 →※“八幡方面出口”※(※注意※別の出口だと道順が大きく変わり遠回りになります※)を出て右に少し歩くと、線路の上に山手通り(緑の歩道橋のようなもの)が見えますので、左側に見える階段を上ってください。 山手通りに出ましたら左折、そのあとは上記代々木八幡駅からの行き方と同じです。 どちらの駅からも徒歩7～8分程で、お店は山手通りに面しています。 代々木公園駅から361m","https://tblg.k-img.com/restaurant/images/Rvw/353327/640x640_rect_ff3348022e62b06f14c69aab6aa2bbec.jpg","初台SC"
"匠 誠","3.61","49","5626","寿司","四谷三丁目駅","\20,000～\29,999","-","https://tabelog.com/tokyo/A1309/A130903/13299589/","東京都新宿区四谷4-10 金子ビル 1F","1600004","35.68831980869573","139.71685178449079","03-3226-2223","月・火・水・木・金・土・祝日 18:00 - 23:00 L.O. 料理21:00 日","","7席 （カウンター７席）","無","全席禁煙","予約可","","無","メトロ丸の内線四谷三丁目駅より約５分 もしくは新宿御苑前駅より７分 四谷三丁目駅から343m","https://tblg.k-img.com/restaurant/images/Rvw/262870/640x640_rect_013b195e2adcb8f04c66e7603d853201.jpg","初台SC"
"パンとエスプレッソと","3.60","2292","105371","パン/カフェ","表参道駅","～\999","～\999","https://tabelog.com/tokyo/A1306/A130602/13090477/","東京都渋谷区神宮前3-4-9","1500001","35.6689208887067","139.7126284942978","03-5410-2040","月・火・水・木・金・土・日・祝日・祝前日・祝後日 08:00 - 19:00 L.O. 18:30","不定休","20席","無","全席禁煙","予約不可","パン 百名店 2020","無","表参道駅より徒歩7分 表参道駅から416m","https://tblg.k-img.com/restaurant/images/Rvw/183329/640x640_rect_4ad58337b62c4684c08820e42e120a66.jpg","初台SC"
"夜パフェ専門店パフェテリア ベル","3.60","1043","52216","フルーツパーラー/カフェ/ジェラート","渋谷駅","\2,000～\2,999","-","https://tabelog.com/tokyo/A1303/A130301/13213633/","東京都渋谷区道玄坂1-7-10 渋谷道玄坂一丁目ビル 3F","1500043","35.65761781870965","139.69934328419293","03-6427-8538","月・火・水・木 17:00 - 00:00 L.O. 23:30 金・祝前日 17:00 - 01:00 L.O. 00:30 土 15:00 - 01:00 L.O. 00:30 日・祝日 15:0","","46席 （予約制限あり）","無","全席禁煙","予約可","","無 近くの有料駐車場：渋谷マークシティ駐車場210台収容、ほか数台程度の駐車場が点在","京王井の頭線【渋谷駅】徒歩２分 ＪＲ山手線【渋谷駅】南口 徒歩４分 東京メトロ半蔵門線、東急田園都市線【渋谷駅】徒歩４分 東京メトロ銀座線【渋谷駅】徒歩４分 東京メトロ副都心線、東急東横線【渋谷駅】徒歩６分 渋谷駅から242m","https://tblg.k-img.com/restaurant/images/Rvw/361866/640x640_rect_b336cc06e4c47efc8644a7fddf1154d5.jpg","初台SC"
"ニューヨーク・グリル","3.60","977","30415","アメリカ料理","初台駅","\30,000～\39,999","\10,000～\14,999","https://tabelog.com/tokyo/A1304/A130401/13004204/","東京都新宿区西新宿3-7-1 パークハイアット東京 52F","1600023","35.6855091986892","139.69074727448069","03-5323-3458","11:30 - 14:30 L.O. 14:30 17:30 - 22:00 L.O. 22:00 営業時間・","","138席","無","全席禁煙 隣接するバーに喫煙スペースあり","予約可","","有","新宿駅西口から送迎バスあり・ 京王新線初台駅から徒歩数分 新宿駅南口より徒歩20分 初台駅から576m","https://tblg.k-img.com/restaurant/images/Rvw/165813/640x640_rect_7266bf1969babef2017406485f0e3075.jpg","初台SC"
"唐そば","3.60","959","23843","ラーメン/つけ麺","渋谷駅","～\999","～\999","https://tabelog.com/tokyo/A1303/A130301/13002016/","東京都渋谷区渋谷2-22-6 三信ビル","1500002","35.65847274871054","139.70383066419842","03-3486-0147","月・火・水・木・金・土 11:00 - 21:00 日 11:00 - 16:00 営業時間・","","30席 （カウンター12席、テーブル、小上がり18席）","無","全席禁煙","予約不可","","無","東京メトロ半蔵門線・東急田園都市線「渋谷駅」B5口から徒歩3分 東京メトロ銀座線「渋谷駅」明治通り側出入り口から徒歩3分 ＪＲ「渋谷駅」東口から徒歩5分 渋谷駅から230m","https://tblg.k-img.com/restaurant/images/Rvw/251920/640x640_rect_3cb5d85e94f398f492a8778d65db95c4.jpg","初台SC"
"うどん屋 新堀","3.60","930","69061","うどん","代々木駅","\1,000～\1,999","～\999","https://tabelog.com/tokyo/A1304/A130403/13247630/","東京都渋谷区千駄ヶ谷5-23-9 モルフォ 1F","1510051","35.68404858869422","139.70357187445694","03-6380-4894","火・水・木・金 11:30 - 15:30 17:30 - 20:30 土 11:30 - 15:30 月・日","","28席 （カウンター8席、テーブルが20席）","無","全席禁煙","予約不可","","無 近隣にコインパーキングあり","JR山手線代々木駅東口から徒歩3分 東京メトロ丸ノ内線新宿三丁目駅E8出口から徒歩5分 小田急小田原線南新宿駅から徒歩8分 代々木駅から133m","https://tblg.k-img.com/restaurant/images/Rvw/170586/640x640_rect_506f0e8a81546052363f086b575f7437.jpg","初台SC"
"ポニピリカ","3.60","898","34873","スープカレー","下北沢駅","\1,000～\1,999","\1,000～\1,999","https://tabelog.com/tokyo/A1318/A131802/13164953/","東京都世田谷区北沢2-8-8 赤煉瓦ビル 2F","1550031","35.66249133789166","139.66943698310138","03-6804-8802","月・火・水・木・金・土・日・祝日・祝前日・祝後日 11:00 - 21:30 L.O. 20:45","不定休","28席","無","全席禁煙","予約可","","無","下北沢駅 東口より徒歩３分 下北沢駅から233m","https://tblg.k-img.com/restaurant/images/Rvw/41172/640x640_rect_41172358.jpg","初台SC"
"焼鳥 鐡","3.60","764","31080","焼き鳥/鳥料理/居酒屋","新宿西口駅","\8,000～\9,999","-","https://tabelog.com/tokyo/A1304/A130401/13286865/","東京都新宿区西新宿7-10-10 B1F","1600023","35.69397183788077","139.69802668339932","03-5937-4562","月・火・水・木・金 17:00 - 23:00 L.O. 22:00 土・日 12:00 - 15:00 L.O. 14:00 17:00 - 23:00 L.O. 22:00","","27席","有 （4人可、6人可、8人可、10～20人可） 個室利用は3名からとなります。予めご了承下さい。","全席禁煙","予約可","","無","新宿駅 徒歩4分 新宿西口駅から109m","https://tblg.k-img.com/restaurant/images/Rvw/212371/320x320_rect_4972d277bf6ee7b0a11a6d956c6ea3e2.jpg","初台SC"
"神泉ホルモン 三百屋","3.60","745","54910","ホルモン/焼肉","神泉駅","\6,000～\7,999","-","https://tabelog.com/tokyo/A1303/A130301/13024281/","東京都渋谷区神泉町12-4","1500045","35.65579747262167","139.6926421608302","03-3477-1129","月・火・水・木・日・祝日 17:00 - 23:30 L.O. 22:45 金・土 17:00 - 03:00 L.O. 料理02:00 ドリンク02:30 金曜日・土曜日 深夜営業再開！ 月に一度程","","36席","有 （4人可） 個室は2階となります。 個室料として、2000円/部屋いただいております。","全席禁煙 外に喫煙所あり","予約可","焼肉 百名店 2025","無 近隣にコインパーキングあり","京王井の頭線神泉駅から徒歩約3分。 JR渋谷駅から徒歩約12分。 分からない時はお電話くださいませ。 神泉駅から187m","https://tblg.k-img.com/restaurant/images/Rvw/228412/640x640_rect_66d50b887c0c179871b23f1e20dfd4ec.jpg","初台SC"
"レインボーパンケーキ","3.60","678","38512","パンケーキ/かき氷","明治神宮前駅","\1,000～\1,999","\1,000～\1,999","https://tabelog.com/tokyo/A1306/A130601/13131895/","東京都渋谷区神宮前4-28-4 ARES　GARDEN　OMOTESANDO 2F","1500001","35.66945693789929","139.70732308314516","03-6434-0466","10:00 - 18:30 L.O. 18:00","不定休","19席 （テーブル19席）","無","全席禁煙 入口付近で喫煙可","予約可","","無","JR山手線 原宿駅 東京メトロ 明治神宮前原宿駅 明治神宮前駅から220m","https://tblg.k-img.com/restaurant/images/Rvw/352642/640x640_rect_48c70d010a1907e9689ad4d4b2521320.jpg","初台SC"
"板前心 菊うら","3.60","643","34401","日本料理","西武新宿駅","\10,000～\14,999","\1,000～\1,999","https://tabelog.com/tokyo/A1304/A130401/13004355/","東京都新宿区西新宿7-16-3 フジビル１８　１Ｆ","1600023","35.69590183868466","139.69723164458114","03-5389-5581","月・火・木・金・土 11:30 - 14:00 L.O. 13:00 17:30 - 22:00 L.O. 21:00 水・日・祝日","","25席 （カウンター 10席テーブル 15席）","有 （8人可） 半個室あり","全席禁煙","予約可","日本料理 百名店 2021","無 近隣にコインパーキングあり","都営地下鉄 大江戸線「新宿西口」駅 D5出口から徒歩3分 JR線・小田急線・京王線・東京メトロ・都営地下鉄「新宿」駅 JR西口から徒歩5分 西武新宿線「西武新宿」駅 正面口から徒歩5分 西武新宿駅から261m","https://tblg.k-img.com/restaurant/images/Rvw/149892/640x640_rect_149892229.jpg","初台SC"
"okudo 東京","3.60","619","39735","アジア・エスニック/担々麺","新宿御苑前駅","\3,000～\3,999","～\999","https://tabelog.com/tokyo/A1304/A130402/13174128/","東京都新宿区新宿1-15-14 オムニビル 1F","1600022","35.68989247242786","139.71057826810903","03-3354-1049","月・火・水・木・金 11:30 - 14:00 L.O. 13:45 17:30 - 22:00 L.O. 21:00 土 17:30 - 22:00 L.O. 21:00 日・祝日","","20席 （2名様はカウンターのご案内になります。）","無 お子様のご来店はご遠慮頂いてます。","全席禁煙 テラス席、喫煙可能","予約可","アジア・エスニック 百名店 2026","無","新宿御苑駅から徒歩5分 新宿御苑前駅から142m","https://tblg.k-img.com/restaurant/images/Rvw/111418/640x640_rect_111418312.jpg","初台SC"
"Curry&Spice青い鳥","3.60","607","28611","アジア・エスニック/インドカレー/居酒屋","幡ケ谷駅","\1,000～\1,999","\1,000～\1,999","https://tabelog.com/tokyo/A1318/A131807/13190512/","東京都渋谷区幡ヶ谷2-47-12 2F","1510072","35.67923136868884","139.67709913442687","090-8502-3656","火・水・木・金・土 11:30 - 14:30 L.O. 14:15 17:30 - 22:00 L.O. 21:45 日 11:30 - 15:30 L.O. 15:15 月","","10席 （カウンター4席、テーブル6席）","無","全席禁煙","予約可","アジア・エスニック 百名店 2026","無 近隣にコインパーキングあり","京王新線幡ヶ谷駅から徒歩4分 幡ケ谷駅から216m","https://tblg.k-img.com/restaurant/images/Rvw/189450/640x640_rect_accb6a78de69a5d79431b1ed17cf9afe.jpg","初台SC"
"Au Temps Jadis","3.60","604","39322","クレープ・ガレット/フレンチ","明治神宮前駅","\2,000～\2,999","\1,000～\1,999","https://tabelog.com/tokyo/A1303/A130301/13003350/","東京都渋谷区神南1-5-4 ロイヤルパレス原宿　Ｂ１Ｆ","1500041","35.66494548870528","139.70023352426634","03-3770-2457","月・水・木・金・土・日 11:30 - 19:00 L.O. 18:00 火","","34席","無","分煙 2020年4月1日より受動喫煙対策に関する法律(改正健康増進法）が施行されており、最新の情報と異なる場合がございますので、ご来店前に店舗にご確認ください。","予約不可","","無","渋谷駅徒歩１３分 明治神宮前駅から601m","https://tblg.k-img.com/restaurant/images/Rvw/108659/640x640_rect_108659786.jpg","初台SC"
"ジカセイ メンショウ","3.60","541","14171","ラーメン/担々麺/汁なし担々麺","渋谷駅","\1,000～\1,999","\1,000～\1,999","https://tabelog.com/tokyo/A1303/A130301/13241232/","東京都渋谷区宇田川町15-1 渋谷パルコ B1F","1500042","35.66211551792716","139.6989382914873","03-5489-3880","月・火・水・木・金・土・日・祝日・祝前日・祝後日 11:00 - 23:00 L.O. 22:00","不定休","22席","無","全席禁煙","予約不可","","有","JR山手線渋谷駅 徒歩6分 渋谷駅から408m","https://tblg.k-img.com/restaurant/images/Rvw/233104/640x640_rect_fdaf2d17fa7c6c008f9c10501686515b.jpg","初台SC"
"アレ","3.60","451","29027","カフェ/ケーキ","表参道駅","\1,000～\1,999","\1,000～\1,999","https://tabelog.com/tokyo/A1306/A130602/13267636/","東京都港区北青山3-5-23 NOI Omotesando 1F","1070061","35.66569543790335","139.7125468831035","03-5843-1503","月・火・水・木・金 11:00 - 19:00 土・日・祝日 11:00 - 20:00","","13席 （カウンター4席、テーブル９席）","無","全席禁煙","予約不可","","無","地下鉄 表参道駅 A3出口から徒歩２分 表参道駅から58m","https://tblg.k-img.com/restaurant/images/Rvw/354201/640x640_rect_cdafde4aafd9f062f967f1ee31166e56.jpg","初台SC"
"Camelback sandwich&espresso","3.60","406","44124","カフェ/サンドイッチ","代々木公園駅","～\999","\1,000～\1,999","https://tabelog.com/tokyo/A1318/A131810/13176685/","東京都渋谷区神山町42-2","1500047","35.66558703870233","139.69223758427844","03-6407-0069","08:00 - 18:00 営業時間・","","3席","無","全席禁煙","予約不可","","無","代々木公園駅から385m","https://tblg.k-img.com/restaurant/images/Rvw/46554/640x640_rect_46554269.jpg","初台SC"
"表参道 HYENE","3.60","347","36204","フレンチ/イノベーティブ","明治神宮前駅","\10,000～\14,999","-","https://tabelog.com/tokyo/A1306/A130601/13262694/","東京都渋谷区神宮前5-13-14","1500001","35.666272837901204","139.70693508311328","03-6450-5760","17:00 - 22:30","","14席 （カウンター8席、個室6名1室）","有 （2人可、4人可、6人可） 個室利用料会計の１０%","全席禁煙","完全予約制","","無 自転車でのご来店はお控えください。罰金が発生する可能性があります。","東京メトロ千代田線/東京メトロ副都心線「明治神宮前駅」徒歩4分 東京メトロ銀座線/東京メトロ千代田線/東京メトロ半蔵門線「表参道駅」徒歩7分 明治神宮前駅から305m","https://tblg.k-img.com/restaurant/images/Rvw/176757/640x640_rect_f5812eb7a8a8fba3c1904fd84655e713.jpg","初台SC"
"エテコ ブレッド","3.60","323","42922","パン","池ノ上駅","～\999","～\999","https://tabelog.com/tokyo/A1318/A131801/13236223/","東京都世田谷区代沢2-42-7","1550032","35.65954338870001","139.67288832423094","03-6877-0433","","月曜日","","無","全席禁煙","予約不可","","無","京王井の頭線池ノ上駅徒歩3分 池ノ上駅から110m","https://tblg.k-img.com/restaurant/images/Rvw/359087/640x640_rect_2db1de80cb490f9fed40d50add18acfa.jpg","初台SC"
"ひなべねこ","3.60","291","34683","中華料理","代々木駅","\5,000～\5,999","-","https://tabelog.com/tokyo/A1304/A130403/13262452/","東京都渋谷区千駄ヶ谷5-18-10","1510051","35.68223463788999","139.70356308327686","03-5315-0314","月・火・水・木・金・土・日・祝日・祝前日・祝後日 17:00 - 22:30","不定休","15席 （座敷７席、テーブル８席）","有 （2人可、4人可、6人可、8人可） 個室のご利用は基本は３名様からとさせていただいております。","分煙 喫煙所有り 2020年4月1日より受動喫煙対策に関する法律(改正健康増進法）が施行されており、最新の情報と異なる場合がございますので、ご来店前に店舗にご確認ください。","完全予約制","","無","新宿駅新南口から徒歩8分 代々木駅から224m","https://tblg.k-img.com/restaurant/images/Rvw/170492/640x640_rect_61a5914b74652761a442523b747cfebd.jpg","初台SC"
"カレーライス Cari-Rio","3.60","282","16406","カレー/インドカレー/アジア・エスニック","幡ケ谷駅","-","\1,000～\1,999","https://tabelog.com/tokyo/A1318/A131807/13048593/","東京都渋谷区幡ヶ谷2-48-7","1510072","35.67948439868861","139.67686149442957","03-5371-0125","火・水・木・金・土・日 11:30 - 21:00 月","","16席 （カウンター*7、テーブル*10）","無","全席禁煙","予約不可","","無","京王電鉄京王新線幡ヶ谷駅北口より徒歩4分 幡ケ谷駅から244m","https://tblg.k-img.com/restaurant/images/Rvw/356760/640x640_rect_5b4bf5d032f2fd1c793baed5ca7a2eb6.jpg","初台SC"
"キタヤ 六人衆 青山本店","3.60","281","9287","和菓子/どら焼き","外苑前駅","\1,000～\1,999","\1,000～\1,999","https://tabelog.com/tokyo/A1306/A130603/13126438/","東京都港区北青山2-7-18 第一真砂ビル 1F","1070061","35.67051652870712","139.71711741431076","03-3470-6212","10:00 - 18:00","","","無","全席禁煙","予約不可","","無 近くのコインパーキング：北青山2-5-8青山OM-SQUARE駐車場26台収容、ほか","東京メトロ銀座線【外苑前駅】３番地上口すぐ 東京メトロ銀座線・半蔵門線、都営地下鉄大江戸線【青山一丁目駅】徒歩９分 外苑前駅から63m","https://tblg.k-img.com/restaurant/images/Rvw/215476/640x640_rect_8e0d73ef7c925e347e289926f62db9c8.jpg","初台SC"
"サロン・ド・テ・ミュゼ イマダミナコ 新宿タカシマヤ店","3.60","274","15317","カフェ/ケーキ","新宿駅","\1,000～\1,999","\1,000～\1,999","https://tabelog.com/tokyo/A1304/A130403/13091817/","東京都渋谷区千駄ヶ谷5-24-2 新宿タカシマヤ 4F","1510051","35.687484618691556","139.7020804244927","03-5361-2992","10:30 - 19:30","","52席","無","全席禁煙","予約不可","","有","【JR新宿駅】 南出口 徒歩2分 【京王線新宿駅】 徒歩5分 【小田急線新宿駅】 徒歩5分 【地下鉄丸ノ内線新宿駅】 徒歩5分 新宿駅から369m","https://tblg.k-img.com/restaurant/images/Rvw/307197/640x640_rect_8036188b6aab1a6e35a3e4a5faae3ca9.jpg","初台SC"
"Richu 濱田家 ルミネ新宿店","3.60","262","6201","パン/サンドイッチ","新宿駅","～\999","～\999","https://tabelog.com/tokyo/A1304/A130401/13199819/","東京都新宿区西新宿1-1-5 ルミネ新宿 LUMINE1 B2F","1600023","35.689215837884205","139.6993088833504","03-3343-1113","08:00 - 21:00 営業時間・","","","無","全席禁煙","予約不可","","無","新宿駅から143m","https://tblg.k-img.com/restaurant/images/Rvw/365589/640x640_rect_485367f5ad5fa47121fe3a7756651fd8.jpg","初台SC"
"400℃ PIZZA Piu Shimokitazawa","3.60","257","16275","ピザ","下北沢駅","\2,000～\2,999","\2,000～\2,999","https://tabelog.com/tokyo/A1318/A131802/13311649/","東京都世田谷区北沢3-19-20 reload2-8","1550031","35.66334671900499","139.66993764242392","","月・火・木・金 11:00 - 15:00 L.O. 料理14:30 16:00 - 20:00 L.O. 料理19:30 土・日・祝日 11:00 - 20:00 L.O. 料理19:30 水","不定休","18席 （テーブル12席、カウンター6席）","無","全席禁煙","予約不可","","無","■ 小田急線・京王井の頭線「下北沢駅」 徒歩6分 ■ 小田急線「東北沢駅」 徒歩5分 下北沢駅から324m","https://tblg.k-img.com/restaurant/images/Rvw/362878/640x640_rect_461aec3eea63ae18fbaee8c0c87449a9.jpg","初台SC"
"楽","3.60","226","19726","そば/日本料理","代々木上原駅","\5,000～\5,999","\1,000～\1,999","https://tabelog.com/tokyo/A1318/A131811/13247633/","東京都渋谷区西原3-2-4 フロンティア代々木上原 3F","1510066","35.67046273789073","139.6824323831728","070-7781-8950","火・水・木・金・土・日 15:00 - 23:00 月","","30席","無 半個室あり","全席禁煙","予約可","","無","東京メトロ千代田線 代々木上原駅 徒歩2分 小田急線 代々木上原駅 徒歩2分 代々木上原駅より徒歩4分 代々木上原駅から294m","https://tblg.k-img.com/restaurant/images/Rvw/135089/320x320_rect_135089448.jpg","初台SC"
"イドコロネ","3.60","159","7994","カレー/バー/創作料理","初台駅","\3,000～\3,999","\1,000～\1,999","https://tabelog.com/tokyo/A1318/A131807/13209143/","東京都渋谷区本町2-33-2 初台ワールドマンション 2F","1510071","35.6840973378821","139.68250918331046","","月・火・水・木・金・土 11:30 - 14:00 18:30 - 23:00 日・祝日","日曜","9席 （カウンター3席、テーブル２席４席。）","無","全席喫煙可 夜は甘く無い飲み物2杯以上ご注文の方に限り喫煙可ですが、他の方と相席の際は外灰皿をご利用下さい。 2020年4月1日より受動喫煙対策に関する法律(改正健康増進法）が施行されており、最新の情報と異なる場合がございますので、ご来店前に店舗にご確認ください。","予約可","","無 近隣のコインパーキングをご利用下さい。","【電車】京王新線「初台」駅北口、徒歩5分。 大江戸線「西新宿５丁目」駅、徒歩13分。 【バス】京王バス「幡ヶ谷不動尊」バス停、徒歩2分(※新宿駅方面から） 京王バス「西新宿４丁目」バス停、徒歩4分(※中野坂上駅方面から） 不動通り商店街のスーパーフレスコの左の脇！！！ 階段を登り2階初台歯科医院、奥隣の小箱です。 初台駅から492m","https://tblg.k-img.com/restaurant/images/Rvw/136690/640x640_rect_136690275.jpg","初台SC"
"ラ・バゲット 新宿御苑前店","3.60","151","15015","パン","新宿御苑前駅","～\999","-","https://tabelog.com/tokyo/A1304/A130402/13134004/","東京都新宿区新宿1-16-10","1600022","35.68989553788754","139.71110888334894","03-3351-1580","火・水・木・金 12:15 - 18:30 月・土・日・祝日","","","無","全席禁煙","予約可","","無","東京メトロ新宿御苑前駅より徒歩4分 新宿御苑前駅から146m","https://tblg.k-img.com/restaurant/images/Rvw/15243/640x640_rect_15243334.jpg","初台SC"
"roku","3.60","137","10538","フレンチ/ケーキ/洋菓子","参宮橋駅","\15,000～\19,999","\8,000～\9,999","https://tabelog.com/tokyo/A1318/A131810/13253421/","東京都渋谷区代々木4-1-6 1F","1510053","35.67919033788879","139.693727783253","03-6276-8454","月・火・木・金・土・日 11:00 - 14:00 18:00 - 22:00 L.O. 21:00 水","","6席 （カウンター6席）","無","全席禁煙","予約可","","無","小田急線「参宮橋」駅 西口改札徒歩1分 参宮橋駅から52m","https://tblg.k-img.com/restaurant/images/Rvw/150366/640x640_rect_150366683.jpg","初台SC"
"ピッツェリア カンテラ","3.59","1808","163818","ピザ/イタリアン/カフェ","明治神宮前駅","\4,000～\4,999","\1,000～\1,999","https://tabelog.com/tokyo/A1306/A130601/13180224/","東京都渋谷区神宮前6-28-6 Q plaza HARAJUKU 9F","1500001","35.667090637899726","139.70397588312363","03-6433-5537","月・火・水・木・金・祝前日 11:00 - 15:00 L.O. 14:00 17:00 - 23:00 L.O. 料理21:30 ドリンク22:00 土 11:00 - 15:30 L.O. 14:","","100席 （約100席 ）","無","全席禁煙","予約可","ピザ 百名店 2021","無","東京メトロ千代田線 明治神宮前（原宿）駅7番出口 徒歩3分 JR原宿駅 徒歩7分 明治神宮前駅から197m","https://tblg.k-img.com/restaurant/images/Rvw/148777/640x640_rect_148777560.jpg","初台SC"
"うどん 萬田次郎","3.59","1283","116937","うどん","新宿御苑前駅","\1,000～\1,999","～\999","https://tabelog.com/tokyo/A1304/A130402/13268343/","東京都新宿区新宿1-12-1 サンサーラ第三御苑 1F","1600022","35.68862223788883","139.71270508333498","03-6380-1126","月・火・水・木・金・土・祝日 11:00 - 15:00 L.O. 15:00 17:00 - 21:00 L.O. 21:00 日 11:00 - 15:00 L.O. 15:00 エアコン入れ替え","","13席 （カウンターのみ(コの字型)）","無","全席禁煙","予約不可","","無","東京メトロ丸ノ内線『新宿御苑前駅』2番出口から徒歩1分 新宿御苑前駅から180m","https://tblg.k-img.com/restaurant/images/Rvw/180165/640x640_rect_7f7629c1a810cff8608343afe6263818.jpg","初台SC"
"横浜らーめん 山本家","3.59","1223","15963","ラーメン","新宿駅","～\999","～\999","https://tabelog.com/tokyo/A1304/A130401/13261889/","東京都新宿区西新宿1-15-13","1600023","35.68931103788352","139.69736778335266","","10:00 - 00:00 営業時間・","","14席 （全席カウンター（隣との間隔は若干狭め）紙エプロンあり、各席テーブル下に荷物置きあり、各席にティッシュ箱あり、セルフ式水、衣類は備え付けの壁がけハンガーあり。）","無","全席禁煙","予約不可","","無 近隣にコインパーキングあり","新宿駅から268m","https://tblg.k-img.com/restaurant/images/Rvw/315459/640x640_rect_d741c6cb2e5796fa0c79db6784fc3e91.jpg","初台SC"
"鼎","3.59","1146","86305","居酒屋/海鮮/日本酒バー","新宿三丁目駅","\6,000～\7,999","-","https://tabelog.com/tokyo/A1304/A130401/13000879/","東京都新宿区新宿3-12-12 Ｂ１Ｆ","1600022","35.69167663788481","139.70614308337042","03-3352-7646","月・火・水・木・金・土 16:00 - 23:30 L.O. 料理22:30 ドリンク23:00 祝日 16:00 - 23:00 L.O. 料理21:45 ドリンク22:30 日","日曜日","60席","有 （4人可） 小上がりの半個室（4名様） カウンター、テーブル席全てに準個室風のパーティション設置","全席禁煙","予約可","居酒屋 百名店 2021","無","新宿三丁目駅 徒歩3分 新宿三丁目駅から144m","https://tblg.k-img.com/restaurant/images/Rvw/16947/640x640_rect_16947823.jpg","初台SC"
"炭火焼専門食処 白銀屋","3.59","1084","80687","居酒屋/肉料理/食堂","西新宿駅","\3,000～\3,999","～\999","https://tabelog.com/tokyo/A1304/A130401/13047017/","東京都新宿区西新宿7-19-7 サンローゼ新宿　１Ｆ","1600023","35.69521703787932","139.69595248341332","050-1721-2892","月・火・水・木・金・土 11:30 - 14:30 L.O. 料理14:00 17:00 - 22:30 L.O. 21:45 日・祝日","","24席","無","分煙（加熱式たばこ限定） ランチは全席禁煙 2020年4月1日より受動喫煙対策に関する法律(改正健康増進法）が施行されており、最新の情報と異なる場合がございますので、ご来店前に店舗にご確認ください。","予約可","定食 百名店 2021","無","東京メトロ丸の内線「西新宿駅」より徒歩5分 各線「新宿駅」より徒歩10分程度 西新宿駅から288m","https://tblg.k-img.com/restaurant/images/Rvw/176293/640x640_rect_42ce578e6e06b79865ee6547ab28e371.jpg","初台SC"
"らすた 代々木店","3.59","1070","22503","ラーメン/つけ麺/油そば","代々木駅","～\999","～\999","https://tabelog.com/tokyo/A1304/A130403/13019788/","東京都渋谷区代々木1-38-10 代々木ＹＭＯビル １Ｆ","1510053","35.68265626869429","139.70102340444467","03-3373-7911","11:00 - 22:00 L.O. 21:30 営業時間・","","10席 （カウンターのみ）","無","全席禁煙","予約不可","","無","JR総武線・山手線「代々木」駅(西口)から徒歩2分 都営大江戸線「代々木」駅(A1またはA2出口)から徒歩2分 小田急小田原線「南新宿」駅から徒歩4分 代々木駅から167m","https://tblg.k-img.com/restaurant/images/Rvw/200566/640x640_rect_f6cc7dae5d3e5e7b9f80e126330df77d.jpg","初台SC"
"渋谷 森本","3.59","1008","86990","焼き鳥","渋谷駅","\6,000～\7,999","-","https://tabelog.com/tokyo/A1303/A130301/13001787/","東京都渋谷区道玄坂2-7-4 浜之上ビル　１Ｆ","1500043","35.658593798708814","139.6986647742033","03-3464-5233","月・火・水・木・金・土 16:00 - 22:00 日・祝日","","","無","全席禁煙","予約不可","焼鳥 百名店 2021","無 近くの有料駐車場：渋東シネタワー35台、新大宗ビル700台、マークシティ210台、ほか","京王井の頭線【渋谷駅】西口 すぐ 東京メトロ半蔵門線、東急田園都市線【渋谷駅】徒歩３分 ＪＲ山手線他【渋谷駅】ハチ公口 徒歩３分 東京メトロ銀座線【渋谷駅】徒歩４分 東急東横線、東京メトロ副都心線【渋谷駅】徒歩５分 渋谷駅から251m","https://tblg.k-img.com/restaurant/images/Rvw/127143/640x640_rect_127143030.jpg","初台SC"
"INITIAL 表参道","3.59","883","52915","スイーツ/カフェ/ジェラート","明治神宮前駅","\1,000～\1,999","\1,000～\1,999","https://tabelog.com/tokyo/A1306/A130601/13233470/","東京都渋谷区神宮前6-12-7 J-cube A棟 1F","1500001","35.66612685266532","139.70449875611322","03-6803-8979","月・火・水・木・金 12:00 - 22:00 L.O. 21:15 土・日・祝日 11:00 - 22:00 L.O. 21:15","","27席","無","全席禁煙","予約不可","","無 近隣にコインパーキングあり","原宿駅 徒歩7分 明治神宮前駅 徒歩4分 表参道駅・渋谷駅 徒歩10分 明治神宮前駅から280m","https://tblg.k-img.com/restaurant/images/Rvw/343041/640x640_rect_03f0e0af45c2d349b002e1a24b3c15fc.jpg","初台SC"
"SALON BAKE & TEA NEWoMan新宿店","3.59","813","52934","カフェ/ケーキ","新宿駅","\2,000～\2,999","\2,000～\2,999","https://tabelog.com/tokyo/A1304/A130401/13193544/","東京都新宿区新宿4-1-6 NEWoMan 3F","1600022","35.68874016869074","139.7020380445054","03-6380-1790","月・火・水・木・金・土 11:00 - 20:30 L.O. 19:00 日・祝日 11:00 - 20:00 L.O. 19:00","不定休","40席","無","全席禁煙","予約可","","無 提携駐車場有り","JR新宿駅 ミライナタワー改札口を出て目の前 NEWoMan新宿 ３階 バスタ新宿に直結 新宿駅から255m","https://tblg.k-img.com/restaurant/images/Rvw/356778/640x640_rect_572d07b906752a9784c1cb86b23a10a7.jpg","初台SC"
"功刀屋 新宿御苑店","3.59","812","28678","うどん","新宿御苑前駅","\1,000～\1,999","～\999","https://tabelog.com/tokyo/A1304/A130402/13268999/","東京都新宿区新宿1-7-2","1600022","35.68876490869341","139.71046193449976","03-5919-2328","月・火・水・木・金・土・日・祝日・祝前日・祝後日 10:00 - 19:00","なし","16席","無","全席禁煙","予約不可","","無","丸ノ内線 新宿御苑前駅 ３番出口すぐ横 新宿御苑前駅から29m","https://tblg.k-img.com/restaurant/images/Rvw/355026/320x320_rect_db635398dbd81b9c595a37171e7cf05d.jpg","初台SC"
"I'm donut ? omotesando","3.59","809","13757","ドーナツ","表参道駅","～\999","～\999","https://tabelog.com/tokyo/A1306/A130602/13289109/","東京都港区北青山3-5-18","1070061","35.66604553870866","139.71302898426845","","月・火・水・木・金・土・日・祝日・祝前日・祝後日 10:00 - 20:00","不定休","","無","全席禁煙","予約不可","","無","表参道駅より徒歩約3分 表参道駅から108m","https://tblg.k-img.com/restaurant/images/Rvw/250711/640x640_rect_a174aa3973a4a17c4aaa17803145a63d.jpg","初台SC"
"202カリー堂","3.59","808","37016","スープカレー/カフェ/洋菓子","下北沢駅","\2,000～\2,999","\1,000～\1,999","https://tabelog.com/tokyo/A1318/A131802/13266529/","東京都世田谷区代田5-34-21 ハイランド 2F","1550033","35.66141983789115","139.66569858309313","03-6413-8857","月・火・水・木・金・土・日・祝日・祝前日・祝後日 10:00 - 20:00","","26席","無","全席禁煙","予約不可","","無","小田急小田原線/京王井の頭線下北沢駅から147m、徒歩すぐ 小田急小田原線/世田谷代田駅 徒歩8分 下北沢駅から134m","https://tblg.k-img.com/restaurant/images/Rvw/165248/640x640_rect_fe07b1c7bee0aff2229cae26e4088496.jpg","初台SC"
"カレー屋 ボングー NEWoMan新宿店","3.59","800","19858","カレー/洋食/喫茶店","新宿駅","\1,000～\1,999","\1,000～\1,999","https://tabelog.com/tokyo/A1304/A130401/13244666/","東京都新宿区新宿4-1-6 NEWoMan新宿 2F エキソト","1600022","35.68888220869035","139.7010950645075","03-5357-7477","月・火・水・木・金 11:00 - 22:00 土・日・祝日 10:30 - 22:00 各店舗の最新情報につきましては、公式HPにてご確認くださいませ。 館に順ずる","","29席","無","全席禁煙","予約不可","","有 サービス券がお出しできますので、ミライナタワーの駐車場をご利用ください。","JR各線「新宿駅」ミライナタワー改札・甲州街道改札・新南改札よりすぐ。 都営新宿線・都営大江戸線・京王新線「新宿駅」より徒歩5分。 東京メトロ副都心線「新宿三丁目駅」より徒歩3分。（地下1階地下鉄口直結） 新宿駅から190m","https://tblg.k-img.com/restaurant/images/Rvw/311384/640x640_rect_41ad191edbd233826910b92164b07f38.jpg","初台SC"
"光来","3.59","768","27983","ラーメン/肉まん/中華料理","西武新宿駅","\1,000～\1,999","～\999","https://tabelog.com/tokyo/A1304/A130401/13009180/","東京都新宿区西新宿7-14-12","1600023","35.695109837879826","139.6973367834113","03-5330-2424","月・火・水・木・金・土 11:00 - 15:00 17:00 - 21:00 日・祝日","","10席 （カウンター１０席）","無","全席禁煙 外に灰皿あり","予約不可","","無","都営地下鉄大江戸線 新宿西口駅徒歩4分 西武新宿線 西武新宿駅徒歩5分 東京メトロ丸の内線 西新宿駅徒歩7分 JR中央・総武線 大久保駅徒歩8分 新宿西口駅から234m","https://tblg.k-img.com/restaurant/images/Rvw/363929/640x640_rect_b6157a5a396c67f1d5dd1093013b58ab.jpg","初台SC"
"クマちゃんラーメン","3.59","708","4111","ラーメン","西武新宿駅","\1,000～\1,999","\1,000～\1,999","https://tabelog.com/tokyo/A1304/A130401/13286959/","東京都新宿区西新宿7-5-6 新宿ダイカンプラザ756 1F","1600023","35.696529988684595","139.69828088458675","03-5937-5540","月・火・水・木・金 10:00 - 22:30 土・日・祝日 10:00 - 22:00 【営業時間変更のお知らせ】 6/29 臨時休業 7/02 12:50～通常営業 よろしくお願いいたします。","","14席 （カウンター14席）","無","全席禁煙","予約不可","","無","新宿駅から徒歩7分 西武新宿駅から169m","https://tblg.k-img.com/restaurant/images/Rvw/353097/640x640_rect_4a5fb45655c722a6001d9adde7d5ea7f.jpg","初台SC"
"なんばん亭 下北沢店","3.59","657","37659","お好み焼き/鉄板焼き/居酒屋","下北沢駅","\3,000～\3,999","\2,000～\2,999","https://tabelog.com/tokyo/A1318/A131802/13037445/","東京都世田谷区北沢2-12-3 石川ビル 2F","1550031","35.66075793139249","139.66790937511158","03-3419-6938","月・火・水・木・金 17:00 - 23:00 L.O. 22:00 土・日・祝日 11:30 - 15:00 L.O. 14:00 17:00 - 23:00 L.O. 22:00","","35席 （テーブル）","無","全席禁煙 店外に喫煙スペースあり","予約可","お好み焼き 百名店 2025","無 近隣にコインパーキングあり","各線下北沢駅東口 徒歩約2分 下北沢駅から105m","https://tblg.k-img.com/restaurant/images/Rvw/95455/640x640_rect_95455702.jpg","初台SC"
"パドラーズコーヒー 西原本店","3.59","646","43214","カフェ","幡ケ谷駅","-","\1,000～\1,999","https://tabelog.com/tokyo/A1318/A131807/13181016/","東京都渋谷区西原2-26-5","1510066","35.67468839869226","139.6787750043798","03-5738-7281","月・火・木・金・土・日 07:30 - 16:00 水","","23席","無","全席禁煙","予約不可","","無","幡ケ谷駅から331m","https://tblg.k-img.com/restaurant/images/Rvw/325781/640x640_rect_7d823b7c23f8577ee76eb6556840b8e5.jpg","初台SC"
"oh kama bar","3.59","636","39360","居酒屋/釜飯","神泉駅","\5,000～\5,999","-","https://tabelog.com/tokyo/A1303/A130301/13281061/","東京都渋谷区道玄坂2-20-10 2F","1500043","35.659419237902014","139.6958404830518","03-6427-8884","17:00 - 23:30 L.O. 料理22:30 ドリンク23:00","","36席 （カウンター、テーブル、完全個室）","有 （6人可、8人可） ※完全個室","全席禁煙","予約可","","無 近隣にコインパーキングあり","神泉駅より徒歩10分 渋谷駅より徒歩10分 神泉駅から312m","https://tblg.k-img.com/restaurant/images/Rvw/201361/640x640_rect_f19b066a3f594a64c79faa2827844a0a.jpg","初台SC"
"紅茶の店 Kenyan","3.59","629","31011","カフェ/洋食","渋谷駅","\1,000～\1,999","\1,000～\1,999","https://tabelog.com/tokyo/A1303/A130301/13001780/","東京都渋谷区神南1-14-8 南部ビル 1Ｆ","1500041","35.663824528705895","139.69992488425524","03-3464-2549","11:30 - 22:00 営業時間・","","40席","無","全席禁煙","予約不可","","無","渋谷駅から歩いて10分ぐらい。 渋谷駅から549m","https://tblg.k-img.com/restaurant/images/Rvw/365608/640x640_rect_81846515b4bc5e5d63a9c79d357bcb72.jpg","初台SC"
"とんかつ檍のカレー屋 いっぺこっぺ 西新宿店","3.59","611","23435","カレー/とんかつ","新宿西口駅","\1,000～\1,999","\1,000～\1,999","https://tabelog.com/tokyo/A1304/A130401/13259821/","東京都新宿区西新宿7-15-5","1600023","35.695387048685","139.6972687645759","03-5937-2526","月・火・水・木・金・土 11:00 - 15:00 18:00 - 20:00 日 11:00 - 15:00 17:30 - 19:30","","16席 （カウンター10席、テーブル4席(4人卓×1)）","無","全席禁煙","予約不可","","無 近隣にコインパーキング20台","JR新宿駅より、徒歩5分 新宿西口駅から261m","https://tblg.k-img.com/restaurant/images/Rvw/364928/640x640_rect_edc7237301075788ddd879ea568de5c0.jpg","初台SC"
"水たき玄海 本店","3.59","572","52544","水炊き/鳥料理/日本料理","新宿御苑前駅","\15,000～\19,999","\10,000～\14,999","https://tabelog.com/tokyo/A1304/A130402/13000864/","東京都新宿区新宿5-5-1","1600022","35.69188443788594","139.71009408336974","03-3352-3101","月・火・水・木・金 16:00 - 21:00 土・日・祝日 11:00 - 21:00","","174席 （掘りごたつ約50席 座敷124席）","有 （2人可、4人可、6人可、8人可、10～20人可、20～30人可、30人以上可） 120名様までご利用いただける大広間がございます。","全席禁煙 喫煙専用室あり","予約可","","有 4台","東京メトロ丸の内線新宿御苑前駅：1番・3番出口より徒歩4分 都営新宿線新宿三丁目駅：C7出口より徒歩7分 JR新宿駅：東口より徒歩15分～ 新宿御苑前駅から367m","https://tblg.k-img.com/restaurant/images/Rvw/332243/640x640_rect_4b37c69cdb4e88432a7f239abcbac032.jpg","初台SC"
"鶏と魚と炭火焼き 燈","3.59","558","26352","居酒屋/海鮮/おでん","下北沢駅","\5,000～\5,999","-","https://tabelog.com/tokyo/A1318/A131802/13237179/","東京都世田谷区北沢2-13-4 第2伊奈ビル 1F","1550031","35.660382337892415","139.66758198308136","03-6804-0780","月・火・水・木・金 16:00 - 00:00 L.O. 23:30 土 14:00 - 00:00 L.O. 23:30 日・祝日 14:00 - 23:00 L.O. 料理22:00 ドリンク22","不定休","53席 （テーブル×18席、カウンター×14席、お座敷×14席、テラス×4席、完全個室×7席）","有 （6人可） 完全個室、4名様～最大7名様までご利用可能です。 個室をご希望の場合は、お電話にてお問い合わせください！","分煙 テラス、個室は喫煙可。店頭に喫煙スペースがございます。 2020年4月1日より受動喫煙対策に関する法律(改正健康増進法）が施行されており、最新の情報と異なる場合がございますので、ご来店前に店舗にご確認ください。","予約可","","無","京王井の頭線・小田急線「下北沢駅」南口より徒歩2分 ※『下北沢南口商店街』のケバブ屋さんを曲がってすぐです！ 下北沢駅から128m","https://tblg.k-img.com/restaurant/images/Rvw/319481/640x640_rect_6454fdc6e68eb99ecdcda05ab437ea77.jpg","初台SC"
"鬼亭","3.59","553","59270","鳥料理","渋谷駅","\8,000～\9,999","-","https://tabelog.com/tokyo/A1303/A130301/13003491/","東京都渋谷区渋谷1-9-4","1500002","35.66042437870947","139.70437259421774","03-3797-1002","月・火・水・木・金 18:00 - 22:00 土・日・祝日","","24席","無","全席禁煙","予約可","鳥料理 百名店 2025","無","JR渋谷駅より徒歩5分 渋谷駅から312m","https://tblg.k-img.com/restaurant/images/Rvw/181590/640x640_rect_ea2c38f0d4610a0ae1033d30927cddb7.jpg","初台SC"
"炭火焼ホルモン ぐう 新宿","3.59","541","21855","焼肉/ホルモン/居酒屋","西武新宿駅","\4,000～\4,999","-","https://tabelog.com/tokyo/A1304/A130401/13210915/","東京都新宿区西新宿7-16-10 西新宿ミカエラビル B1F","1600023","35.69638453787915","139.69778728342385","03-5937-3729","月・火・水・木・金・土・日・祝日・祝前日 17:00 - 23:00","","30席","無","全席禁煙","予約可","","無","新宿駅西口から徒歩５分 西武新宿駅から徒歩３分 西新宿駅から徒歩３分 西武新宿駅から210m","https://tblg.k-img.com/restaurant/images/Rvw/214590/320x320_rect_21d0f8d151b3888cc1c9f0a132c1fc0e.jpg","初台SC"
"切麦や 甚六 西新宿成子店","3.59","533","19304","うどん","西新宿駅","\2,000～\2,999","\1,000～\1,999","https://tabelog.com/tokyo/A1304/A130401/13268735/","東京都新宿区西新宿8-11-1 日東星野ビル B1F","1600023","35.694813598683844","139.69246923457345","03-5937-3952","火・水・木・金 11:00 - 16:00 月・土・日","","14席 （テーブル、カウンター）","無","全席禁煙","予約可","","無","東京メトロ丸ノ内線の西新宿駅から徒歩2分 西新宿駅から70m","https://tblg.k-img.com/restaurant/images/Rvw/367308/640x640_rect_a663ce969d993906dd6558829bb67cc2.jpg","初台SC"
"Spice Theater Shibuya AXSH","3.59","504","12241","カレー/アジア・エスニック","渋谷駅","\3,000～\3,999","\1,000～\1,999","https://tabelog.com/tokyo/A1303/A130301/13298508/","東京都渋谷区渋谷2-17-1 渋谷AXSH 1F","1500002","35.6591461987103","139.70443569420482","03-6805-0285","月・火・水・木・金・土・日・祝日・祝前日・祝後日 11:00 - 23:00 L.O. 料理22:00 ドリンク22:30 年末年始はお休みです （instagramで告知）","","41席","無","全席禁煙 同じフロアに喫煙所あり","予約可","","有","渋谷駅各線より徒歩5分 （ヒカリエ裏） 渋谷駅から277m","https://tblg.k-img.com/restaurant/images/Rvw/256122/640x640_rect_ce7701fcf52ae147bafec5724f537a16.jpg","初台SC"
"キャラヴァンサライ包","3.59","461","33152","南アジア料理/創作料理/バー","東中野駅","\4,000～\4,999","-","https://tabelog.com/tokyo/A1319/A131901/13006879/","東京都中野区東中野2-25-6","1640003","35.70585835867362","139.6824184646921","03-3371-3750","月・水・木・金・土・日・祝日・祝前日・祝後日 17:00 - 23:00 L.O. 22:00 火","","60席 （椅子&テーブル 18～20席、絨毯桟敷 38～40席）","無","全席禁煙 店外に喫煙スペース有り。","予約可","アジア・エスニック 百名店 2026","無 東中野駅周辺、及び山手通り沿いにコインパーキング有り","JR東中野駅西口/大江戸線A3出口から徒歩１～２分。 中央線路線の橋越えて山手通りの向かい側に見えます。 ファミリーマート東中野駅前店隣。 東中野駅から134m","https://tblg.k-img.com/restaurant/images/Rvw/129236/320x320_rect_129236043.jpg","初台SC"
"クリスティー","3.59","453","22250","喫茶店","原宿駅","-","～\999","https://tabelog.com/tokyo/A1306/A130601/13012953/","東京都渋谷区神宮前1-16-1","1500001","35.67125996870241","139.70379489432761","03-3478-6075","10:30 - 20:00 営業時間・","","62席 （テーブル62席）","無","全席禁煙 申し出をすれば灰皿を渡されるので、テラスのテーブルでスタンディングでの喫煙可","予約可","","無","原宿駅より徒歩5分 原宿駅から180m","https://tblg.k-img.com/restaurant/images/Rvw/28296/640x640_rect_28296840.jpg","初台SC"
"BIEN-ETRE MAISON","3.59","413","16472","カフェ/ケーキ","代々木上原駅","-","\2,000～\2,999","https://tabelog.com/tokyo/A1318/A131811/13271828/","東京都渋谷区上原1-17-11 3F","1510064","35.66922433789149","139.68233888316036","03-5738-8827","月・火・水・金・土・日・祝日 11:00 - 19:00 L.O. 18:30 木","","24席","無","全席禁煙","予約可","","無","代々木上原駅から239m","https://tblg.k-img.com/restaurant/images/Rvw/365479/640x640_rect_51e5b290a8c94d457ee54e5eb4c798d5.jpg","初台SC"
"新宿 うしみつ","3.59","408","5901","焼肉/ホルモン/牛料理","新宿三丁目駅","\10,000～\14,999","\6,000～\7,999","https://tabelog.com/tokyo/A1304/A130401/13315526/","東京都新宿区新宿3-28-7 キーストンビル 3F","1600022","35.69081167718604","139.70248500904262","03-6709-8829","月・火・水・木・金・祝前日・祝後日 17:00 - 23:30 L.O. 料理22:30 ドリンク23:00 土・日 11:00 - 15:00 L.O. 14:30 17:00 - 23:30 L.","不定休","40席 （（4名部屋7部屋、6名部屋2部屋））","有 （2人可、4人可、6人可）","全席禁煙","予約可","","無 近隣にコインパーキングあり","新宿駅 ( ＪＲ ) 中央東口 2分 新宿三丁目駅 ( 東京メトロ丸ノ内線･副都心線/都営新宿線 ) A5口 2分 新宿駅 ( 東京メトロ丸ノ内線/都営新宿線･大江戸線 ) A6口 3分 新宿三丁目駅から219m","https://tblg.k-img.com/restaurant/images/Rvw/317944/640x640_rect_a37e4cc0e04d9503b5ad9e11db3df5a3.jpg","初台SC"
"ル カフェ ドゥ ジョエル･ロブション ニュウマン新宿店","3.59","393","12897","カフェ/パン","新宿駅","\1,000～\1,999","\1,000～\1,999","https://tabelog.com/tokyo/A1304/A130401/13193558/","東京都新宿区新宿4-1-6 NEWoMan SHINJUKU 1F","1600022","35.68869522628265","139.7018773791737","03-5361-6951","月・火・水・木・金・土 08:00 - 21:00 日・祝日 08:00 - 20:30","不定休","36席","無","全席禁煙","予約不可","","有 NEWoMAN専用駐車場：30分300円、各店税込3千円以上2時間・3万円以上3時間無料","JR各線「新宿」駅新南口直結・南口徒歩3分 新宿駅から249m","https://tblg.k-img.com/restaurant/images/Rvw/222226/640x640_rect_9b5fdf945f8b64494231c18c80e2449e.jpg","初台SC"
"カサ・ベリヤ","3.59","392","28743","スペイン料理","西武新宿駅","\6,000～\7,999","-","https://tabelog.com/tokyo/A1304/A130401/13000123/","東京都新宿区歌舞伎町2-42-11 カーサ新宿ビル 2F","1600021","35.697915318684686","139.7013156045986","03-3209-6984","火・水・木・金・土 16:30 - 23:00 日 16:30 - 22:00 月","","30席","無","全席禁煙","予約可","スペイン料理 百名店 2026","無 近くの有料駐車場：歌舞伎町2-44-1ハイジア駐車場248台収容、ほか","西武新宿線【西武新宿駅】北口 徒歩２分 ＪＲ中央線【大久保駅】南口 徒歩７分 都営地下鉄大江戸線、東京メトロ副都心線【東新宿駅】徒歩８分 西武新宿駅から224m","https://tblg.k-img.com/restaurant/images/Rvw/365746/640x640_rect_59a70711c0f0ab0d31ddadfd4a709a37.jpg","初台SC"
"カレーの惑星","3.59","375","11339","カレー/インドカレー/アジア・エスニック","下北沢駅","\1,000～\1,999","\1,000～\1,999","https://tabelog.com/tokyo/A1318/A131802/13296119/","東京都世田谷区北沢2-33-11 SY-Iビル 1F","1550031","35.66320614869646","139.66904422427064","080-5710-0971","11:00 - 16:00 L.O. 15:30 17:00 - 20:30 L.O. 20:00","","19席 （カウンター6席、テーブル13席（4人掛け×1、2人掛け×4、1人掛け×1））","無","全席禁煙","予約不可","","無","下北沢駅徒歩5分 下北沢駅から255m","https://tblg.k-img.com/restaurant/images/Rvw/348621/640x640_rect_bc80a2bb49b26be9110dc6565ddb3096.jpg","初台SC"
"REI Chinese restaurants","3.59","375","36827","中華料理/飲茶・点心","代々木八幡駅","\5,000～\5,999","\1,000～\1,999","https://tabelog.com/tokyo/A1318/A131811/13249666/","東京都渋谷区元代々木町10-8 関ビル 1F","1510062","35.6701491378916","139.68450608316812","03-6416-8803","月・火・水・木・金・土 11:30 - 14:30 L.O. 14:00 18:00 - 22:00 L.O. 21:00 日","","23席","無","全席禁煙","予約可","","無","小田急線代々木八幡駅北口から徒歩5分 小田急線代々木上原駅北口2番出口から徒歩5分 東京メトロ千代田線代々木公園駅1番出口から徒歩5分 東京メトロ千代田線代々木上原駅北口2番出口から徒歩5分 代々木八幡駅から437m","https://tblg.k-img.com/restaurant/images/Rvw/303694/640x640_rect_29d5d4b6271506108b294f4256dbf6f1.jpg","初台SC"
"Rossi","3.59","334","27926","イタリアン/パスタ/ステーキ","外苑前駅","\10,000～\14,999","\6,000～\7,999","https://tabelog.com/tokyo/A1306/A130603/13252543/","東京都港区北青山2-14-4 THE AOYAMA GRAND HOTEL 20F","1070061","35.669616837901906","139.71579958314084","03-6271-5429","月・火・水・木・金・祝前日・祝後日 07:00 - 10:30 L.O. 料理10:30 17:30 - 23:00 L.O. 料理21:00 ドリンク22:30 土・日・祝日 07:00 - 10:","","42席","有 （2人可、4人可、6人可） 半個室仕様のプライベートスペースはご記念日や会食等の場としてご利用頂けます。 ご希望の場合はお電話にてお問い合わせください。 最低保証料金 (ミニマムチャージ) \20,000(税込サ別)/お一人様にて承ります。","全席禁煙 喫煙室をご用意しております","予約可","","無 3000円/1台 ※予約不可。空きがございましたらお停めいただけます","東京メトロ銀座線「外苑前」駅 3番出口より徒歩3分 東京メトロ千代田線・半蔵門線・銀座線「表参道」駅 A3出口より徒歩8分 外苑前駅から198m","https://tblg.k-img.com/restaurant/images/Rvw/236741/640x640_rect_f2a185db21ef7c62dd7913bf43cf8890.jpg","初台SC"
"鮨くにみつ","3.59","326","14277","寿司/日本料理","東中野駅","\15,000～\19,999","\10,000～\14,999","https://tabelog.com/tokyo/A1319/A131901/13274106/","東京都中野区東中野5-3-6 東中野トーシンビル 2F","1640003","35.707143937868665","139.68633058354058","03-5989-1433","火・水・木・金・土 17:30 - 23:00 日・祝日 12:00 - 14:00 17:30 - 23:00 月","","14席 （メインカウンター8席/個室カウンター6席）","有 （2人可、4人可、6人可） 1日1組様限定の貸し切りの席になります。 17:30~20:00までの間のお好きな時間でご予約お受けいたします。 2名様からの受付になりますが、もし御人数含めなにかご相談等ございましたらお気軽にお問い合わせください。","全席禁煙","完全予約制","","無 近隣にコインパーキングあり","JR総武線・中央線『東中野駅』東口 徒歩：30秒 東西線・『落合駅』：徒歩５分 大江戸線・丸ノ内線『中野坂上駅』：徒歩12分 東中野駅から248m","https://tblg.k-img.com/restaurant/images/Rvw/181975/640x640_rect_4a3812f3a60d45099e092b3f56d167c5.jpg","初台SC"
"GRIN","3.59","293","43180","イタリアン/ピザ","新宿御苑前駅","\6,000～\7,999","-","https://tabelog.com/tokyo/A1304/A130402/13297606/","東京都新宿区新宿1-6-3 新宿御苑フロント 1F","1600022","35.68817955869368","139.71015361449406","070-5557-9920","月・火・木・金 17:00 - 22:00 L.O. 21:00 土・日・祝日 11:30 - 15:00 L.O. 14:00 17:00 - 22:00 L.O. 21:00 水","","40席","有 （8人可、10～20人可）","全席禁煙","予約可","","無","東京メトロ 丸ノ内線「新宿御苑駅」から徒歩1分 東京メトロ 丸ノ内線・副都心線/都営地下鉄新宿線「新宿三丁目駅」から徒歩7分 JR「新宿駅」から徒歩13分 新宿御苑前駅から71m","https://tblg.k-img.com/restaurant/images/Rvw/252792/640x640_rect_0a1f9a290efde034bde56d3c107befbd.jpg","初台SC"
"トゥルナージュ 神宮前店","3.59","274","14296","パン/ベーグル","国立競技場駅","～\999","-","https://tabelog.com/tokyo/A1309/A130901/13009426/","東京都渋谷区神宮前2-15-15","1500001","35.67441263789748","139.7114888831923","03-5474-1083","火・水・木・金・土 10:00 - 19:00 月・日","","","無","全席禁煙","予約可","","無","千駄ヶ谷駅 歩 ８分 国立競技場駅から672m","https://tblg.k-img.com/restaurant/images/Rvw/349745/640x640_rect_df2a55488ba4f8fe92ba547cd5f6187d.jpg","初台SC"
"ジュウニブン ベーカリー 渋谷店","3.59","270","9740","パン/洋菓子/ケーキ","渋谷駅","～\999","-","https://tabelog.com/tokyo/A1303/A130301/13261269/","東京都渋谷区道玄坂1-12-1 渋谷マークシティ B1F しぶちか","1500043","35.65805371516967","139.69808021642982","03-3477-4494","10:00 - 21:00","無休","","無","全席禁煙","予約不可","","有","渋谷駅から318m","https://tblg.k-img.com/restaurant/images/Rvw/367206/640x640_rect_014e7866a41bb95959bda29431f488d2.jpg","初台SC"
"ラトリエ トダニ","3.59","240","6124","洋菓子/クレープ・ガレット","新宿三丁目駅","～\999","-","https://tabelog.com/tokyo/A1304/A130401/13270095/","東京都新宿区新宿3-14-1 伊勢丹新宿店 本館 B1F","1600022","35.6915826378844","139.70465548337052","03-5925-8344","10:00 - 20:00","","","無","全席禁煙","予約不可","","有","新宿三丁目駅から83m","https://tblg.k-img.com/restaurant/images/Rvw/357387/640x640_rect_d734daaac446f3a1d64c5a233c4f65a3.jpg","初台SC"
"菱田屋酒場","3.59","235","22209","居酒屋","駒場東大前駅","\4,000～\4,999","\1,000～\1,999","https://tabelog.com/tokyo/A1318/A131801/13261928/","東京都目黒区駒場1-11-12 1F","1530041","35.65761303790024","139.68667398304","03-6336-8891","月・火・水・木・金 11:30 - 14:00 17:30 - 22:00 土 17:00 - 22:00 日・祝日","","14席 （テーブル14席、カウンターはスタンディング）","無","全席禁煙 外に喫煙スペースあり","予約可","居酒屋 百名店 2025","無 近隣にコインパーキングあり","京王井の頭線 駒場東大前駅 東口より徒歩3分 駒場東大前駅から274m","https://tblg.k-img.com/restaurant/images/Rvw/260955/640x640_rect_f94d0f2dca6aea415078f08e33eb99f5.jpg","初台SC"
"サプライ","3.59","215","35176","イタリアン/ワインバー/バル","幡ケ谷駅","\4,000～\4,999","-","https://tabelog.com/tokyo/A1318/A131807/13230816/","東京都渋谷区幡ヶ谷1-5-6 金井ビル 1F","1510072","35.67645843788455","139.67494578323857","未開通","月・火・水・木・金 14:00 - 21:00 土・日・祝日 14:00 - 18:00","不定休","17席","無","全席禁煙","予約可","","無","京王新線幡ヶ谷駅から徒歩2分 京王線笹塚駅から徒歩10分 幡ケ谷駅から207m","https://tblg.k-img.com/restaurant/images/Rvw/101171/640x640_rect_101171087.jpg","初台SC"
"yum","3.59","204","24468","中華料理/餃子/ワインバー","幡ケ谷駅","\6,000～\7,999","-","https://tabelog.com/tokyo/A1318/A131807/13301261/","東京都渋谷区幡ヶ谷1-6-5 幡ヶ谷コーエイマンション 1F","1510072","35.67625837683476","139.67428808816356","03-6300-0440","月・火・水・金・土・日・祝日 17:00 - 22:00 L.O. 料理21:00 木","不定休","15席 （席の指定はできません。また、5名様でのご予約は誕生日席になることがございます。ご了承ください。）","無","全席禁煙","予約可","","無","幡ヶ谷駅南口 徒歩5分 笹塚駅 徒歩10分 幡ケ谷駅から270m","https://tblg.k-img.com/restaurant/images/Rvw/267584/640x640_rect_82cadb1a5f724adf633efef9cec5f464.jpg","初台SC"
"和処 秀","3.59","156","14259","しゃぶしゃぶ/海鮮/日本料理","東新宿駅","\8,000～\9,999","-","https://tabelog.com/tokyo/A1304/A130401/13148133/","東京都新宿区歌舞伎町2-9-18 ライオンズプラザ 1F","1600021","35.69525173788225","139.7052422834072","03-6233-9123","月・火・水・木・金・土・日・祝日・祝前日・祝後日 17:00 - 22:00","","22席 （カウンター4席、掘り炬燵テーブル(6名様×3卓/完全個室)）","有 （2人可、4人可、6人可、8人可、10～20人可）","全席禁煙","予約可","","無 近くの有料駐車場：歌舞伎町2-9-16に34台、2-10-1新宿パーキング100台、ほか","◆東京メトロ丸ノ内線・副都心線【新宿三丁目駅】徒歩８分 ※地下通路Ｅ１出口 徒歩４分 ◆都営地下鉄新宿線【新宿三丁目駅】徒歩８分 ◆都営地下鉄大江戸線、東京メトロ副都心線【東新宿駅】徒歩5分 ◆ＪＲ中央線ほか【新宿駅】東口 徒歩7分 東新宿駅から358m","https://tblg.k-img.com/restaurant/images/Rvw/91303/320x320_rect_91303119.jpg","初台SC"
"焼肉ホルモン 新井屋 にかい","3.59","99","13115","焼肉/ホルモン/ステーキ","神泉駅","\10,000～\14,999","-","https://tabelog.com/tokyo/A1303/A130301/13275822/","東京都渋谷区道玄坂2-19-13 2F","1500043","35.65927744295577","139.69635058151096","03-6455-0658","月・火・水・木・金・土 17:00 - 23:00 日・祝日 16:00 - 23:00","年中無休","12席 （テーブル席）","無 7名様以上のご利用で貸切になります。","全席禁煙","予約可","","無","JR渋谷駅 徒歩7分 京王井の頭線渋谷駅 徒歩5分 神泉駅から333m","https://tblg.k-img.com/restaurant/images/Rvw/195113/640x640_rect_60677f290423f5011f58d6226cd32bc6.jpg","初台SC"
"我妻","3.59","78","6273","居酒屋/日本料理","北参道駅","\4,000～\4,999","-","https://tabelog.com/tokyo/A1309/A130901/13254523/","東京都渋谷区千駄ヶ谷1-5-5","1510051","35.67833143789425","139.70918068323348","03-6455-4842","月・火・水・木・金・土 17:00 - 23:00 L.O. 22:00 日","","18席","無","全席禁煙","予約可","","無","各駅徒歩5分 北参道駅から326m","https://tblg.k-img.com/restaurant/images/Rvw/146975/640x640_rect_146975420.jpg","初台SC"
"UNE IMMERSION","3.59","57","3767","フレンチ","幡ケ谷駅","\15,000～\19,999","\10,000～\14,999","https://tabelog.com/tokyo/A1318/A131807/13292702/","東京都渋谷区本町1-28-8 DAIM 1F","1510071","35.680201589282646","139.68019012691585","03-5843-5567","月・火・水・木・金・土・日・祝日・祝前日・祝後日 12:00 - 15:00 L.O. 12:00 18:00 - 23:00 L.O. 20:00 不定休","","6席 （貸切:４～６名で可能）","有","全席禁煙","完全予約制","","無 近隣にコインパーキングあり","京王線・幡ヶ谷駅より徒歩9分 京王線・初台駅より徒歩9分 小田急線・代々木上原駅より徒歩20分 甲州街道からファミリーマートの角を入り、四つ辻を過ぎて水道道路に達する少し前の右側 幡ケ谷駅から434m","https://tblg.k-img.com/restaurant/images/Rvw/261151/640x640_rect_7886decef58e137fec8951e01a5eea4e.jpg","初台SC"
"ル・ザンク","3.59","52","6002","バー","神泉駅","\4,000～\4,999","-","https://tabelog.com/tokyo/A1303/A130301/13007251/","東京都渋谷区円山町22-15 ミドリエンビル　１Ｆ","1500044","35.65661301870865","139.6941946641864","03-3461-5623","18:00 - 01:00 ラストオーダー 24時 日曜日、月曜日の2連休は前者を営業、後者は休業とさせて頂きます 営業時間・","","14席","無","全席禁煙","予約可","","無 近くのコイン・パーキング：円山町17に8台収容、ほか","京王井の頭線【神泉駅】徒歩２分 東京メトロ半蔵門線、東急田園都市線【渋谷駅】徒歩８分 ＪＲ山手線【渋谷駅】ハチ公口／南口 徒歩10分 東京メトロ銀座線【渋谷駅】徒歩11分 神泉駅から92m","https://tblg.k-img.com/restaurant/images/Rvw/131316/640x640_rect_131316771.jpg","初台SC"
"北海道名物らー麺 えびそば 一幻 新宿店","3.58","2021","57173","ラーメン","西武新宿駅","～\999","～\999","https://tabelog.com/tokyo/A1304/A130401/13163054/","東京都新宿区西新宿7-8-2 福八ビル 1F","1600023","35.69551277868518","139.69805687457662","03-5937-4155","11:00 - 23:00","","13席 （カウンターのみ）","無","全席禁煙","予約不可","","無","都営地下鉄大江戸線【新宿西口駅】D5出口より徒歩３分 西武新宿線【西武新宿駅】正面口より徒歩７分 JR各線 他【新宿駅】西口より徒歩８分 西武新宿駅から198m","https://tblg.k-img.com/restaurant/images/Rvw/322523/640x640_rect_95e4507a33d6710eef5e4aab0ca79d38.jpg","初台SC"
"THE BELCOMO","3.58","1892","112351","カフェ/イタリアン/バー","外苑前駅","\6,000～\7,999","\2,000～\2,999","https://tabelog.com/tokyo/A1306/A130603/13249631/","東京都港区北青山2-14-4 THE AOYAMA GRAND HOTEL 4F","1070061","35.669537437902","139.71595918313992","03-6271-5429","08:00 - 23:00","","170席","有 （6人可、8人可、10～20人可、20～30人可）","全席禁煙 喫煙室をご用意しております","予約可","","無 3000円/1台 ※予約不可。空きがございましたらお停めいただけます","東京メトロ銀座線「外苑前」駅 3番出口より徒歩3分 東京メトロ千代田線・半蔵門線・銀座線「表参道」駅 A3出口より徒歩8分 外苑前駅から189m","https://tblg.k-img.com/restaurant/images/Rvw/349099/640x640_rect_89b363eb8649bc57446c5a63daaa6d45.jpg","初台SC"
"鴨to葱 イイトルミネ新宿店","3.58","1515","18701","ラーメン/つけ麺","新宿駅","\1,000～\1,999","\1,000～\1,999","https://tabelog.com/tokyo/A1304/A130401/13295874/","東京都新宿区新宿3-38-2 JR新宿駅 B1F イイトルミネ新宿店エキナカ","1600022","35.68967287754552","139.70062104961","","月・火・水・木・金・土・日・祝日・祝前日・祝後日 07:00 - 23:00 L.O. 22:30 【","","14席 （カウンターのみ）","無","全席禁煙","予約不可","","無 お店は駅構内です","JR新宿駅改札内１０番線と11番線のあいだ 入場券が必要となります。 新宿駅から93m","https://tblg.k-img.com/restaurant/images/Rvw/362389/640x640_rect_7e0a2896d0fe7c1f371ba5ca0a2f2e72.jpg","初台SC"
"麺散","3.58","1426","106537","うどん","明治神宮前駅","\2,000～\2,999","～\999","https://tabelog.com/tokyo/A1306/A130601/13225567/","東京都渋谷区神宮前6-13-7","1500001","35.666508038705835","139.7051008842787","03-6427-9898","11:30 - 22:00","","35席","無","全席禁煙","予約不可","","無","東京メトロ神宮前駅7番出口より徒歩５分 JR原宿駅より徒歩10分 明治神宮前駅から232m","https://tblg.k-img.com/restaurant/images/Rvw/93523/640x640_rect_93523917.jpg","初台SC"
"横浜ラーメン 町田家 新宿南口店","3.58","1081","17818","ラーメン/つけ麺","新宿三丁目駅","～\999","～\999","https://tabelog.com/tokyo/A1304/A130401/13000892/","東京都新宿区新宿4-1-20","1600022","35.688535878691134","139.70285864450278","03-3353-3145","11:00 - 22:00 L.O. 21:30 営業時間・","","17席 （カウンター席のみ）","無","全席禁煙","予約不可","","無","JR各線 新宿駅 東南口・新南口から徒歩3分 東京メトロ副都心線 新宿三丁目駅 E6出口からすぐ 新宿三丁目駅から317m","https://tblg.k-img.com/restaurant/images/Rvw/365289/640x640_rect_016b375be4d9ac3d2280647e55eb6e6d.jpg","初台SC"
"チャバティ","3.58","958","51426","カフェ","表参道駅","-","～\999","https://tabelog.com/tokyo/A1306/A130602/13224245/","東京都渋谷区神宮前4-6-9","1500001","35.66853503790148","139.7123218831323","03-3401-2378","10:00 - 20:00 L.O. 19:30","","38席","無","全席禁煙","予約不可","","無","表参道駅 A2出口より徒歩5分 表参道駅から374m","https://tblg.k-img.com/restaurant/images/Rvw/117125/640x640_rect_117125317.jpg","初台SC"
"めしや ヒロキ倶楽部 新宿","3.58","942","113742","居酒屋/日本料理/日本酒バー","新宿駅","\8,000～\9,999","-","https://tabelog.com/tokyo/A1304/A130401/13282540/","東京都新宿区西新宿7-12-24 第二小島ビル 1F","1600023","35.69379681729711","139.69698032876445","03-5937-1940","月・火・水・木・金・土・日・祝日 17:00 - 22:30 L.O. 料理21:30 ドリンク22:00 祝前日 17:00 - 22:30","","30席","有 （4人可） ※個室をご利用の際には、ご飲食代金の10パーセントを個室料として頂戴致します。 また、個室に関しては3～4名様でのご利用を推奨しております。","全席禁煙","予約可","","無","JR 新宿駅西口 徒歩5分 西武新宿線 西武新宿駅 徒歩3分 新宿西口駅から196m","https://tblg.k-img.com/restaurant/images/Rvw/200889/640x640_rect_567b96ffd1396a93a43e2b44ac25c5f3.jpg","初台SC"
"スンガリー 新宿三丁目店","3.58","919","52407","ロシア料理/ビアバー/ワインバー","新宿西口駅","\5,000～\5,999","\2,000～\2,999","https://tabelog.com/tokyo/A1304/A130401/13000768/","東京都新宿区新宿3-21-6 新宿龍生堂ビル B1F","1600022","35.69318543788267","139.70241078338827","03-3353-3947","月・火・水・木 17:00 - 22:00 L.O. 料理21:00 ドリンク21:40 金・祝前日 17:00 - 22:30 L.O. 料理21:30 ドリンク22:10 土 11:30 - 15","","47席 （テーブル２０席）","有 （8人可、10～20人可、20～30人可） 最大２４名様、２０名様、１０名様用個室、半個室タイプの4名様用ボックスシートなど、お客様のご都合に合うお席のご用意が可能です。様々なシーンでご利用下さい。","全席禁煙","予約可","","無 近隣に多数あり。","新宿駅から地下道でご来店の場合、新宿駅地下街B10（サブナード入口）に入り、直進、一つ目の角を左折フットセラピーさん（B2)のビルの地下一階です。１階はファミリーマートがあります。 JR線・丸ノ内線・小田急線・京王線「新宿駅」A7出口より徒歩１分 / 副都心線、丸の内線「新宿３丁目駅」・伊勢丹デパート前より徒歩４?５分 / 大江戸線「新宿西口駅」D３出口より徒歩５分 / 西武新宿線「西武新宿駅」正面口より徒歩４分 新宿西口駅から300m","https://tblg.k-img.com/restaurant/images/Rvw/171137/640x640_rect_52a73098912967ec9392c0db4d7ce6a2.jpg","初台SC"
"eggslut 新宿サザンテラス店","3.58","853","36560","サンドイッチ/カフェ/ハンバーガー","新宿駅","\1,000～\1,999","\1,000～\1,999","https://tabelog.com/tokyo/A1304/A130401/13238359/","東京都渋谷区代々木2-2-1 新宿サザンテラス 1F","1510053","35.68866948869011","139.6999049145062","03-6773-0424","07:30 - 21:00","","24席 （カウンター24席）","無","全席禁煙","予約不可","","無 小田急サザンテラステラスタワー駐車場324台 車椅子専用駐車スペースあり","ＪＲ中央線ほか【新宿駅】南口／新南口 徒歩１分 京王本線【新宿駅】ルミネ口 徒歩２分 都営地下鉄新宿線・大江戸線【新宿駅】徒歩２分 小田急小田原線【新宿駅】徒歩５分 新宿駅から188m","https://tblg.k-img.com/restaurant/images/Rvw/290862/640x640_rect_9be45a9a1d43de57c90fd882991bfbb4.jpg","初台SC"
"利しり","3.58","839","28065","ラーメン","西武新宿駅","\1,000～\1,999","-","https://tabelog.com/tokyo/A1304/A130401/13000022/","東京都新宿区歌舞伎町2-27-7 やなぎビル 1F","1600021","35.696000018739504","139.7029208450769","03-3200-2951","月・火・水・木・金・土 18:30 - 05:00 日・祝日","","27席","無","全席禁煙","予約不可","","無 近くのコイン・パーキング：歌舞伎町2-26-4に12台収容、ほか","西武新宿線【西武新宿駅】徒歩５分 東京メトロ丸ノ内線【新宿駅】徒歩７分 ＪＲ中央線他【新宿駅】東口 徒歩８分 都営地下鉄大江戸線【新宿西口駅】徒歩９分 西武新宿駅から256m","https://tblg.k-img.com/restaurant/images/Rvw/365653/640x640_rect_78f0fb389cd542b39ce7d705a5f1d8f3.jpg","初台SC"
"珈琲西武 西新宿店","3.58","758","25609","喫茶店/カフェ","新宿西口駅","～\999","\1,000～\1,999","https://tabelog.com/tokyo/A1304/A130401/13239218/","東京都新宿区西新宿7-9-16 西新宿メトロビル 2F","1600023","35.694661618685764","139.69822629456792","03-3361-2828","月・火・水・木・金・土 11:00 - 21:30 日 11:00 - 21:00","","74席","無","全席禁煙 喫煙ブースあり","予約不可","","無","各線 新宿駅 大江戸線 新宿西口駅 新宿西口駅から145m","https://tblg.k-img.com/restaurant/images/Rvw/359504/640x640_rect_ce7650772b8c61a1f4b46ea402f58cbf.jpg","初台SC"
"やしま 円山町店","3.58","736","54170","うどん","神泉駅","\2,000～\2,999","～\999","https://tabelog.com/tokyo/A1303/A130301/13159039/","東京都渋谷区円山町10-13 サンライズ渋谷 1F","1500044","35.65904059870717","139.69440246421075","03-6455-1533","月 11:30 - 15:00 火 11:30 - 14:00 水 11:30 - 20:30 木・金・土・日 11:30 - 21:00 うどんがなくなり次第終了 営業時間・","","18席 （カウンター４席、テーブル１４席(２人用×１卓、４人用×３卓)）","無","全席禁煙","予約不可","","無 近くのコイン・パーキング：円山町10-10に6台／5台／3台、松濤1-27に21台、ほか","京王井の頭線【神泉駅】徒歩４分 東京メトロ半蔵門線・東急田園都市線【渋谷駅】徒歩７分 ＪＲ山手線【渋谷駅】徒歩９分 東京メトロ銀座線【渋谷駅】徒歩10分 神泉駅から208m","https://tblg.k-img.com/restaurant/images/Rvw/355368/640x640_rect_9b25abd2c5616900036779f96b0aa62f.jpg","初台SC"
"麺屋ぬかじ","3.58","673","26437","つけ麺/ラーメン","渋谷駅","\1,000～\1,999","\1,000～\1,999","https://tabelog.com/tokyo/A1303/A130301/13113668/","東京都渋谷区宇田川町3-12 monostep2 1F","1500042","35.66269565870619","139.69861004424476","090-3801-8247","月・火・水・木・金・土 11:00 - 17:00 祝日 11:00 - 16:00 日","","8席 （カウンターのみ）","無","全席禁煙","予約不可","","無","東急田園都市線/東横線・東京メトロ半蔵門線/副都心線【渋谷駅】３番出口より徒歩3分 JR各線・東京メトロ銀座線【渋谷駅】ハチ公口より徒歩5分 京王井の頭線【渋谷駅】より徒歩７分 渋谷駅から478m","https://tblg.k-img.com/restaurant/images/Rvw/336237/640x640_rect_b1038e1a2a7889ecb195e264b579d91f.jpg","初台SC"
"果実園リーベル 渋谷店","3.58","658","16516","フルーツパーラー/カフェ","渋谷駅","\1,000～\1,999","\1,000～\1,999","https://tabelog.com/tokyo/A1303/A130301/13230664/","東京都渋谷区渋谷2-21-1 渋谷ヒカリエ 6F","1500002","35.65894453790471","139.70333188304176","03-6803-8917","11:00 - 21:00 L.O. 20:00","","80席","無","全席禁煙","予約不可","","有","東急田園都市線・東横線・東京メトロ半蔵門線・副都心線「渋谷駅」15番出口と直結。 ＪＲ線、東京メトロ銀座線、京王井の頭線「渋谷駅」2Ｆ連絡通路で直結。 渋谷駅から100m 渋谷駅から177m","https://tblg.k-img.com/restaurant/images/Rvw/360698/640x640_rect_e08ca5487db37b889f7694e317fbf168.jpg","初台SC"
"ル・パン・コティディアン 東京オペラシティ店","3.58","629","23605","カフェ/パン/オーガニック","初台駅","\2,000～\2,999","\1,000～\1,999","https://tabelog.com/tokyo/A1318/A131807/13143660/","東京都新宿区西新宿3-20-2 東京オペラシティ 1F","1600023","35.68279357868971","139.68694342445593","03-6276-4815","月・火・水・木・金・土・日・祝日・祝前日・祝後日 08:00 - 20:00 L.O. 19:30","","80席","無","全席禁煙 ビル内喫煙室あり","予約可","","有 館内有料駐車場 ※駐車券対象外","京王新線初台駅徒歩3分 初台駅から153m","https://tblg.k-img.com/restaurant/images/Rvw/14122/640x640_rect_14122079.jpg","初台SC"
"焼肉つじむら","3.58","607","27315","焼肉","西武新宿駅","\8,000～\9,999","-","https://tabelog.com/tokyo/A1304/A130401/13284380/","東京都新宿区西新宿7-4-7 イマス浜田ビル 1F","1600023","35.69615153787956","139.69854518342095","03-5937-4729","月・火・水・木・金・土・日・祝日・祝前日・祝後日 16:00 - 23:00 L.O. 料理22:00 ドリンク22:30 2025年9月より水曜日の営業も開始致します。 営業時間:16時?23時 (","","44席 （個室テーブル6名席 テーブル6名席×3卓 テーブル4名席×5卓）","有 （6人可）","全席禁煙 入り口に灰皿がございます。","予約可","","無","JR新宿駅（西口）より徒歩13分 大江戸線 新宿西口駅より徒歩5分 西武新宿駅から140m","https://tblg.k-img.com/restaurant/images/Rvw/286936/640x640_rect_e5067a3c16c3dc0925b7f2303b19f945.jpg","初台SC"
"珈琲西武 本店","3.58","570","19160","喫茶店","新宿西口駅","\1,000～\1,999","\1,000～\1,999","https://tabelog.com/tokyo/A1304/A130401/13288884/","東京都新宿区歌舞伎町1-6-12 ハナミチTOKYO歌舞伎町 2F","1600021","35.69393289868776","139.70301717455717","03-4589-8731","月・火・水・木・金・土 11:00 - 23:30 日・祝日 11:00 - 23:00","","114席","有 （2人可、4人可、6人可、8人可）","全席禁煙 喫煙専用室あり","予約不可","","無","東京メトロ丸ノ内線【新宿駅】徒歩４分 ＪＲ各線【新宿駅】東口 徒歩５分 西武新宿線【西武新宿駅】徒歩５分 東京メトロ丸ノ内線【新宿三丁目駅】徒歩６分 東京メトロ副都心線【新宿三丁目駅】徒歩７分 都営地下鉄新宿線【新宿三丁目駅】徒歩８分 サブナード13出口からすぐ 新宿西口駅から354m","https://tblg.k-img.com/restaurant/images/Rvw/366842/640x640_rect_7cacc369eedba6cb9dce55963ee4adbc.jpg","初台SC"
"アロッサ","3.58","544","39690","ヨーロッパ料理/ビストロ/ワインバー","神泉駅","\8,000～\9,999","\3,000～\3,999","https://tabelog.com/tokyo/A1303/A130301/13001842/","東京都渋谷区松濤1-26-22","1500046","35.65930853790135","139.6935029830523","03-3469-0125","水・木・金 12:00 - 15:00 L.O. 料理13:30 18:00 - 22:00 L.O. 料理21:00 土・日・祝日 11:30 - 15:00 L.O. 料理13:30 18:00 ","","20席 （テーブル20席）","無","全席禁煙 店外に喫煙スペースあり","予約可","","無 近隣にコインパーキングあり。","ＪＲ・地下鉄渋谷駅 徒歩8分 京王井の頭線神泉駅 徒歩3分 神泉駅から225m","https://tblg.k-img.com/restaurant/images/Rvw/346484/640x640_rect_6dc6449ee47dcb7d85936796095d08c4.jpg","初台SC"
"タスヤード","3.58","524","37173","カフェ/喫茶店/カレー","北参道駅","\2,000～\2,999","\1,000～\1,999","https://tabelog.com/tokyo/A1306/A130601/13020498/","東京都渋谷区千駄ヶ谷3-3-14 メゾンブランシュ　１０１","1510051","35.67559742870027","139.70574271437007","03-3470-3940","月・火・水・木・金 11:30 - 18:00 土・日・祝日 11:30 - 19:00 営業時間・","","（カウンター/テーブル席）","無","全席禁煙","予約不可","","無","JR山手線「原宿駅」竹下口 より徒歩10分 東京メトロ副都心線「北参道」2番出口より 徒歩5分 北参道駅から307m","https://tblg.k-img.com/restaurant/images/Rvw/17452/320x320_rect_130e0a4b78b36e9fad07a637511b830b.jpg","初台SC"
"ヴァーヴ コーヒー ロースターズ","3.58","513","15656","カフェ","新宿駅","-","～\999","https://tabelog.com/tokyo/A1304/A130403/13193550/","東京都渋谷区千駄ヶ谷5-24-55 NEWoMan SHINJUKU 2F","1510051","35.688393308690706","139.70122886450247","","07:00 - 22:00 営業時間・","","18席 （カウンター６席 テーブル１２席）","無","全席禁煙","予約不可","","無","JR新宿駅新南改札出てすぐ 新宿駅から243m","https://tblg.k-img.com/restaurant/images/Rvw/337703/640x640_rect_48d5a5be8030a2360962b38278a7aea1.jpg","初台SC"
"プルミエメ","3.58","498","48999","カフェ","代々木八幡駅","\2,000～\2,999","\2,000～\2,999","https://tabelog.com/tokyo/A1318/A131810/13257861/","東京都渋谷区富ヶ谷1-6-10 代々木公園ビル 2F","1510063","35.669121737893846","139.68953108315426","","月・火・木・金・土・日 08:00 - 17:00 L.O. 16:15 水","水曜","21席","有","全席禁煙","予約可","","無","代々木八幡駅から85m","https://tblg.k-img.com/restaurant/images/Rvw/178623/640x640_rect_b42cd0dea2b05a4a80ed1847170423b6.jpg","初台SC"
"横浜家系ラーメン みどり","3.58","483","7328","ラーメン","西武新宿駅","\1,000～\1,999","\1,000～\1,999","https://tabelog.com/tokyo/A1304/A130401/13305308/","東京都新宿区西新宿7-4-6 1F","1600023","35.696128638684876","139.69836888458264","","11:00 - 23:00 営業時間・","","15席 （カウンターのみ）","無","全席禁煙","予約不可","","無","西武新宿駅から156m","https://tblg.k-img.com/restaurant/images/Rvw/366198/640x640_rect_79c1bab95828827930386708b358054d.jpg","初台SC"
"らーめん 玄","3.58","483","15719","ラーメン","下北沢駅","～\999","～\999","https://tabelog.com/tokyo/A1318/A131802/13237219/","東京都世田谷区北沢2-28-7 エルフェアシティ下北沢2 1F","1550031","35.66336389869533","139.66582312427445","03-4288-8463","月・火・木・金・土・日 11:30 - 14:30 17:00 - 20:00 水","","8席 （カウンターのみ）","無","全席禁煙","予約不可","","無","下北沢駅から241m","https://tblg.k-img.com/restaurant/images/Rvw/121390/640x640_rect_121390425.jpg","初台SC"
"カフェ・ハイチ 新宿センタービル店","3.58","481","17603","カフェ/ケーキ/カレー","都庁前駅","-","～\999","https://tabelog.com/tokyo/A1304/A130401/13019157/","東京都新宿区西新宿1-25-1 新宿センタービル MB1F","1600023","35.69146608868698","139.69564753453744","03-3342-3674","月・火・水・木・金 08:00 - 21:00 L.O. 20:30 土・日・祝日 11:00 - 20:00 L.O. 19:30 営業時間・","","66席","無","全席禁煙","予約可","","有 540台 30分300円","JR新宿駅広場口から徒歩10分 都庁前駅から289m","https://tblg.k-img.com/restaurant/images/Rvw/125536/640x640_rect_125536067.jpg","初台SC"
"ホルン","3.58","481","31206","ケーキ/パン/クレープ・ガレット","代々木八幡駅","\1,000～\1,999","-","https://tabelog.com/tokyo/A1318/A131810/13256319/","東京都渋谷区上原1-2-1","1510064","35.668103908699145","139.68726598430732","03-6804-8265","10:00 - 19:00 営業時間・","","","無","全席禁煙","予約不可","","無","東京メトロ千代田線 代々木公園駅より徒歩3分 小田急小田原線 代々木八幡駅より徒歩3分 代々木八幡駅から270m","https://tblg.k-img.com/restaurant/images/Rvw/222821/320x320_rect_1d17cfbfbbacb755d7145812e2c5ad8f.jpg","初台SC"
"1500","3.58","464","40535","カフェ/イタリアン/バー","代々木八幡駅","\10,000～\14,999","-","https://tabelog.com/tokyo/A1318/A131810/13269639/","東京都渋谷区元代々木町4-2","1510062","35.66996233789259","139.68724888316433","03-5738-8821","水・木・金・土・日・祝日 09:00 - 23:00 月・火","不定休","8席 （立ち飲みカウンター、2F席あり）","有 （8人可） 半個室あり","全席禁煙","予約可","","無","代々木八幡駅から188m","https://tblg.k-img.com/restaurant/images/Rvw/357521/640x640_rect_c2946bae473e54ccbf8cce0318ce6d9d.jpg","初台SC"
"フラヌール","3.58","464","61983","カレー","神泉駅","-","\1,000～\1,999","https://tabelog.com/tokyo/A1303/A130301/13012493/","東京都渋谷区道玄坂2-17-5 やなぎやビル 1F","1500043","35.65902543790258","139.6967895830472","03-3461-8650","月・火・水・木・金・土・祝日 11:30 - 20:00 L.O. 料理19:45 日","日曜日","8席 （カウンター4席、テーブル４席(４人用×１卓)）","無","全席禁煙","予約不可","","無 近くの有料駐車場：道玄坂2-10-9新大宗ビル６号館200台収容、ほか","京王井の頭線【渋谷駅】西口 徒歩３分 東京メトロ半蔵門線、東急田園都市線【渋谷駅】徒歩４分 ＪＲ山手線他【渋谷駅】ハチ公口徒歩６分 東京メトロ銀座線【渋谷駅】徒歩６分 東京メトロ副都心線、東急東横線【渋谷駅】徒歩８分 京王電鉄井の頭線【神泉駅】北口 徒歩６分 道玄坂通りから百軒店商店街へ入るとある。 神泉駅から347m","https://tblg.k-img.com/restaurant/images/Rvw/361253/640x640_rect_b32eae7a47438b11c85ef90ce67ad640.jpg","初台SC"
"アフターオールコーヒー","3.58","448","21142","カフェ","新宿西口駅","-","～\999","https://tabelog.com/tokyo/A1304/A130401/13273581/","東京都新宿区西新宿7-15-14","1600023","35.6953306378798","139.69767958341328","","月・水・木 12:00 - 23:00 金・土・日・祝日 09:00 - 23:00 火","","12席 （カウンター2席、2人掛けハイテーブル2卓、2人掛けローテーブル3卓）","無","全席禁煙","予約不可","","無","新宿西口駅から234m","https://tblg.k-img.com/restaurant/images/Rvw/255350/640x640_rect_ffdc2dbf3a16b7a633ad7f91287cc4dc.jpg","初台SC"
"カレーの店 SPICE","3.58","424","18488","カレー","幡ケ谷駅","～\999","\1,000～\1,999","https://tabelog.com/tokyo/A1318/A131807/13013263/","東京都渋谷区西原2-28-2","1510066","35.67552956869148","139.67801086438882","03-3460-1843","火・水・木・金・土・日 11:00 - 18:00 月","","20席 （テーブル*20）","無","全席禁煙","予約不可","","無","京王電鉄京王新線幡ヶ谷駅南口より徒歩2分 幡ケ谷駅から216m","https://tblg.k-img.com/restaurant/images/Rvw/356537/640x640_rect_6be3e9cb037d31c99dfcfea7ea2c9727.jpg","初台SC"
"酒場 つむぎ堂 渋谷店","3.58","418","36496","居酒屋/餃子/牛タン","神泉駅","\3,000～\3,999","\3,000～\3,999","https://tabelog.com/tokyo/A1303/A130301/13312438/","東京都渋谷区宇田川町37-10 麻仁ビル渋谷 1F","1500042","35.662062409784056","139.69560245986187","03-5738-8950","月・火・水・木・金・祝前日・祝後日 17:00 - 23:00 L.O. 料理22:00 ドリンク22:30 土・日・祝日 12:00 - 23:00 L.O. 料理22:00 ドリンク22:30","","90席","有 （2人可、4人可、6人可、8人可、10～20人可） 完全個室完備しております。 各種ご宴会におすすめの2時間飲み放題付きコースは4000円からご用意しております。","全席喫煙可 加熱式たばこのみ喫煙可能となっております。紙たばこのお客様も使用できる喫煙所をご準備しております。 2020年4月1日より受動喫煙対策に関する法律(改正健康増進法）が施行されており、最新の情報と異なる場合がございますので、ご来店前に店舗にご確認ください。","予約可","","無","JR 渋谷駅 徒歩5分 神泉駅から560m","https://tblg.k-img.com/restaurant/images/Rvw/319018/640x640_rect_f66b349ca6e94c0b13f5dc582495b85d.jpg","初台SC"
"リジーグ","3.58","407","16647","カフェ/サンドイッチ/ケーキ","新宿三丁目駅","\2,000～\2,999","\2,000～\2,999","https://tabelog.com/tokyo/A1304/A130401/13043279/","東京都新宿区新宿3-14-1 伊勢丹新宿メンズ館 8F","1600022","35.69237424868926","139.70462430454032","03-3356-5351","10:00 - 20:00 L.O. 19:30","","42席","無","全席禁煙","予約不可","","有 ※伊勢丹パーキング利用","伊勢丹新宿店「メンズ館」８階 新宿三丁目駅から170m","https://tblg.k-img.com/restaurant/images/Rvw/47623/640x640_rect_47623585.jpg","初台SC"
"ロス・バルバドス","3.58","403","30321","アフリカ料理/中南米料理","神泉駅","\3,000～\3,999","～\999","https://tabelog.com/tokyo/A1303/A130301/13111493/","東京都渋谷区宇田川町41-26 パピエビル１０４","1500042","35.66273575870516","139.69543455424738","03-3496-7157","月・火 08:30 - 11:30 L.O. 11:00 11:30 - 17:00 L.O. 16:00 金・土 11:30 - 16:00 L.O. 15:30 16:00 - 20:00 L.O","","8席 （カウンターのみ）","無","全席禁煙","予約可","アジア・エスニック 百名店 2024","無","JR渋谷駅徒歩8分 神泉駅から627m","https://tblg.k-img.com/restaurant/images/Rvw/4302/320x320_square_4302235.jpg","初台SC"
"松涛カフェ 渋谷本店","3.58","400","19544","カフェ/ケーキ/パン","神泉駅","\1,000～\1,999","\1,000～\1,999","https://tabelog.com/tokyo/A1303/A130301/13215570/","東京都渋谷区松涛1-29-24 松涛郵便局 1F","1500000","35.66016682870668","139.69509600422165","03-5784-1566","火・水・木・金・土・日 10:00 - 18:00 月","月曜日","21席 （テーブル21席（4人掛け×1、3人掛け×1、2人掛け×8））","無","全席禁煙","予約不可","","無","神泉駅から347m","https://tblg.k-img.com/restaurant/images/Rvw/288031/640x640_rect_25bed93610124f22c708d4c53138ca92.jpg","初台SC"
"名曲喫茶ライオン","3.58","400","29541","喫茶店/カフェ","神泉駅","～\999","～\999","https://tabelog.com/tokyo/A1303/A130301/13001723/","東京都渋谷区道玄坂2-19-13","1500043","35.65927081870766","139.69637147421173","03-3461-6858","13:00 - 20:00 営業時間・","","70席 （１Ｆ： ２Ｆ：60席）","無 ※ボックス席有り","全席禁煙","予約不可","","無 近くのコイン・パーキング：道玄坂2-26に62台収容、ほか","京王井の頭線【渋谷駅】西口 徒歩４分 東京メトロ半蔵門線、東急田園都市線【渋谷駅】徒歩５分 ※地下通路１番口より徒歩３分 ＪＲ山手線・埼京線、東京メトロ銀座線【渋谷駅】徒歩７分 東京メトロ副都心線、東急東横線【渋谷駅】徒歩９分 神泉駅から334m","https://tblg.k-img.com/restaurant/images/Rvw/334318/640x640_rect_732df5234a0a763079de33b33a33d9e4.jpg","初台SC"
"とんかつ じゅんちゃん","3.58","399","12626","とんかつ","外苑前駅","\3,000～\3,999","-","https://tabelog.com/tokyo/A1306/A130603/13300422/","東京都港区北青山2-14-4 THE AOYAMA GRAND HOTEL 4F","1070061","35.6695936238185","139.7158065462749","03-6271-5429","11:00 - 15:30 L.O. 料理14:00 ドリンク15:00","","28席 （カウンター28席）","無","全席禁煙 喫煙室をご用意しております","予約可","","有 3000円/1台 ※予約不可。空きがございましたらお停めいただけます","東京メトロ銀座線「外苑前」駅 3番出口より徒歩3分 東京メトロ千代田線・半蔵門線・銀座線「表参道」駅 A3出口より徒歩8分 外苑前駅から198m","https://tblg.k-img.com/restaurant/images/Rvw/260000/640x640_rect_3a52642c06267861064f71204ca5b10c.jpg","初台SC"
"マジックスパイス 東京店","3.58","377","13472","スープカレー/カレー","下北沢駅","\2,000～\2,999","\2,000～\2,999","https://tabelog.com/tokyo/A1318/A131802/13293518/","東京都世田谷区代沢2-30-14","1550032","35.66035810869841","139.66951404424154","03-6413-8898","月・木・金 11:30 - 15:00 17:30 - 22:30 土・日 11:30 - 23:00 火・水","","","無","全席禁煙","予約不可","","無","下北沢駅から246m","https://tblg.k-img.com/restaurant/images/Rvw/361997/640x640_rect_0081f3c216fad8fc53d18fb45269f980.jpg","初台SC"
"ろばた焼き 絶好調てっぺん 新宿店","3.58","362","38766","ろばた焼き/居酒屋/日本酒バー","新宿駅","\5,000～\5,999","-","https://tabelog.com/tokyo/A1304/A130401/13255373/","東京都新宿区西新宿1-14-5 浅田ビル 3F","1600023","35.68870772053343","139.69689022284635","03-6258-0818","月・火・水・木・日・祝日 17:00 - 23:00 L.O. 料理22:00 ドリンク22:30 金・土 17:00 - 23:30 L.O. 料理22:30 ドリンク23:00","不定休","40席","無","全席禁煙","予約可","","無","新宿駅南口より徒歩5分 新宿駅西口より徒歩5分 ※お店の目印 ビル内に 1F 鳥衛門 2F 焼肉ふたご 3F 絶好調てっぺん 新宿駅から339m","https://tblg.k-img.com/restaurant/images/Rvw/187388/640x640_rect_4513bf9e25dd30b837522c0e4ee9127e.jpg","初台SC"
"エシレ・パティスリー オ ブール 伊勢丹新宿店","3.58","336","8108","洋菓子","新宿三丁目駅","\1,000～\1,999","-","https://tabelog.com/tokyo/A1304/A130401/13227809/","東京都新宿区新宿3-14-1 伊勢丹新宿本店 B1F","1600022","35.69184240868954","139.7044362545351","03-3352-1111","10:00 - 20:00","","","無","全席禁煙","予約不可","","有 【直営】伊勢丹本館パーキング、パークシティイセタン1駐車場【提携】サブナード駐車場、東京都第一本庁舎駐車場 ※お買い上げ金額により無料時間あり","東京メトロ丸ノ内線「新宿三丁目駅」伊勢丹方面改札から徒歩1分 都営新宿線「新宿三丁目駅」新宿三丁目改札から徒歩3分 東京メトロ副都心線「新宿三丁目駅」新宿三丁目交差点改札から徒歩2分/伊勢丹正面改札から徒歩30秒 ※伊勢丹正面改札は、午前7時～午後3時は駅からの出場専用。午後3時～終電までは駅への入場専用 新宿三丁目駅から117m","https://tblg.k-img.com/restaurant/images/Rvw/359095/640x640_rect_4a21b499d8aad01a434f404d3f94d5e0.jpg","初台SC"
"梢","3.58","335","10190","日本料理/しゃぶしゃぶ","都庁前駅","\8,000～\9,999","\20,000～\29,999","https://tabelog.com/tokyo/A1304/A130401/13004206/","東京都新宿区西新宿3-7-1-2 パークハイアット東京 40F","1600023","35.6861248686887","139.69040682448716","03-5323-3460","月・火・木・金・土・日 11:30 - 15:30 L.O. 料理14:30 17:30 - 22:00 L.O. 料理21:00 水","","91席 （完全個室、テーブル席）","有 （8人可）","全席禁煙","予約可","日本料理 百名店 2021","有","・JR新宿駅南口より徒歩12分 ・都営大江戸線 都庁前駅より徒歩8分 都庁前駅から537m","https://tblg.k-img.com/restaurant/images/Rvw/366697/640x640_rect_1d52153a8b08a5b4a39ec08b53b77ea7.jpg","初台SC"
"ユリイカ","3.58","313","27742","ビストロ/洋食/フレンチ","下北沢駅","\1,000～\1,999","\6,000～\7,999","https://tabelog.com/tokyo/A1318/A131802/13170916/","東京都世田谷区北沢2-28-7 エルフェアシティ下北沢Ⅱ 102A","1550031","35.66336683788994","139.66576578311276","03-5453-3039","月・火・金・土 12:00 - 15:00 L.O. 14:00 18:00 - 22:00 L.O. 料理21:00 ドリンク21:30 日・祝日 12:00 - 15:00 L.O. 14:00 ","","28席 （テーブル24席、カウンター4席）","無","全席禁煙 外に灰皿あり","予約可","","無","下北沢駅西口から徒歩３分 Google mapsで行くと誤った道順を示されるので注意。 まいばすけっと向かいのこれこれごはんさんと床屋さんの間の細い路地を曲がります。 表通りからのぞけば正面に赤いお店のファサードが見えます。 下北沢駅から244m","https://tblg.k-img.com/restaurant/images/Rvw/45332/640x640_rect_45332281.jpg","初台SC"
"エル・カステリャーノ","3.58","307","36586","スペイン料理/バル/ワインバー","渋谷駅","\5,000～\5,999","\8,000～\9,999","https://tabelog.com/tokyo/A1303/A130301/13001313/","東京都渋谷区渋谷2-9-12 インテリックス青山通ビル　２Ｆ","1500002","35.66084663666435","139.70750763822556","03-3407-7197","月・火・水・木・金 17:00 - 23:00 L.O. 料理22:00 ドリンク22:30 土 12:30 - 15:30 L.O. 料理14:30 ドリンク15:00 16:30 - 23:00 ","","28席 （テーブル席）","無","全席禁煙 お店の外に喫煙スペースあり","予約可","スペイン料理 百名店 2026","無 近隣にコインパーキング有り","JR渋谷駅東口から 徒歩8分 表参道駅から 徒歩8分 渋谷駅から590m","https://tblg.k-img.com/restaurant/images/Rvw/301559/640x640_rect_4bbd952b1fbde0de946e74bf9595e02c.jpg","初台SC"
"ダム・ジャンヌ","3.58","283","40385","ビストロ","神泉駅","-","\10,000～\14,999","https://tabelog.com/tokyo/A1303/A130301/13053893/","東京都渋谷区円山町23-4 サトウ コーポラス 1F","1500044","35.65702805870828","139.69385278419082","03-3496-2755","火・水・木・金・土 18:00 - 01:00 月・日","","16席 （20人（着席時） 20人（立食時））","無","全席喫煙可 2020年4月1日より受動喫煙対策に関する法律(改正健康増進法）が施行されており、最新の情報と異なる場合がございますので、ご来店前に店舗にご確認ください。","予約可","Tabelog Award 2020 Bronze / フレンチ 百名店 2023 / ビストロ 百名店 2021","無 近くのコイン・パーキング：円山町17に8台収容、ほか","京王井の頭線【神泉駅】徒歩１分 東京メトロ半蔵門線、東急田園都市線【渋谷駅】徒歩８分 ＪＲ山手線【渋谷駅】徒歩９分 東京メトロ銀座線【渋谷駅】徒歩10分 神泉駅から36m","https://tblg.k-img.com/restaurant/images/Rvw/122347/640x640_rect_122347563.jpg","初台SC"
"タンジャイミールス","3.58","278","12945","インド料理/インドカレー","幡ケ谷駅","\1,000～\1,999","\3,000～\3,999","https://tabelog.com/tokyo/A1318/A131807/13280691/","東京都-渋谷区幡ケ谷2-7-10 松本ビル 2F","1510072","35.677914748689844","139.67760791441322","03-5352-8055","月・火・水・木・金・土・日・祝日・祝前日・祝後日 11:00 - 15:00 L.O. 14:30 18:00 - 22:00 L.O. 21:30","不定休","40席","無","全席禁煙","予約可","アジア・エスニック 百名店 2026","無","京王新線幡ヶ谷駅北口から徒歩2分 幡ヶ谷六号通り商店街 幡ケ谷駅から89m","https://tblg.k-img.com/restaurant/images/Rvw/307518/640x640_rect_c99fa076ebbfc4b1d9b0cf8e96b08f73.jpg","初台SC"
"ビスキュイテリエ ブルトンヌ 渋谷ヒカリエ店","3.58","253","5203","洋菓子","渋谷駅","-","～\999","https://tabelog.com/tokyo/A1303/A130301/13247053/","東京都渋谷区渋谷2-21-1 渋谷ヒカリエ B2F","1500002","35.65887616871018","139.70348446420277","03-6712-5583","","","","無","全席禁煙","予約可","","有","渋谷駅直結 渋谷駅から191m","https://tblg.k-img.com/restaurant/images/Rvw/366438/640x640_rect_c1e36904c73b2eec36fcbf253cee02c9.jpg","初台SC"
"鮨 赫 sushi aka Tokyo","3.58","250","2901","寿司/日本料理/海鮮","新宿三丁目駅","-","\30,000～\39,999","https://tabelog.com/tokyo/A1304/A130401/13314571/","東京都新宿区新宿5-11-23 KT新宿三番街 2F-B","1600022","35.69304320149963","139.70800000383497","03-6457-8325","火・水・木・金・土・日・祝日・祝前日・祝後日 17:00 - 23:00 L.O. 料理22:00 ドリンク22:30 月","","8席","無","全席禁煙","完全予約制","","有 1階が有料パーキングです。","新宿三丁目駅 徒歩3分 新宿三丁目駅から371m","https://tblg.k-img.com/restaurant/images/Rvw/325701/640x640_rect_cdfae731f1b68e8ce7fba216b24f3e27.jpg","初台SC"
"kaiki","3.58","209","24165","イタリアン/野菜料理/ワインバー","代々木上原駅","\4,000～\4,999","\8,000～\9,999","https://tabelog.com/tokyo/A1318/A131811/13220039/","東京都渋谷区西原3-17-11 IRビル B1F","1510066","35.67001613789026","139.68006928316993","03-6407-1605","水・木・金 11:30 - 14:45 L.O. 13:00 18:00 - 22:00 L.O. 20:30 土 12:00 - 15:00 L.O. 13:00 18:00 - 22:00 L.O","","18席","有 （4人可） 個室料は別途￥2500頂戴致します。 なお個室ご利用の際はお手数ですが、直接電話にて店舗までお問い合わせ下さい。","全席禁煙","予約可","","無","代々木上原駅徒歩1分 代々木上原駅から115m","https://tblg.k-img.com/restaurant/images/Rvw/306969/640x640_rect_603a2e01c65f7049abc27a0735ea1df8.jpg","初台SC"
"lumielune","3.58","179","18158","ビストロ/ワインバー","東北沢駅","-","\8,000～\9,999","https://tabelog.com/tokyo/A1318/A131802/13170123/","東京都世田谷区北沢3-18-5 伊東ビル 1F","1550031","35.66453634869595","139.67009918428334","03-3465-0573","火・水・木・金 18:00 - 23:00 L.O. 22:00 土・日・祝日 15:00 - 23:00 L.O. 22:00 月","","22席 （カウンター10席 テーブル12席）","無","全席禁煙 店頭に喫煙スペースあり","予約可","","無 近くにコインパーキングあり","＜下北沢駅からの行き方＞徒歩8分程 東口改札を出ると、正面左側の奥に「SHIMOKITAZAWA一番街」のゲートが見えますので、そちらをくぐってください。 モスバーガーを過ぎると、こはぜ珈琲さんからいい香りがしますよね？ そちらの2階が姉妹店yuzukiです。酒と定食のお店です。次回、どうぞ気軽にお寄りくださいませ。 さて、yuzukiを過ぎて突き当りは右、再度一番街のゲートをくぐったら左に曲がります。 ファミリーマートが右手に見えればもうすぐです。 お地蔵様の手前右手がお店です。 ＜東北沢駅からの行き方＞徒歩3分程 西口改札を降りたら右手に進みすぐ左へ曲がる。 真っすぐ突き当りまで進むとオレンジ色看板「だいます」がありますので、左折。 クリーニング屋・商店・理髪店を過ぎたら右折。 坂道を下り、お寺さんを過ぎてもまだまっすぐ行くと左手にお店です。 東北沢駅から286m","https://tblg.k-img.com/restaurant/images/Rvw/366093/640x640_rect_33201ea6bcd503f2412cdbac98e6d621.jpg","初台SC"
"HATO","3.58","158","20805","フレンチ/イタリアン/創作料理","初台駅","\8,000～\9,999","\10,000～\14,999","https://tabelog.com/tokyo/A1318/A131807/13260629/","東京都渋谷区初台1-9-7 T&Tビル 101","1510061","35.67813343788734","139.68706338324702","03-6770-3944","月・木・金 18:00 - 22:30 L.O. 料理20:00 土・日・祝日 12:00 - 15:00 L.O. 料理12:00 18:00 - 21:00 L.O. 料理18:00 火・水","火・水","16席 （カウンター8席 テーブル8席）","無","全席禁煙","完全予約制","","無","京王新線・都営新宿線 初台駅南口より徒歩4分 小田急線 参宮橋駅より11分 千代田線 代々木公園駅１番出口より徒歩15分 初台駅から365m","https://tblg.k-img.com/restaurant/images/Rvw/214927/640x640_rect_4e04fbf59fa932fd2dc624316e174f40.jpg","初台SC"
"うまいもの 楽味","3.58","122","11614","居酒屋","下北沢駅","-","\10,000～\14,999","https://tabelog.com/tokyo/A1318/A131802/13007052/","東京都世田谷区北沢2-12-11 島田ビル B1F","1550031","35.66107248869748","139.66800069424983","03-3410-6577","火・水・木・金・土・日 16:30 - 23:00 L.O. 22:00 月","","24席","無","全席禁煙","予約可","","無","下北沢駅南口徒歩約２分 下北沢駅から88m","https://tblg.k-img.com/restaurant/images/Rvw/16003/640x640_rect_16003874.jpg","初台SC"
"焼きあご塩らー麺 たかはし 新宿本店","3.57","2506","61407","ラーメン","西武新宿駅","～\999","～\999","https://tabelog.com/tokyo/A1304/A130401/13178753/","東京都新宿区歌舞伎町1-27-3 KKビル 1F","1600021","35.69521164868614","139.7004820545719","03-6457-3328","月・火・水・木 11:00 - 00:00 金 11:00 - 02:00 土 10:00 - 02:00 日 10:00 - 00:00","","13席 （カウンター席のみ）","無","全席禁煙","予約不可","","無","西武新宿駅より1分。 新宿駅東口より５分。 新宿大ガード東交差点より、大久保方面に徒歩１分。 カラオケ館西武新宿駅前店のすぐ裏手です。 西武新宿駅から111m","https://tblg.k-img.com/restaurant/images/Rvw/366690/320x320_rect_66846f7cd8ee32f2937a88b3786bacdc.jpg","初台SC"
"広州市場 西新宿店","3.57","1700","38451","ラーメン/中華料理/居酒屋","新宿駅","～\999","～\999","https://tabelog.com/tokyo/A1304/A130401/13117096/","東京都新宿区西新宿1-12-7 阿部ビル 1F","1600023","35.6895357378833","139.69711278335512","03-5322-9322","11:00 - 00:00","","36席 （カウンター8席、テーブル4人掛け2卓、地下20席）","無","全席禁煙","予約不可","","有 近くにコインパーキング有り","新宿駅西口から徒歩3分 新宿駅から280m","https://tblg.k-img.com/restaurant/images/Rvw/31344/640x640_rect_31344128.jpg","初台SC"
"炙り味噌らーめん 麺匠 真武咲弥 渋谷店","3.57","1687","41209","ラーメン/つけ麺","神泉駅","\1,000～\1,999","\1,000～\1,999","https://tabelog.com/tokyo/A1303/A130301/13109578/","東京都渋谷区道玄坂2-10-3","1500043","35.65786479870864","139.69663671419735","03-6416-3778","月 11:00 - 02:30 火・水・木・日 11:00 - 04:30 金・土 11:00 - 06:30","なし","28席 （１Ｆ：カウンター10席／テーブル6席、２Ｆ：カウンター4席／テーブル8席）","無","全席禁煙","予約不可","","無 徒歩３分以内にコイン・パーキングあり","京王井の頭線 渋谷駅 ＪＲ山手線他、渋谷駅 東急東横線・田園都市線 渋谷駅 東京メトロ半蔵門線・銀座線・副都心線 渋谷駅 神泉駅から282m","https://tblg.k-img.com/restaurant/images/Rvw/185742/640x640_rect_4a245d8fb234f619efa28e03fcdc9ae5.jpg","初台SC"
"ラム焼肉専門店 lamb ne","3.57","1590","72697","焼肉/ホルモン/ジンギスカン","新宿三丁目駅","\6,000～\7,999","\3,000～\3,999","https://tabelog.com/tokyo/A1304/A130401/13232941/","東京都新宿区新宿3-28-15 TRN新宿ビル 4F","1600022","35.690924137884366","139.70323058336487","03-6273-1033","月・火・水・木・金・土・日・祝日 11:30 - 15:30 L.O. 15:00 17:00 - 23:00 L.O. 料理22:00 ドリンク22:30","","46席 （カウンター16席 テーブル30席）","無","全席禁煙","予約可","","無","新宿駅から徒歩３分 ビックロの裏手エクシオールカフェの入っているビルの4階です 新宿三丁目駅から徒歩２分 新宿三丁目駅から151m","https://tblg.k-img.com/restaurant/images/Rvw/110407/640x640_rect_110407115.jpg","初台SC"
"ネパール民族料理 アーガン","3.57","1378","55253","ネパール料理/カレー/居酒屋","新大久保駅","\2,000～\2,999","～\999","https://tabelog.com/tokyo/A1304/A130404/13196997/","東京都新宿区大久保2-32-3 リスボンビル4F","1690072","35.70147843787742","139.702478183472","03-6233-9610","11:00 - 15:00 15:00 - 23:30 L.O. 23:00","年中無休","120席","無","分煙 完全分煙 2020年4月1日より受動喫煙対策に関する法律(改正健康増進法）が施行されており、最新の情報と異なる場合がございますので、ご来店前に店舗にご確認ください。","予約可","アジア・エスニック 百名店 2026 / カレー 百名店 2019","無 近くにコインパーキングがございます","JR「新大久保駅」から徒歩3分 JR「大久保駅」から徒歩7分 西武新宿線「西武新宿駅」北口から徒歩7分 東京メトロ副都心線・都営大江戸線「東新宿駅」B3出口から徒歩7分 新大久保駅から213m","https://tblg.k-img.com/restaurant/images/Rvw/58371/640x640_rect_58371221.jpg","初台SC"
"希須林 青山","3.57","1234","67523","中華料理/担々麺","表参道駅","\5,000～\5,999","\1,000～\1,999","https://tabelog.com/tokyo/A1306/A130602/13002118/","東京都港区南青山5-1-25 メゾンドラミア　２Ｆ","1070062","35.664583737904046","139.71250788309231","03-3499-4120","火・水・木・金・土・日 11:00 - 14:30 L.O. 13:45 17:30 - 22:00 L.O. 料理21:00 ドリンク21:30 月","月曜日","38席","有 完全個室はございません。半個室の用意となります。","全席禁煙","予約可","","無 近くの有料駐車場：南青山5-1-22青山ライズスクエア81台収容、ほか","東京メトロ銀座線・半蔵門線・千代田線【表参道駅】徒歩２分 表参道駅から65m","https://tblg.k-img.com/restaurant/images/Rvw/297380/640x640_rect_c48b3b7f1dd48cc41aea2fb5ff42ad35.jpg","初台SC"
"北海道スープカレー Suage 渋谷店","3.57","1232","39374","スープカレー/カレー","渋谷駅","\1,000～\1,999","\1,000～\1,999","https://tabelog.com/tokyo/A1303/A130301/13234526/","東京都渋谷区渋谷 2-22-11 渋谷フランセ奥野ビル B1F","1500002","35.6584642902914","139.7031945272314","03-6803-8270","11:00 - 22:00 L.O. 21:30","不定休","43席 （店内奥のカウンターには席ごとに仕切りを設けております）","有 （2人可、4人可、6人可） カウンター席 半個室あり","全席禁煙","予約不可","","無 近隣にコインパーキングあり","東急線・東京メトロ渋谷駅15番出口、JR渋谷駅（ヒカリエ出口）より徒歩1分 渋谷駅から175m","https://tblg.k-img.com/restaurant/images/Rvw/119194/640x640_rect_119194425.jpg","初台SC"
"新宿うな鐵 はなれ","3.57","1029","22520","うなぎ/日本料理/どじょう","西武新宿駅","\6,000～\7,999","\4,000～\4,999","https://tabelog.com/tokyo/A1304/A130401/13239102/","東京都新宿区歌舞伎町1-22-2","1600021","35.69473073788125","139.70106058340485","03-6233-7878","月・火・水・木・金・土・日・祝日・祝前日・祝後日 11:00 - 23:30 L.O. 23:00 ??ご予約は、お電話でも受け付けております。","","66席 （1Fカウンター席:14席 2Fテーブル席:28席 3Fお座敷テーブル:24席）","無","全席禁煙","予約可","","無","JR新宿駅東口から徒歩5分 西武新宿線 西武新宿駅から徒歩1分 西武新宿駅から181m","https://tblg.k-img.com/restaurant/images/Rvw/164176/640x640_rect_52eda312419de5040d3e4f7541e7fe57.jpg","初台SC"
"焼肉バズーカF","3.57","803","33778","焼肉/ホルモン/冷麺","新宿西口駅","\6,000～\7,999","-","https://tabelog.com/tokyo/A1304/A130401/13248269/","東京都新宿区西新宿7-15-5 佐奈ビル 2F","1600023","35.69538203787965","139.69730388341404","03-6908-8029","月・火・水・木・金・土・日・祝日・祝前日・祝後日 16:00 - 00:00 L.O. 23:00","なし","32席 （2～4名席 6卓、5名席 1卓、6～8名席 1卓、12名席 1卓、カウンター席 2卓）","無","全席禁煙 喫煙スペース有り","予約可","","有 近隣にパーキングあり","新宿駅西口 徒歩7分 西新宿駅 徒歩5分 新宿西口駅徒歩3分 新宿西口駅から259m","https://tblg.k-img.com/restaurant/images/Rvw/328081/640x640_rect_69f81d3b88be7170b3128d8f31063e44.jpg","初台SC"
"ピッツェリア チーロ 東中野店","3.57","788","39503","ピザ/イタリアン/コロッケ","東中野駅","\2,000～\2,999","\1,000～\1,999","https://tabelog.com/tokyo/A1319/A131901/13115030/","東京都中野区東中野3-8-3 フェニックスビル1Ｆ","1640003","35.70701273867297","139.68265317470357","03-6426-0309","月・火・木・金・土・日・祝日 11:30 - 15:00 L.O. 14:30 17:00 - 22:00 L.O. 21:30 水","","22席 （内 テラス6席）","無","全席禁煙 テラス席喫煙不可","予約可","ピザ 百名店 2023","無 近隣にコインパーキングあり","JR総武線 東中野駅西口 徒歩2分 大江戸線 東中野駅Ａ２出口 徒歩1分 東西線 落合駅 徒歩7分 東中野駅から130m","https://tblg.k-img.com/restaurant/images/Rvw/9971/640x640_rect_9971880.jpg","初台SC"
"なきざかな 新宿店はなれ","3.57","782","56100","海鮮/居酒屋/日本酒バー","新宿駅","\5,000～\5,999","-","https://tabelog.com/tokyo/A1304/A130401/13180803/","東京都新宿区西新宿1-19-13 青鈴ビル 2F","1600023","35.68838153788397","139.6969251833436","03-6911-0377","月・火・水・木・金・祝前日 17:00 - 23:00 L.O. 22:00 土・日・祝日 16:00 - 23:00 L.O. 22:00 年末年始の営業時間は変更する事がございますので、直接お問い","","72席","無","全席禁煙","予約可","","無","①JR東日本新宿駅 南口 徒歩3分 ②大江戸線 新宿駅 5番出口 徒歩5分 ③小田急線 新宿駅 西口 徒歩3分 ④京王新線 新宿駅 徒歩3分 新宿駅から357m","https://tblg.k-img.com/restaurant/images/Rvw/238754/640x640_rect_4ea95286f0c543aff0977c4dd475c831.jpg","初台SC"
"nephew","3.57","772","54458","カフェ/バー/ビストロ","代々木公園駅","\6,000～\7,999","\1,000～\1,999","https://tabelog.com/tokyo/A1318/A131810/13258613/","東京都渋谷区富ヶ谷1-7-2","1510063","35.669028737894095","139.6901123831529","03-5738-8908","月・火・水・木 08:00 - 17:00 L.O. ドリンク16:30 19:00 - 00:00 L.O. 料理22:00 ドリンク23:00 金・土・日・祝日 08:00 - 17:00 L.O","","34席","無","全席禁煙 店舗周辺は住宅街のため、店舗前道路での喫煙もご遠慮いただいております。","予約可","","無","代々木公園･代々木八幡駅より徒歩2分。 店舗周辺は住宅街のため、自転車でお越しの際は代々木八幡駅周辺の駐輪場にお停めください。 場合によっては、移動していただくようお声がけさせていただきます。 代々木公園駅から85m","https://tblg.k-img.com/restaurant/images/Rvw/358902/640x640_rect_77ff97e7fc4999fd00e0341aacc2057a.jpg","初台SC"
"ビヤホールライオン 新宿店","3.57","763","17913","ビアホール/ステーキ/洋食","新宿三丁目駅","\3,000～\3,999","\1,000～\1,999","https://tabelog.com/tokyo/A1304/A130401/13012075/","東京都新宿区新宿3-28-9 新宿ライオン会館 B1F・1F・6F","1600022","35.69106173788405","139.70251428336678","050-1807-8818","月・火・水・木・日 11:30 - 22:00 L.O. 21:30 金・土 11:30 - 23:00 L.O. 料理22:15 ドリンク22:30","","120席 （[B1]120席 [1F]76席 [6F]88席）","有 （8人可、10～20人可、20～30人可、30人以上可） 完全個室は『新宿ライオン会館6Ｆ宴会場』にてご案内させて頂きます。8名様～の小規模宴会から最大100名様。最大10名個室、12名個室、14名個室、18名個室、22名個室、26名個室、28名個室、30名個室、40名個室、60名個室、80名個室","全席禁煙 ビル１Fに喫煙スペースがございます。","予約可","","無 近隣コインパーキングをご利用ください","JR新宿駅東口 徒歩3分／メトロ各線新宿3丁目駅 徒歩3分 JR新宿駅の[中央東口]もしくは[東口]を出て頂き、右手の突き当りの階段で地上へ、眼鏡屋さんと石鹸屋さんの間の道を進んで頂くと『新宿ライオン会館』の看板が見えます。 目印は現ビックカメラさん（旧三越）の裏手・武蔵野館の裏手です。 IKEA新宿さん徒歩3分、ZARAさん向かい、H&Mさん徒歩3分、伊勢丹新宿店さん徒歩3分、YONA YONA BEER WORKS新宿東口店さん隣、モーモパラダイス新宿東口店さん隣。 新宿三丁目駅から217m","https://tblg.k-img.com/restaurant/images/Rvw/352240/320x320_rect_8cf52ca74009fe1538875973e86b948d.jpg","初台SC"
"Shangri-La's secret 表参道店","3.57","744","36391","しゃぶしゃぶ/薬膳/火鍋","表参道駅","\10,000～\14,999","\5,000～\5,999","https://tabelog.com/tokyo/A1306/A130602/13250939/","東京都渋谷区神宮前5-46-7 GEMS AOYAMA CROSS 3F","1500001","35.66393253790333","139.70894218308823","050-1794-8381","月・火・水・木・金・土・日・祝日・祝前日・祝後日 12:00 - 15:00 18:00 - 22:00 年末年始は12/29～1/4までお休みとなります。 2026/1/5のランチより営業致します。","","54席","有 （6人可、8人可） 別途個室料を頂戴しております 個室希望の方は、店舗に直接ご連絡お願い致します。","全席禁煙","予約可","","無 近隣にコインパーキングあり","表参道駅B2出口(ケンタッキーさん横）から徒歩５分 渋谷方面に進み喫茶店ルノアールさん角を右折して100m程です ※らせん状階段のある白い建物3階です。 表参道駅から352m","https://tblg.k-img.com/restaurant/images/Rvw/160234/320x320_rect_160234107.jpg","初台SC"
"龍口酒家 本店","3.57","698","48007","中華料理/飲茶・点心","幡ケ谷駅","\6,000～\7,999","\1,000～\1,999","https://tabelog.com/tokyo/A1318/A131807/13004350/","東京都-渋谷区幡ケ谷1-3-1 幡ヶ谷ゴールデンセンター　Ｂ１Ｆ","1510072","35.67685643788478","139.67645998324153","03-5388-8178","","月曜日","36席","無","全席禁煙","予約可","中国料理 百名店 2024","無","京王新線 幡ヶ谷駅より 徒歩10秒 （駅から直結のビル内） 幡ケ谷駅から68m","https://tblg.k-img.com/restaurant/images/Rvw/9119/640x640_rect_9119477.jpg","初台SC"
"フランキーアンドトリニティー","3.57","646","43586","オムライス","中野坂上駅","-","～\999","https://tabelog.com/tokyo/A1319/A131903/13046008/","東京都中野区中央1-33-7 山田ビルB1","1640011","35.697532648679456","139.68412833460678","03-3367-6681","火・水・木・金・土 12:00 - 13:30 月・日・祝日","月曜日","12席 （カウンター2席、テーブル10席）","無","全席禁煙","予約不可","洋食 百名店 2022","無","東京メトロ丸ノ内線または都営大江戸線「中野坂上」駅より、徒歩2分 中野坂上駅から185m","https://tblg.k-img.com/restaurant/images/Rvw/197256/640x640_rect_59a5769f29ec34ee932f40b9d494c82e.jpg","初台SC"
"RISTORANTE＆BAR EVOLTA","3.57","629","47014","イタリアン/カフェ/パン","国立競技場駅","\8,000～\9,999","\3,000～\3,999","https://tabelog.com/tokyo/A1309/A130901/13240607/","東京都新宿区霞ケ丘町11-3 三井ガーデンホテル神宮外苑の杜プレミア 1F","1600013","35.68007913789527","139.71585958324647","03-5843-1841","月・火・水・木・金・土・日・祝日 07:00 - 10:30 11:30 - 16:30 17:30 - 22:00","","121席","有 （8人可） 個室使用料がある場合がございます。店舗までお問合せくださいませ。","全席禁煙 ホテル館内に喫煙ルームがございます。","予約可","","有 共有・有料44台 （三井ガーデンホテル神宮外苑の杜プレミアと共有となります。駐車割引はございません。）","都営大江戸線「国立競技場」駅から徒歩1分 JR中央・総武線「千駄ヶ谷」駅から徒歩5分 同「信濃町」駅から徒歩6分 国立競技場駅から133m","https://tblg.k-img.com/restaurant/images/Rvw/120170/640x640_rect_120170070.jpg","初台SC"
"新高揚","3.57","596","16444","ラーメン/つけ麺","新宿駅","\1,000～\1,999","\1,000～\1,999","https://tabelog.com/tokyo/A1304/A130401/13000810/","東京都新宿区西新宿1-16-13 桑原ビル B1F","1600023","35.68935452868907","139.69802478451444","03-3345-3000","月・火・水・木・金 11:30 - 15:00 L.O. 料理14:30 17:00 - 23:00 L.O. 料理22:30 土・日","","17席 （カウンター7席、4人席2卓、2人席1卓）","無","全席禁煙","予約可","","無","新宿駅西口 徒歩5分 西口よりヨドバシカメラ西口本店カメラ総合館向いのビル。 新宿駅から214m","https://tblg.k-img.com/restaurant/images/Rvw/51118/640x640_rect_51118739.jpg","初台SC"
"ル・ブション・オガサワラ","3.57","595","54482","ビストロ/ワインバー","神泉駅","\6,000～\7,999","-","https://tabelog.com/tokyo/A1303/A130301/13161034/","東京都渋谷区円山町13-16 BNKビル 1F","1500044","35.65900423790165","139.69380428304908","03-6427-0327","月・火・木・日 18:00 - 00:00 L.O. 料理23:00 金・土 18:00 - 02:00 L.O. 料理01:00 水","月","30席 （カウンター20席、テーブル10席）","無 半個室あり（12名まで利用可）","全席禁煙","予約可","","無 近くのコイン・パーキング：神泉町1-2に６台、松濤1-27に21台収容、ほか","京王井の頭線【神泉駅】徒歩1分 東京メトロ半蔵門線・東急田園都市線【渋谷駅】徒歩８分 ＪＲ山手線【渋谷駅】徒歩10分 東京メトロ銀座線【渋谷駅】徒歩11分 神泉駅から192m","https://tblg.k-img.com/restaurant/images/Rvw/258013/640x640_rect_f75efda8b7d66a4f943b559469de9f8f.jpg","初台SC"
"かに道楽 新宿駅前店","3.57","550","6619","かに/日本料理/海鮮","新宿駅","\10,000～\14,999","\5,000～\5,999","https://tabelog.com/tokyo/A1304/A130401/13012020/","東京都新宿区新宿3-27-10 武蔵野ビル　４Ｆ","1600022","35.69111643788389","139.70211538336758","03-3350-0393","11:30 - 22:00 L.O. 21:30","","260席 （掘りごたつ席、テーブル席）","有 （2人可、4人可、6人可、8人可、10～20人可、20～30人可、30人以上可） 個室11部屋 ７2名様までの大広間あり","全席禁煙 喫煙室完備","予約可","","有 提携駐車場あり","JR新宿駅東口徒歩1分 地下街P階段右方向 JR新宿駅中央東口徒歩1分直進 武蔵野館ビル直結通路 新宿駅から206m","https://tblg.k-img.com/restaurant/images/Rvw/344138/640x640_rect_440360d81c9ace8d8057edbced75968f.jpg","初台SC"
"なおちゃんラーメン","3.57","523","13058","ラーメン/つけ麺","下北沢駅","～\999","～\999","https://tabelog.com/tokyo/A1318/A131802/13269168/","東京都世田谷区北沢2-12-7","1550031","35.661060218697415","139.66778903424984","03-5787-5037","月・火・木・金・土・日・祝日・祝前日・祝後日 11:30 - 22:30 L.O. 料理22:00 水","不定休","12席 （カウンター12席）","無","全席禁煙","予約不可","","無","下北沢駅 徒歩2分 下北沢駅から73m","https://tblg.k-img.com/restaurant/images/Rvw/365316/640x640_rect_0f4b17f71b954bee920a7bbe201a58f2.jpg","初台SC"
"香川一福 西新宿","3.57","490","15759","うどん/天ぷら","新宿西口駅","～\999","～\999","https://tabelog.com/tokyo/A1304/A130401/13304363/","東京都新宿区西新宿7-9-15 新宿ダイカンプラザ ビズネス 清田ビル 1F","1600023","35.69477881868572","139.69831429456903","03-6279-3002","月・火・水・木・金 10:00 - 22:00 L.O. 21:30 土・日・祝日 10:00 - 21:00 L.O. 20:30","","11席 （カウンター5席、テーブル6席）","無","全席禁煙","予約不可","","無 近隣のコインパーキングをご利用ください。","・新宿駅西口から北へ約6分 ・西新宿駅から東へ徒歩約８分 新宿西口駅から152m","https://tblg.k-img.com/restaurant/images/Rvw/310204/320x320_rect_42c8b8f16ef5c297df53a21083cb5818.jpg","初台SC"
"焼肉ホルモン 新井屋 はなれ","3.57","485","41144","焼肉/ホルモン","神泉駅","\8,000～\9,999","\2,000～\2,999","https://tabelog.com/tokyo/A1303/A130301/13259690/","東京都渋谷区道玄坂2-19-11 FABRIC渋谷 4F","1500043","35.65944903790209","139.6961343830519","03-6712-7758","月・火・水・木・金・土・日・祝日 17:00 - 23:00","","20席 （テーブル18席 カウンター2席 ●お席タイプ（カウンターまたはテーブル）のご指定につきましては、ご要望に添えない場合もございますので、予めご了承ください。）","無","全席禁煙","予約可","","無","JR渋谷駅 徒歩7分 京王井の頭線渋谷駅 徒歩5分 京王井の頭線神泉駅 徒歩5分 神泉駅から332m","https://tblg.k-img.com/restaurant/images/Rvw/311628/320x320_rect_a1a7e7e597946d9250cc7552f1f11c99.jpg","初台SC"
"焼肉うしふじ 西新宿本店","3.57","482","16778","焼肉","西新宿五丁目駅","\10,000～\14,999","\2,000～\2,999","https://tabelog.com/tokyo/A1304/A130401/13298617/","東京都新宿区西新宿6-16-9 西新宿パインニードル 2F","1600023","35.69137718767967","139.68746539704938","03-6258-1019","月・水・木・日・祝日・祝前日・祝後日 17:00 - 23:30 L.O. 料理22:30 ドリンク23:00 火・金・土 12:00 - 15:00 L.O. 料理14:30 17:00 - 23:","","28席 （完全個室×１、半個室×２、テーブル席×３）","有 （2人可、4人可） \2,000-/1部屋","分煙 喫煙専用テラスでの喫煙に限る。 2020年4月1日より受動喫煙対策に関する法律(改正健康増進法）が施行されており、最新の情報と異なる場合がございますので、ご来店前に店舗にご確認ください。","予約可","","無 近隣にコインパーキングあり","西新宿（C8出口）から徒歩約5分 西新宿五丁目駅（A1出口）から徒歩約5分 西新宿五丁目駅から323m 都庁前駅（A7出口）から徒歩約5分 西新宿五丁目駅から323m","https://tblg.k-img.com/restaurant/images/Rvw/352302/640x640_rect_503530fc3c79782c458a2d6944ae1acb.jpg","初台SC"
"RITUEL CAFE ルミネ新宿店","3.57","464","26373","カフェ/ケーキ/パスタ","新宿駅","\1,000～\1,999","\1,000～\1,999","https://tabelog.com/tokyo/A1304/A130401/13247172/","東京都新宿区西新宿1-1-5 ルミネ新宿LUMINE1 B2F","1600023","35.689154068689604","139.69928391451154","03-6258-1336","月・火・水・木・金 09:00 - 21:00 土・日 08:00 - 21:00","","38席","無","全席禁煙","予約可","","無 ルミネ新宿を3千円以上ご利用で2時間無料","JR山手線・中央線･総武線・湘南新宿ライン・埼京線・京王線・小田急線・東京メトロ丸の内線・都営大江戸線・都営新宿線・西部新宿線 新宿駅 新宿駅から150m","https://tblg.k-img.com/restaurant/images/Rvw/146218/640x640_rect_146218583.jpg","初台SC"
"ヒグマドーナッツ×コーヒーライツ","3.57","453","23398","カフェ/ドーナツ","表参道駅","-","～\999","https://tabelog.com/tokyo/A1306/A130602/13226926/","東京都渋谷区神宮前4-9-13 ミナガワビレッジ5","1500001","35.66777613790138","139.7104885831259","03-6804-3163","月・火・木・金・土・日 11:00 - 18:00 水","","26席 （カウンター4席、テーブル6席、ベンチ16人分、他に店外ベンチあり）","無","全席禁煙","予約不可","","無","東京メトロ表参道駅A2出入口より徒歩3分 表参道駅から342m","https://tblg.k-img.com/restaurant/images/Rvw/105172/640x640_rect_105172526.jpg","初台SC"
"家と庭","3.57","447","28332","カフェ/ケーキ/プリン","表参道駅","\1,000～\1,999","\1,000～\1,999","https://tabelog.com/tokyo/A1306/A130602/13197962/","東京都港区南青山5-6-23 SPIRAL 5F","1070062","35.66362653790441","139.7117423830832","03-6825-3733","11:00 - 19:00","不定休","18席","無","全席禁煙","予約不可","","有 ビル共用：有料57台","東京メトロ【表参道駅】B1口より徒歩3分 表参道駅から185m","https://tblg.k-img.com/restaurant/images/Rvw/251945/640x640_rect_fa0337697c7685e1a7e76d5798975b06.jpg","初台SC"
"中華料理 白龍","3.57","444","35526","中華料理","代々木上原駅","\3,000～\3,999","\1,000～\1,999","https://tabelog.com/tokyo/A1318/A131811/13062358/","東京都渋谷区上原2-48-10","1510064","35.66770663789229","139.68180888314538","03-3460-2018","月・火・水・木・金 11:00 - 14:00 L.O. 13:30 18:00 - 21:00 日・祝日 11:00 - 14:00 L.O. 13:30 土","","19席 （4人掛けテーブル×4、カウンター3席）","無","全席禁煙","予約不可","","無","小田急線代々木上原駅南口より徒歩4分 代々木上原駅から240m","https://tblg.k-img.com/restaurant/images/Rvw/149539/640x640_rect_149539752.jpg","初台SC"
"ポトフ料理ジョワ","3.57","440","31965","ビストロ/洋食/スープカレー","新宿御苑前駅","\5,000～\5,999","\1,000～\1,999","https://tabelog.com/tokyo/A1304/A130402/13188432/","東京都新宿区新宿1-12-1 サンサーラ第三御苑 1F","1600022","35.68860749364183","139.7127817752011","03-5341-4564","水・木・金・土・日 11:30 - 14:00 L.O. 料理13:45 17:30 - 21:00 L.O. 料理20:00 月・火","","16席 （ひとグループ4名様までのご案内をしております。）","無","全席禁煙","予約不可","","無","東京メトロ丸ノ内線 新宿御苑前駅２番出口より徒歩1分 【大切なお知らせ】5月1日から9月末まではポトフのご提供はお休みしています。 その間は、ポトフスープの味わいをアレンジしたソースで仕上げる焼きパスタのご提供をしています（期間限定で店名はナポリタンジョワ と変更しております）詳しくは「ナポリタンジョワ」のページをご覧ください 新宿御苑前駅から187m","https://tblg.k-img.com/restaurant/images/Rvw/322723/320x320_square_f5d8d5aa77634e39f88bf6e15167c301.jpg","初台SC"
"伊吹","3.57","389","42716","すき焼き/しゃぶしゃぶ/日本料理","新宿駅","\5,000～\5,999","-","https://tabelog.com/tokyo/A1304/A130401/13136926/","東京都新宿区西新宿1-16-8 河野ビル別館2F","1600023","35.689001937883816","139.69766468334936","03-5323-3552","月・火・水・木・金・土 17:00 - 23:00 L.O. 料理22:30 日","","20席","無","全席禁煙","予約可","すき焼き・しゃぶしゃぶ 百名店 2024","無","JR新宿駅西口・南口 徒歩3分 新宿駅から263m","https://tblg.k-img.com/restaurant/images/Rvw/12863/640x640_rect_12863734.jpg","初台SC"
"すっぽん 田一","3.57","388","19053","すっぽん/日本料理/日本酒バー","南新宿駅","\10,000～\14,999","\4,000～\4,999","https://tabelog.com/tokyo/A1304/A130401/13056436/","東京都渋谷区代々木2-15-12 クランツ南新宿　１Ｆ","1510053","35.686557237885005","139.69655418332545","03-5304-0939","月・火・水・木・金 11:30 - 14:00 17:00 - 22:00 土・祝日 12:00 - 15:00 17:00 - 21:00 日","","18席 （テーブル16席、ペアボックス席6席）","有 （2人可、4人可、6人可、8人可） 半個室あり","全席禁煙 玄関先に喫煙スペース有","予約可","","無 近隣にコインパーキング有","JR新宿駅南口徒歩5分／都営大江戸線新宿駅 6番出口徒歩1分 南新宿駅から387m","https://tblg.k-img.com/restaurant/images/Rvw/168392/320x320_rect_9d0a3a674f0bc8d289aa552882f6425a.jpg","初台SC"
"中国料理 翡翠宮","3.57","356","11462","中華料理/飲茶・点心","都庁前駅","\10,000～\14,999","\4,000～\4,999","https://tabelog.com/tokyo/A1304/A130401/13000816/","東京都新宿区西新宿2-7-2 ハイアット リージェンシー東京 1F","1600023","35.690878708686","139.69141175453447","03-3348-1234","月・火・水・木・金・土・日・祝日 11:30 - 15:00 L.O. 14:00 17:30 - 22:00 L.O. 21:00","","160席 （ホール80席、個室80席）","有 （4人可、6人可、8人可、10～20人可、20～30人可） 7室 着席4～10名様（1卓）、11～20名様（2卓）、21～30名様（3卓） 室料1卓につき￥10,000(12,650) 個室は2時間制 ＊個室では平日以外、ランチセットはご利用になれません。ご理解の程、どうぞよろしくお願い致します。","全席禁煙 ホール席、個室共に全面禁煙となります。","予約可","","有 屋内415台 400円/30分 3000円以上のご利用の場合、3時間まで無料。 車イス用駐車場スペースをB3Fにご用意しております。","JR線 新宿駅 徒歩10分 都営地下鉄大江戸線 都庁前駅 3分 東京メトロ丸ノ内線 西新宿駅 5分 都庁前駅から115m","https://tblg.k-img.com/restaurant/images/Rvw/260910/640x640_rect_d3bab2623506c5890ae0ad3bb4673949.jpg","初台SC"
"SHIBUichi BAKERY","3.57","351","15340","パン/カフェ/ハンバーガー","渋谷駅","～\999","～\999","https://tabelog.com/tokyo/A1303/A130301/13213607/","東京都渋谷区渋谷1-23-26 網野ビル 1F","1500002","35.66286903790209","139.70290318308173","03-4590-6600","08:00 - 18:00","","8席 （店舗前にベンチあり）","無","全席禁煙","予約不可","","無","「渋谷」駅 13番出口 徒歩2分 渋谷駅から448m","https://tblg.k-img.com/restaurant/images/Rvw/138623/640x640_rect_138623695.jpg","初台SC"
"スパイスラーメン 点と線. 下北沢店","3.57","349","16870","ラーメン","下北沢駅","\1,000～\1,999","\1,000～\1,999","https://tabelog.com/tokyo/A1318/A131802/13275868/","東京都世田谷区北沢3-34-2","1550031","35.664809338694496","139.66610396428888","03-6805-4012","月・火・水・木・金 11:30 - 15:00 17:00 - 20:30 土・日 11:30 - 20:30","","13席 （カウンター9席、テーブル4席）","無","全席禁煙","予約不可","","無","京王井の頭線【下北沢駅】西口 徒歩６分 小田急小田原線【下北沢駅】東口 徒歩７分 下北沢駅から381m","https://tblg.k-img.com/restaurant/images/Rvw/319873/640x640_rect_da671a7c62390ae1d8ecda80fabf6941.jpg","初台SC"
"natuRe tokyo","3.57","344","27811","フレンチ/ワインバー/ステーキ","国立競技場駅","\8,000～\9,999","\4,000～\4,999","https://tabelog.com/tokyo/A1306/A130603/13293689/","東京都-新宿区霞ヶ丘町5-7 E棟","1600013","35.67535268870317","139.71433849436156","03-5860-5288","月・火・水・木・金 11:00 - 15:00 L.O. 14:30 17:00 - 23:00 L.O. 22:00 土・日・祝日 11:00 - 23:00 L.O. 22:00","","70席 （テラス席も含む）","有 （6人可） カーテンの仕切りとなります。","全席禁煙","予約可","","無","JR 総武線千駄ヶ谷駅 徒歩13分 都営大江戸線 国立競技場駅 徒歩9分 東京メトロ銀座線 外苑前駅徒歩9分 国立競技場駅から514m","https://tblg.k-img.com/restaurant/images/Rvw/241298/640x640_rect_8ace44b27635a66adefbc40af82bb914.jpg","初台SC"
"自家製麺223","3.57","340","10592","ラーメン/油そば・まぜそば","大久保駅","～\999","～\999","https://tabelog.com/tokyo/A1304/A130404/13283964/","東京都新宿区北新宿3-9-10","1690074","35.70203113787363","139.69168478348516","","火・水・木・金・土 11:10 - 15:00 17:00 - 20:15 日 11:00 - 16:00 月","","10席 （カウンター10席）","無","全席禁煙","予約不可","","無","大久保駅から554m","https://tblg.k-img.com/restaurant/images/Rvw/356017/640x640_rect_20bbc6c3522775cd01928e6c916962c0.jpg","初台SC"
"ニューヨーク・バー","3.57","318","11275","バー/カフェ","都庁前駅","\10,000～\14,999","-","https://tabelog.com/tokyo/A1304/A130401/13017320/","東京都新宿区西新宿3-7-1 パークハイアット東京　５２Ｆ","1600023","35.686120628688705","139.69040892448712","03-5323-3458","17:00 - 00:00 L.O. 料理23:00 ドリンク00:00 営業時間・","","","無","全席禁煙 喫煙スペースあり","予約不可","","有","都庁前駅から537m","https://tblg.k-img.com/restaurant/images/Rvw/165813/640x640_rect_35313d4f5b2401a89c42ddb3ebbe96e1.jpg","初台SC"
"COVERT COFFEE","3.57","298","10443","カフェ","新宿駅","～\999","～\999","https://tabelog.com/tokyo/A1304/A130401/13275633/","東京都新宿区新宿3-27-10 武蔵野ビル B1F","1600022","35.69118667868916","139.7019436245302","03-3350-9420","月・火・水・木・金・土 10:00 - 21:00 日 10:00 - 18:00 営業時間・","","26席 （テーブル26席（6人掛け×1、3人掛け×4、2人掛け×4））","無","全席禁煙","予約不可","","無","新宿駅から195m","https://tblg.k-img.com/restaurant/images/Rvw/183330/640x640_rect_633fbe48554ac946dbb84750f328f960.jpg","初台SC"
"ブーランジュリー ラ・セゾン 本店","3.57","277","7866","パン","参宮橋駅","～\999","-","https://tabelog.com/tokyo/A1318/A131810/13021196/","東京都渋谷区代々木4-6-4 エクセレント代々木 1F","1510053","35.67846604869444","139.69316967440784","03-3320-3363","月・水・木・金・土・日 06:30 - 19:30 火","","13席 （カウンター5席）","無","全席禁煙","予約可","","無","小田急線参宮橋駅徒歩1分 参宮橋駅から56m","https://tblg.k-img.com/restaurant/images/Rvw/5502/640x640_rect_5502159.jpg","初台SC"
"渋谷 きんぼし","3.57","269","32573","居酒屋","渋谷駅","\5,000～\5,999","-","https://tabelog.com/tokyo/A1303/A130301/13298044/","東京都渋谷区道玄坂1-13-6 斉藤ビル B1F","1500043","35.65734961386335","139.6986163253721","03-6712-7558","月・火・水・木・金 17:00 - 23:30 土・日・祝日 16:00 - 23:30","","45席","有 （8人可） 半個室になります。","全席禁煙","予約可","","無","渋谷駅徒歩３分 渋谷駅から312m","https://tblg.k-img.com/restaurant/images/Rvw/360390/640x640_rect_705c83bc647540d05cfcc7e969aa6e78.jpg","初台SC"
"ルポ バイ パティスリーイーズ","3.57","262","7137","ケーキ/スイーツ","新宿三丁目駅","-","-","https://tabelog.com/tokyo/A1304/A130401/13251056/","東京都新宿区新宿3-14-1 伊勢丹新宿店本館 B1F","1600022","35.6915826378844","139.70465548337052","03-3352-1111","10:00 - 20:00 営業時間・","","","無","全席禁煙","予約可","","有","新宿三丁目駅から83m","https://tblg.k-img.com/restaurant/images/Rvw/257675/640x640_rect_bb42e246916d78d834d356130da725d0.jpg","初台SC"
"御苑前 せお","3.57","212","12163","日本料理/そば","新宿御苑前駅","\20,000～\29,999","\8,000～\9,999","https://tabelog.com/tokyo/A1304/A130402/13024761/","東京都新宿区新宿1-3-5 新進ビル 1F","1600022","35.687949237889015","139.71187708332872","03-3353-2558","火・水・木・金・土・日・祝日・祝前日・祝後日 11:30 - 14:00 17:30 - 22:30 L.O. 料理21:00 ドリンク22:00 月","","10席 （カウンター6席、小上がり4席）","無","全席禁煙","予約可","","無 近隣にコインパーキング有","東京メトロ丸の内線「新宿御苑前」駅徒歩2分 新宿御苑前駅から128m","https://tblg.k-img.com/restaurant/images/Rvw/355395/640x640_rect_5fddea9f126dde136f33308ec34acf8a.jpg","初台SC"
"ル スフレ","3.57","209","18486","カフェ/洋菓子/スイーツ","参宮橋駅","\1,000～\1,999","\2,000～\2,999","https://tabelog.com/tokyo/A1318/A131810/13269105/","東京都渋谷区代々木3-39-15 代々木ヴィラージュ 1F","1510053","35.68172785869263","139.69397991444023","03-6276-7820","月・水・木・金・土・日 11:00 - 18:00 L.O. 17:30 火","","18席 （テーブル18席）","無","全席禁煙","予約可","","無","参宮橋駅から334m","https://tblg.k-img.com/restaurant/images/Rvw/357347/640x640_rect_2efad066873620aa42f049be38b05382.jpg","初台SC"
"Chocolaterie&Bar ROND-POINT by Hirofumi Tanakamaru","3.57","195","13463","チョコレート/ケーキ/バー","中野坂上駅","\1,000～\1,999","-","https://tabelog.com/tokyo/A1319/A131903/13263292/","東京都中野区中央2-47-2","1640011","35.697774978677266","139.6777263646137","03-5989-1585","火・水・木・金・土・日 11:00 - 18:00 月","月曜日","5席 （カウンター5席）","無","全席禁煙","予約可","","無","丸ノ内線中野坂上駅から徒歩4分 中野坂上駅から409m","https://tblg.k-img.com/restaurant/images/Rvw/363189/640x640_rect_9d45afca7d2200f713f01544f2e7d95d.jpg","初台SC"
"立食い鮨 鮨川","3.57","186","10169","立ち食い寿司","代田橋駅","\8,000～\9,999","\5,000～\5,999","https://tabelog.com/tokyo/A1318/A131808/13274605/","東京都渋谷区笹塚1-62-6 プライムブリス 1F","1510073","35.672812026912936","139.6623848199067","090-9260-3611","月・火・水・木・金・祝前日・祝後日 17:00 - 22:00 L.O. 21:30 土・日・祝日 12:00 - 15:00 L.O. 14:30 17:00 - 22:00 L.O. 21:30","","12席 （カウンター12名）","無","全席禁煙","予約可","","無 近隣にコインパーキングあり","京王線笹塚駅から徒歩10分 代田橋駅から390m","https://tblg.k-img.com/restaurant/images/Rvw/286502/640x640_rect_75ceec836b3c78fe6dfe292a8c6b50dd.jpg","初台SC"
"ジーテン","3.57","170","30724","中華料理","代々木上原駅","\5,000～\5,999","-","https://tabelog.com/tokyo/A1318/A131811/13001849/","東京都渋谷区西原3-2-3","1510066","35.67041765869618","139.682568924334","03-3469-9333","月・水・木・金・土・日 17:00 - 22:00 火","","14席 （カウンター 7席、テーブル 2×2 4×1席）","無","全席禁煙","予約可","","無","千代田線、小田急線代々木上原下車8分 代々木上原駅から302m","https://tblg.k-img.com/restaurant/images/Rvw/310867/640x640_rect_c5db6de788538590ea5b23cec23bafaa.jpg","初台SC"
"旬菜 みつや","3.57","153","9118","居酒屋","新宿御苑前駅","\6,000～\7,999","\1,000～\1,999","https://tabelog.com/tokyo/A1304/A130401/13160527/","東京都新宿区新宿2-3-16","1600022","35.688981237887305","139.7085780833415","03-6323-7135","月・火・水・木・金 11:30 - 13:50 18:00 - 22:00 土 18:00 - 22:00 日・祝日","","16席 （カウンター5席、テーブル2席×5）","無","全席禁煙","予約可","","無 近隣にコインパーキングあり。","東京メトロ 丸の内線 新宿御苑前駅 1番出口より徒歩1分。 JR新宿駅 東南口より 徒歩8分 新宿御苑前駅から198m","https://tblg.k-img.com/restaurant/images/Rvw/22930/640x640_rect_22930024.jpg","初台SC"
"ニューかかん","3.57","121","6868","中華料理","下北沢駅","\3,000～\3,999","\1,000～\1,999","https://tabelog.com/tokyo/A1318/A131802/13316579/","東京都世田谷区北沢2-1-5","1550031","35.65928163869857","139.6678828842318","03-6698-2726","火・水・木・金 12:00 - 15:00 L.O. 15:00 18:00 - 22:00 L.O. 21:30 土・祝日 11:30 - 15:30 L.O. 15:30 18:00 - 22:0","","37席 （カウンター4席、テーブル33席）","無","全席禁煙","予約可","","無 近隣にコインパーキングあり","下北沢駅から徒歩5分 下北沢駅から253m","https://tblg.k-img.com/restaurant/images/Rvw/337820/640x640_rect_0122f2ad12c33dc596c05a3fcd1423ab.jpg","初台SC"
"gnudi","3.57","104","30366","イタリアン/バル/ワインバー","外苑前駅","\8,000～\9,999","-","https://tabelog.com/tokyo/A1306/A130603/13274105/","東京都渋谷区神宮前3-41-2 岡本ビル 1F","1500001","35.67105740870567","139.71363808431866","03-6438-9392","火・水・木・金 17:00 - 00:00 L.O. 23:30 土 15:00 - 23:00 L.O. 22:30 月・日","","20席 （カウンター2席、テーブル4席、テラス2席、スタンディング3席）","無","全席禁煙","予約可","","無","東京メトロ 外苑前駅 出口3 徒歩6分 表参道駅 A4出口 徒歩9分 外苑前駅から384m","https://tblg.k-img.com/restaurant/images/Rvw/354346/640x640_rect_5d2ffcf396f5f74bafae452e91723347.jpg","初台SC"
"馳走 風々","3.57","100","7363","日本料理/海鮮/すっぽん","新宿三丁目駅","\15,000～\19,999","\4,000～\4,999","https://tabelog.com/tokyo/A1304/A130401/13189526/","東京都新宿区新宿3-6-2 栄ビル 3F","1600022","35.69104774869042","139.7056452645262","03-5341-4223","火・水・木・金・土・日・祝日・祝前日・祝後日 11:30 - 14:30 L.O. 料理13:00 17:00 - 22:00 L.O. 料理21:00 月","","26席 （カウンター６席、テーブル１６席、個室４席）","有 （2人可、4人可）","全席禁煙","予約可","","無","新宿駅東口より 徒歩７分 地下鉄丸ノ内線 新宿三丁目駅B2出口より 徒歩1分 ビルの１階に、「栄寿司」さんがございます。 新宿三丁目駅から71m","https://tblg.k-img.com/restaurant/images/Rvw/115943/320x320_rect_115943649.jpg","初台SC"
"わたるがビュンっ","3.57","89","13146","居酒屋","南新宿駅","\4,000～\4,999","-","https://tabelog.com/tokyo/A1304/A130403/13288784/","東京都渋谷区代々木1-41-11","1510053","35.68264898869387","139.6997119444455","03-6687-6073","17:00 - 23:30 L.O. 料理22:30 ドリンク23:00","不定休","","無","全席禁煙","予約可","","無","南新宿駅から135m","https://tblg.k-img.com/restaurant/images/Rvw/354610/640x640_rect_5d79abad0770f9db033220bf66e9e3d5.jpg","初台SC"
"HAUS","3.57","67","13491","イタリアン/ワインバー","外苑前駅","\10,000～\14,999","\3,000～\3,999","https://tabelog.com/tokyo/A1306/A130601/13281250/","東京都渋谷区神宮前2-14-5","1500001","35.673939737897854","139.71171998318735","03-6692-9626","月・水・木・金 18:00 - 23:00 土 11:00 - 15:00 17:00 - 23:00 日 11:00 - 15:00 17:00 - 22:00 祝日 17:00 - 22:00 火","","16席 （1F:カウンター9席、2F:テーブル8席(4人卓×2)）","有 （6人可、8人可、10～20人可） 個室は最大12名様まででございます。","全席禁煙 お店近隣での路上喫煙もご遠慮ください。","予約可","","無 近隣にコインパーキングあり","どの駅からも離れていてすみません。 ○ 東京メトロ銀座線「外苑前」駅 徒歩9分 ○ 東京メトロ副都心線「北参道」駅 徒歩10分 ○ 東京メトロ千代田線「明治神宮前」駅 徒歩12分 ○ 東京メトロ銀座線、東京メトロ千代田線、東京メトロ半蔵門線「表参道」駅 徒歩13分 ○ ＪＲ山手線「原宿駅」 駅徒歩13分 ○ ＪＲ総武線「千駄ヶ谷駅」 駅徒歩13分 外苑前駅から678m","https://tblg.k-img.com/restaurant/images/Rvw/292766/640x640_rect_3730346b02d893151b5e4f46b82434af.jpg","初台SC"
"人間関係 cafe de copain","3.56","1259","48283","カフェ/パブ/サンドイッチ","渋谷駅","\1,000～\1,999","～\999","https://tabelog.com/tokyo/A1303/A130301/13012683/","東京都渋谷区宇田川町16-12","1500042","35.661167858707245","139.6988839642291","03-3496-5001","月・火・水・木・金・土・日・祝日・祝前日・祝後日 09:00 - 23:15 L.O. 料理22:30 ドリンク22:45","","120席 （喫煙ルームあり（店内））","無","全席禁煙 喫煙ルームあり（店内）","予約不可","","無","JR渋谷駅ハチ公口より徒歩5分 渋谷駅から328m","https://tblg.k-img.com/restaurant/images/Rvw/45936/640x640_rect_45936722.jpg","初台SC"
"蝋燭屋 表参道ヒルズ店","3.56","1125","31771","ラーメン/汁なし担々麺/担々麺","明治神宮前駅","\1,000～\1,999","\1,000～\1,999","https://tabelog.com/tokyo/A1306/A130602/13234137/","東京都渋谷区神宮前4-12-10 表参道ヒルズ 3F","1500001","35.6672781187066","139.70903809428376","03-6447-2801","月・火・水・木・金・土 11:00 - 23:00 L.O. 22:00 日 11:00 - 22:00 L.O. 21:00","無休","","無","全席禁煙","予約不可","","有","東京メトロ副都心線『明治神宮前〈原宿〉駅』（351m） 明治神宮前駅から383m","https://tblg.k-img.com/restaurant/images/Rvw/365586/640x640_rect_ea1cf487437bc7d2eeb596d28d21678a.jpg","初台SC"
"エリックサウスマサラダイナー","3.56","1046","52565","インド料理/インドカレー","渋谷駅","\3,000～\3,999","\1,000～\1,999","https://tabelog.com/tokyo/A1303/A130301/13220984/","東京都渋谷区神宮前6-19-17 GEMS神宮前 5F","1500001","35.6637720287067","139.702383854253","03-5962-7888","月・水・木・金・土・日・祝日 11:30 - 15:00 L.O. 14:30 17:30 - 22:00 L.O. 21:30 火","・","58席 （カウンター12席、ボックス席2名×２、6名×４、テーブル席2名×９）","無","全席禁煙","予約可","アジア・エスニック 百名店 2024","無","JR山手線渋谷駅徒歩9分 （ハチ公改札宮益坂口より） 明治神宮前駅から徒歩9分 原宿駅から徒歩10分 渋谷駅から534m","https://tblg.k-img.com/restaurant/images/Rvw/285482/640x640_rect_9697f01e48dd788f1b5af775d44b872c.jpg","初台SC"
"YONA YONA BEER WORKS 新宿東口店","3.56","1040","37508","ビアホール/ビアバー/バー","新宿三丁目駅","\4,000～\4,999","\2,000～\2,999","https://tabelog.com/tokyo/A1304/A130401/13205198/","東京都新宿区新宿3-28-10 ヒューマックスパビリオン新宿東口 B1F","1600022","35.69110783788408","139.70271898336708","050-1808-8835","月・火・水・木・金 12:00 - 23:00 L.O. 料理22:00 土・日・祝日 11:30 - 23:00 L.O. 料理22:00","","135席 （カウンター13席）","無","全席禁煙","予約可","","無","JR新宿駅より徒歩5分 新宿三丁目(東京メトロ丸の内線)より徒歩2分 新宿通り沿いビックロ裏 新宿三丁目駅から199m","https://tblg.k-img.com/restaurant/images/Rvw/152337/640x640_rect_152337578.jpg","初台SC"
"アームズ","3.56","1006","46187","ハンバーガー/サンドイッチ/カフェ","代々木八幡駅","-","\1,000～\1,999","https://tabelog.com/tokyo/A1318/A131810/13019608/","東京都渋谷区代々木5-64-7","1510053","35.67261449869748","139.69101126435027","03-3466-5970","火・水・木・金 11:00 - 20:00 土・日 08:00 - 10:00 11:00 - 20:00 月","","18席","無","分煙 平日11:00~16:00禁煙 祝日11:00~23:00禁煙 2020年4月1日より受動喫煙対策に関する法律(改正健康増進法）が施行されており、最新の情報と異なる場合がございますので、ご来店前に店舗にご確認ください。","予約不可","ハンバーガー 百名店 2024","無 近隣にコインパーキングあり","小田急小田原線【代々木八幡駅】徒歩６分 東京メトロ千代田線【代々木公園駅】徒歩６分 小田急小田原線【参宮橋駅】徒歩９分 代々木八幡駅から341m","https://tblg.k-img.com/restaurant/images/Rvw/121281/640x640_rect_121281881.jpg","初台SC"
"MORETHAN TAPAS LOUNGE","3.56","965","128237","レストラン","西新宿五丁目駅","\3,000～\3,999","\3,000～\3,999","https://tabelog.com/tokyo/A1304/A130401/13224168/","東京都新宿区西新宿4-31-1 1F","1600023","35.68828453788129","139.68831648334864","03-6300-0174","08:00 - 10:00 11:00 - 15:15 15:30 - 23:00","なし","130席","有 （20～30人可） 2Fにあるバンケットルームを完全予約制で承れます。 【設備】 プロジェクター・マイク4本・スクリーン 【PLNA】 ミーテイング・決起集会・スチール撮影・結婚式二次会・歓送迎会 【ご予算】 曜日、時間帯、プランや要望により異なりますので 直接お問い合わせお願いします。","全席禁煙 ホテル内に喫煙スペースあり","予約可","","有 ホテル併設のコインパーキングがございます","JR新宿西口から徒歩13分 京王新線初台駅から徒歩10分 大江戸線都庁前からから徒歩5分 大江戸線西新宿5丁目駅から徒歩5分 西新宿五丁目駅から391m","https://tblg.k-img.com/restaurant/images/Rvw/136005/320x320_rect_136005010.jpg","初台SC"
"カシータ","3.56","841","55138","イタリアン/パスタ/ヨーロッパ料理","表参道駅","\10,000～\14,999","\4,000～\4,999","https://tabelog.com/tokyo/A1306/A130602/13016597/","東京都渋谷区神宮前5-51-8 ラ・ポルト青山 3Ｆ","1500001","35.66290063790416","139.70947388307744","03-5485-7353","12:00 - 15:00 17:00 - 22:00","不定休","80席","有 （2人可、4人可、6人可、8人可、10～20人可） 各個室にミニマムチャージ有り。 ※お電話にて必ずお問い合わせください","分煙 2020年4月1日より受動喫煙対策に関する法律(改正健康増進法）が施行されており、最新の情報と異なる場合がございますので、ご来店前に店舗にご確認ください。","予約可","","有 1台 / 車高1.55ｍ / 車幅2.00ｍ / 長さ5.30ｍ / 食事時間中2,000円 / お電話にて事前ご予約必須","東京メトロ表参道駅 B2出口 徒歩5分 表参道駅から373m","https://tblg.k-img.com/restaurant/images/Rvw/212442/640x640_rect_f21311fb78d20f4ad5e6d85d9dd7aaa6.jpg","初台SC"
"京都宇治 藤井茗縁","3.56","834","30553","カフェ/日本料理/ティースタンド","渋谷駅","\2,000～\2,999","\2,000～\2,999","https://tabelog.com/tokyo/A1303/A130301/13241439/","東京都渋谷区道玄坂1-2-3 渋谷フクラス 6F","1500043","35.65766313790457","139.70032028303095","03-5422-3923","月・火・水・木・金・土・日・祝日 11:00 - 22:00 L.O. 21:00","","56席 （店内48席 テラス8席）","無","全席禁煙 7階フロアに喫煙スペースあり","予約可","","無 施設提携駐車場有","JR 山手線、埼京線、湘南新宿ライン「渋谷」駅 南改札西口より徒歩約1分 東急東横線、田園都市線、京王井の頭線、東京メトロ 半蔵門線、銀座線、副都心線「渋谷」駅より徒歩約3分 渋谷駅から179m","https://tblg.k-img.com/restaurant/images/Rvw/365437/640x640_rect_6abf1ecb19f07efa25c24d95f398fba3.jpg","初台SC"
"ラルフズ コーヒー 表参道","3.56","785","31045","カフェ/スイーツ/パン","明治神宮前駅","～\999","～\999","https://tabelog.com/tokyo/A1306/A130601/13227420/","東京都渋谷区神宮前4-25-15","1500001","35.66794573790026","139.7073066831299","03-6438-5803","月・火・水・木 10:00 - 19:00 金・土・日・祝日 09:00 - 20:00","不定休","45席","無","全席禁煙","予約不可","","無","ラルフ ローレン 表参道に併設しております。（表参道駅・原宿駅・明治神宮前駅） 明治神宮前駅から210m","https://tblg.k-img.com/restaurant/images/Rvw/97358/640x640_rect_97358231.jpg","初台SC"
"夜パフェ専門店 Parfaiteria beL 新宿三丁目","3.56","713","31995","フルーツパーラー/カフェ/バー","新宿三丁目駅","\2,000～\2,999","-","https://tabelog.com/tokyo/A1304/A130401/13245627/","東京都新宿区新宿3-8-2 クロスビル 4F","1600022","35.69069913788557","139.70656338336028","03-6273-0736","月・火・水・木 17:00 - 00:00 L.O. 23:30 金・祝前日 17:00 - 01:00 L.O. 00:30 土 15:00 - 01:00 L.O. 00:30 日・祝日 15:0","無休","25席","無","全席禁煙","予約可","","無","都営地下鉄新宿線【新宿三丁目駅】徒歩１分 東京メトロ丸ノ内線・副都心線【新宿三丁目駅】徒歩３分 新宿三丁目駅から152m","https://tblg.k-img.com/restaurant/images/Rvw/232295/640x640_rect_321936a2627d8d0d8a359280f0a911c9.jpg","初台SC"
"アジアンダイニング ヤミー","3.56","713","27386","インドカレー/インド料理/居酒屋","新宿駅","\3,000～\3,999","\1,000～\1,999","https://tabelog.com/tokyo/A1304/A130401/13272096/","東京都新宿区新宿3-35-11 あぜみビル 2F","1600022","35.690206477282416","139.70237724113883","03-4363-3209","11:00 - 17:00 17:00 - 23:00","","30席","無","分煙 2020年4月1日より受動喫煙対策に関する法律(改正健康増進法）が施行されており、最新の情報と異なる場合がございますので、ご来店前に店舗にご確認ください。","予約可","","無","新宿駅 東口 徒歩2分 新宿三丁目駅 徒歩2分 新宿西口駅 徒歩7分 西武新宿駅 徒歩8分 新宿駅から212m","https://tblg.k-img.com/restaurant/images/Rvw/181050/640x640_rect_c42b0f45d25f6cf22a3fcc6789eafe6b.jpg","初台SC"
"おでんトさかな にのや","3.56","644","76800","おでん/居酒屋/海鮮","新宿西口駅","\3,000～\3,999","-","https://tabelog.com/tokyo/A1304/A130401/13248229/","東京都新宿区西新宿1-4-8 第三加藤ビル 1F","1600023","35.692961927241846","139.69816221349333","03-6258-1870","月・火・水・木・金 16:00 - 23:00 土・日・祝日 15:00 - 23:00","","36席 （立ち飲みカウンター11席、テーブル25席）","無","全席禁煙","予約可","","無","新宿駅西口徒歩1分 新宿西口駅から112m","https://tblg.k-img.com/restaurant/images/Rvw/355460/640x640_rect_c4f8b211fec8503fdd551783e39374aa.jpg","初台SC"
"GARIGUETTE","3.56","626","38455","スイーツ/カフェ/ケーキ","表参道駅","\1,000～\1,999","\1,000～\1,999","https://tabelog.com/tokyo/A1306/A130602/13265019/","東京都港区北青山3-7-2 FPG links OMOTESANDO2 1F","1070061","35.664888337903314","139.7107722830966","03-6805-0430","11:00 - 19:00","不定休","24席","無","全席禁煙","予約可","","無 近隣にコインパーキングあり","表参道駅B5、B4出口から徒歩1分 表参道駅から161m","https://tblg.k-img.com/restaurant/images/Rvw/162987/640x640_rect_35eda741f30a1162306e8b29aa63efe6.jpg","初台SC"
"背脂ラーメン チャッチャ亭","3.56","576","13320","ラーメン","神泉駅","-","～\999","https://tabelog.com/tokyo/A1303/A130301/13267859/","東京都渋谷区道玄坂2-25-5 島田ビル 1F","1500043","35.66018328870713","139.6965513842208","03-6277-5385","11:00 - 00:00 営業時間・","","","無","全席禁煙","予約不可","","無","神泉駅から418m","https://tblg.k-img.com/restaurant/images/Rvw/363870/640x640_rect_124d23327ecbec65259733f163a6f49d.jpg","初台SC"
"焼肉たぬき","3.56","544","22122","焼肉/ホルモン/居酒屋","幡ケ谷駅","\5,000～\5,999","-","https://tabelog.com/tokyo/A1318/A131807/13301262/","東京都渋谷区幡ヶ谷2-7-9 酒井ビル 1F","1510072","35.6779923355718","139.67758127863183","03-6300-5560","月・火・水・木・金・土・日・祝日・祝前日・祝後日 17:00 - 00:00 L.O. 料理23:00 ドリンク23:30","","36席 （6名2席、4名5席、3名1席、2名1席、）","無","全席禁煙","予約可","","無 近隣にコインパーキングあり","京王新線「幡ヶ谷駅」徒歩約２分 幡ケ谷駅から95m","https://tblg.k-img.com/restaurant/images/Rvw/264072/640x640_rect_404948e248bdaa861876d9a86390772c.jpg","初台SC"
"ねじ式","3.56","499","13823","ラーメン/つけ麺","幡ケ谷駅","～\999","～\999","https://tabelog.com/tokyo/A1318/A131807/13115792/","東京都渋谷区幡ヶ谷2-47-12 田口ビル1F","1510072","35.67927048868886","139.67722349442715","03-3375-2242","月・火・水・金・土・日 11:30 - 15:00 18:00 - 22:00 木","","9席 （カウンターのみ）","無","全席禁煙","予約不可","","無","京王新線「幡ヶ谷」駅(北口)より、徒歩4分 幡ケ谷駅から221m","https://tblg.k-img.com/restaurant/images/Rvw/123273/640x640_rect_123273157.jpg","初台SC"
"D'ORO HATSUDAI","3.56","488","24122","イタリアン/フレンチ/イノベーティブ","初台駅","\10,000～\14,999","\2,000～\2,999","https://tabelog.com/tokyo/A1318/A131807/13196392/","東京都渋谷区本町2-40-1 プレアデス初台 1F","1510071","35.684370537882415","139.68401168331215","03-3373-0555","11:30 - 15:00 L.O. 14:00 17:30 - 23:00 L.O. 21:00","不定休","40席 （個室2～4名、6名～10名 テーブル席16席 カウンター席8席）","有 （2人可、4人可、6人可、8人可、20～30人可、30人以上可） 20名様以上は貸し切りのご相談とさせていただきます。","全席禁煙","予約可","","無","①京王新線初台駅を中央口より北口より徒歩7分 ②オペラシティを右手にみながら直進してください （途中、マクドナルドの前を通ります） ?幡ヶ谷不動尊入口の信号を渡り更に直進 ④つきあたりを右に曲がり、まいばすけっとの向かい側、間口の広いお店がD&#39;ORO HATSUDAIです 初台駅から415m","https://tblg.k-img.com/restaurant/images/Rvw/109242/640x640_rect_109242560.jpg","初台SC"
"博多小皿鉄板 べっぴんしゃん","3.56","486","22003","居酒屋/鉄板焼き/ステーキ","新宿御苑前駅","\6,000～\7,999","\1,000～\1,999","https://tabelog.com/tokyo/A1304/A130402/13281835/","東京都新宿区新宿1-31-16 ヤノビル 1F","1600022","35.69021083788772","139.7123083833513","03-6457-7887","月・火・水・木・金 11:30 - 14:30 L.O. 14:00 17:00 - 23:00 L.O. 料理22:00 ドリンク22:30 土・日・祝日 11:30 - 23:00 L.O. 料理","","39席","無","全席禁煙","予約可","","無","丸の内線新宿御苑前駅徒歩４分 新宿御苑前駅から228m","https://tblg.k-img.com/restaurant/images/Rvw/231738/640x640_rect_cd4871315779a230c0079991ff6d557e.jpg","初台SC"
"SPAGHETTI　KAKEHASHI","3.56","475","25482","パスタ","西新宿駅","\1,000～\1,999","\1,000～\1,999","https://tabelog.com/tokyo/A1304/A130401/13299599/","東京都新宿区?新宿1-26-2 新宿野村ビル B2F","1600000","35.69256100868618","139.6953223945487","03-5989-0015","月・火・水・木・金 11:00 - 21:00 L.O. 料理20:30 祝日 11:00 - 20:30 L.O. 料理20:00 土・日","","24席","無","全席禁煙","予約不可","","無","ＪＲ 新宿駅 西口 徒歩5分 地下鉄 新宿駅 西口 徒歩5分 京王線 新宿駅 西口 徒歩5分 小田急小田原線 新宿駅 西口 徒歩5分 地下鉄丸ノ内線 西新宿駅 徒歩4分 西新宿駅から290m","https://tblg.k-img.com/restaurant/images/Rvw/257560/640x640_rect_1cfbf4b6f69d1a95b56a0fc5ae11512f.jpg","初台SC"
"neo","3.56","457","46764","立ち飲み/イタリアン","神泉駅","\5,000～\5,999","-","https://tabelog.com/tokyo/A1303/A130301/13262588/","東京都渋谷区円山町15-6","1500044","35.657463068708175","139.69442125419482","090-6015-5960","15:00 - 23:00 L.O. 21:30 不定休（Instagramで要確認） 営業時間・","","20席 （スタンディング約20名）","無","全席禁煙","予約不可","立ち飲み 百名店 2025","無","神泉駅から76m","https://tblg.k-img.com/restaurant/images/Rvw/358144/640x640_rect_a339c83c354e945ab2b3382ed2096ba7.jpg","初台SC"
"MORETHAN GRILL","3.56","452","50360","ダイニングバー/ステーキ/イタリアン","西新宿五丁目駅","\6,000～\7,999","\1,000～\1,999","https://tabelog.com/tokyo/A1304/A130401/13224170/","東京都新宿区西新宿4-31-1 2F","1600023","35.68828453788129","139.68831648334864","03-6276-7654","11:00 - 15:00 L.O. 14:30 17:00 - 23:00 L.O. 21:30","なし","70席","有 （20～30人可、30人以上可） 20名様?50名様までご利用いただける貸切専用プライベートバンケットルームがります。 ミーティングやパーティーにおすすめです。 御料金などはお電話にてご相談ください。","全席禁煙","予約可","","有 ホテル併設タイムズがあります","JR新宿西口から徒歩13分 京王新線初台駅から徒歩10分 大江戸線都庁前からから徒歩５分 大江戸線西新宿５丁目駅から徒歩5分 西新宿五丁目駅から388m 西新宿五丁目駅から391m","https://tblg.k-img.com/restaurant/images/Rvw/117793/640x640_rect_117793520.jpg","初台SC"
"レストラン・ランス・ヤナギダテ","3.56","438","24704","フレンチ/ワインバー","表参道駅","\10,000～\14,999","\6,000～\7,999","https://tabelog.com/tokyo/A1306/A130602/13001305/","東京都港区北青山3-10-13","1070061","35.66434563790359","139.7106258830912","03-3407-3538","火・水・木・金・土・日・祝日 12:00 - 15:00 L.O. 料理13:00 ドリンク13:30 18:00 - 21:00 L.O. 料理19:00 ドリンク19:30 月","","58席 （メインフロアー38席 12名様と8名様用の個室）","有 （8人可）","全席禁煙","完全予約制","","無 近隣にコインパーキングあり（提携なし）","表参道駅B2出口より徒歩1分。 紀伊国屋さんの手前を右に入った突き当りです。 表参道駅から194m","https://tblg.k-img.com/restaurant/images/Rvw/3695/640x640_rect_3695933.jpg","初台SC"
"エリック・ローズ","3.56","427","22169","カフェ","表参道駅","\2,000～\2,999","\2,000～\2,999","https://tabelog.com/tokyo/A1306/A130602/13253630/","東京都港区北青山3-4-3 ののあおやま 1F","1070061","35.6678268379023","139.7134829831244","03-6384-5666","09:00 - 19:00 L.O. 料理18:00 ドリンク18:30 営業時間・","","","有 （6人可） 半個室","全席禁煙","予約不可","","無","表参道駅から307m","https://tblg.k-img.com/restaurant/images/Rvw/357366/640x640_rect_20cd7414822fa6542a93ecfea1108489.jpg","初台SC"
"Goodbeer faucets","3.56","398","36432","ビアバー/ハンバーガー","神泉駅","\4,000～\4,999","\2,000～\2,999","https://tabelog.com/tokyo/A1303/A130301/13135142/","東京都渋谷区松濤1-29-1 クロスロードビル 2F","1500046","35.660097637901416","139.69527788305908","03-3770-5544","火・水・木・金・土・日・祝日・祝前日・祝後日 16:00 - 23:00 L.O. 料理22:15 ドリンク22:30 月","","64席 （カウンター28席、テーブル36席）","無","全席禁煙 テラスに喫煙所あり","予約可","","無 徒歩３分以内にコイン・パーキングあり","京王井の頭線、東急田園都市線、東京メトロ半蔵門線 渋谷駅 徒歩５分 ＪＲ山手線、東京メトロ銀座線・副都心線、東急東横線 渋谷駅 徒歩７分 京王井の頭線 神泉駅 徒歩５分 神泉駅から347m","https://tblg.k-img.com/restaurant/images/Rvw/161425/640x640_rect_161425039.jpg","初台SC"
"中華そば ふじい 新中野店","3.56","389","27530","ラーメン","新中野駅","\1,000～\1,999","\1,000～\1,999","https://tabelog.com/tokyo/A1319/A131902/13305795/","東京都中野区中央3-34-1 プラム鍋横 1F","1640011","35.69787231867521","139.67147127461908","03-6755-3042","月・火・水・金・土・日 11:00 - 22:00 L.O. 料理21:30 木","","10席 （カウンター4席 2人テーブル3卓）","無","","予約不可","","無","新中野駅から219m","https://tblg.k-img.com/restaurant/images/Rvw/365827/640x640_rect_9d752fd961b8d3764185aa8017c36976.jpg","初台SC"
"にしんば","3.56","387","31465","海鮮/居酒屋/日本酒バー","下北沢駅","\3,000～\3,999","-","https://tabelog.com/tokyo/A1318/A131802/13007298/","東京都世田谷区北沢2-9-20","1550031","35.662318918697075","139.66922489426153","03-3465-0251","","月火水木","40席","無","全席禁煙","予約可","","無","小田急小田原線・京王井の頭線 下北沢駅より徒歩3分 北口を出てヴィレッジヴァンガードの前を通り 左折してそのまままっすぐ歩くとにしんばの看板が見えてきます。 下北沢駅から207m","https://tblg.k-img.com/restaurant/images/Rvw/102308/640x640_rect_102308041.jpg","初台SC"
"特麺コツ一丁ラーメン","3.56","383","19943","ラーメン","幡ケ谷駅","\1,000～\1,999","\1,000～\1,999","https://tabelog.com/tokyo/A1318/A131807/13016490/","東京都-渋谷区幡ケ谷1-5-7 清水ビル 1F","1510072","35.676506338689926","139.67506467440074","03-3374-7008","月・木 11:30 - 14:00 L.O. 料理13:40 17:00 - 22:00 火・水・金・土 17:00 - 22:00 日・祝日","月・木","8席 （カウンターのみ）","無","全席禁煙","予約不可","","無","京王新線「幡ヶ谷」駅 徒歩2,3分 幡ケ谷駅から195m","https://tblg.k-img.com/restaurant/images/Rvw/144637/640x640_rect_144637384.jpg","初台SC"
"大阪串かつ てん家わん屋","3.56","368","16635","串揚げ/居酒屋/日本料理","大久保駅","\3,000～\3,999","-","https://tabelog.com/tokyo/A1304/A130404/13089674/","東京都新宿区百人町1-14-3 ローレルビル　1F","1690073","35.699676137877354","139.69866488345647","03-3364-3089","月・火・水・木・金・土 17:00 - 00:30 L.O. 00:00 日・祝日 17:00 - 23:30 L.O. 23:00","無休","25席 （カウンター７席＋テーブル１６席）","無","全席禁煙","予約可","","無","大久保駅南口改札を出て左折し突き当りを右折道なりに３０秒ほど歩くと右に大阪串カツの提灯があります！ 新大久保からは改札を左へマックを過ぎ交番と神社の角を左折しはじめての十字路を右折すると左手にすぐあります。 大久保駅から139m","https://tblg.k-img.com/restaurant/images/Rvw/5536/640x640_rect_5536840.jpg","初台SC"
"kasiki","3.56","366","20451","ジェラート・アイスクリーム","幡ケ谷駅","-","～\999","https://tabelog.com/tokyo/A1318/A131807/13278143/","東京都渋谷区西原1-13-2","1510066","35.67452763788747","139.6802925832153","","月・金・土・日 13:00 - 21:00 火・水・木","","12席 （スタンディング、ベンチ 2026年5月より、ワンドリンク制で2階も客席利用可。2階は3人掛けテーブル、2人掛けテーブル各2卓、2人掛けベンチ1脚の計12席。）","無","全席禁煙","予約不可","","無","幡ケ谷駅から428m","https://tblg.k-img.com/restaurant/images/Rvw/356786/640x640_rect_7c2214a4494c2edf56d66228b52811ef.jpg","初台SC"
"YAZAWA","3.56","355","23816","焼肉/ホルモン/居酒屋","下北沢駅","\3,000～\3,999","-","https://tabelog.com/tokyo/A1318/A131802/13127942/","東京都世田谷区北沢2-10-12","1550031","35.6618647686971","139.66838375425752","03-6407-4129","月・水・木・金・土 17:00 - 03:00 L.O. 02:00 日 17:00 - 23:00 L.O. 22:30 火","","68席 （カウンター6席 テーブル15席）","無","全席禁煙","予約可","","無","下北沢駅南口下車徒歩１分 下北沢駅から117m","https://tblg.k-img.com/restaurant/images/Rvw/76665/320x320_rect_76665683.jpg","初台SC"
"FLOTO","3.56","349","18121","ジェラート・アイスクリーム/洋菓子/カフェ","参宮橋駅","\1,000～\1,999","～\999","https://tabelog.com/tokyo/A1318/A131810/13207001/","東京都渋谷区代々木4-12-6 Cala参宮橋 1F-A","1510053","35.67918863788821","139.69189888325428","03-6300-9099","月・火・木・金・土 11:00 - 18:00 日 12:00 - 18:00 水","","4席","無","全席禁煙","予約不可","","無","参宮橋駅から171m","https://tblg.k-img.com/restaurant/images/Rvw/140176/640x640_rect_140176873.jpg","初台SC"
"ロス・レイエス・マーゴス","3.56","331","36072","スペイン料理/ワインバー/肉料理","参宮橋駅","\8,000～\9,999","-","https://tabelog.com/tokyo/A1318/A131810/13001848/","東京都渋谷区代々木5-55-7","1510053","35.677840137889206","139.69232198324036","03-3469-8231","月・水・木・金・土 17:30 - 23:00 L.O. 22:00 日 17:30 - 22:00 L.O. 料理21:00 ドリンク21:30 祝日 17:00 - 22:00 L.O. 料理21","月","26席","無","全席禁煙 外のベンチ周りのみ喫煙可","予約可","スペイン料理 百名店 2026","無","小田急小田原線【参宮橋駅】徒歩３分 参宮橋駅から159m","https://tblg.k-img.com/restaurant/images/Rvw/132313/640x640_rect_132313996.jpg","初台SC"
"うなぎ赤垣","3.56","310","15315","うなぎ","初台駅","\5,000～\5,999","-","https://tabelog.com/tokyo/A1318/A131807/13006868/","東京都渋谷区初台1-38-11","1510061","35.680331338691275","139.68693864443108","03-3370-2763","月・火・水・金・土・日 11:00 - 14:00 17:00 - 20:00 木","","48席 （1Fのテーブル：20席、地下の座敷：28席）","有 （10～20人可） 地下の座敷は個室としても利用可能","全席禁煙","予約可","","無","京王新線初台駅中央改札南口徒歩1分 初台駅から121m","https://tblg.k-img.com/restaurant/images/Rvw/137544/640x640_rect_137544720.jpg","初台SC"
"焼肉バズーカF 東中野駅前店","3.56","296","7092","焼肉/ホルモン/ジンギスカン","東中野駅","\5,000～\5,999","-","https://tabelog.com/tokyo/A1319/A131901/13275799/","東京都中野区東中野1-56-1 大島ビル本館 1F","1640003","35.70604793786882","139.6846018835307","03-5937-4429","月・火・水・木・金・土・日・祝日・祝前日・祝後日 16:00 - 00:00","","50席","有 （4人可、6人可、8人可）","全席禁煙","予約可","","無 近隣にコインパーキングあり","東中野駅西口より徒歩1分 改札出てすぐ左の階段を降りてすぐ。 東中野駅から78m","https://tblg.k-img.com/restaurant/images/Rvw/185022/320x320_rect_6d3cc9fbdef64a1dbad0d80b4dab338a.jpg","初台SC"
"カタネカフェ","3.56","293","18677","カフェ/パン","代々木上原駅","-","～\999","https://tabelog.com/tokyo/A1318/A131811/13043022/","東京都渋谷区西原1-7-5 B1F","1510066","35.67351389869405","139.68204572436562","03-3466-9834","水 07:30 - 12:00 木・金・土 07:30 - 14:00 月・火・日","","14席 （テーブル14席）","無","全席禁煙","予約不可","","無","小田急代々木上原駅または京王新線幡ヶ谷駅利用。 幡ヶ谷駅からは南口、西原商店街はずれ。 どちらからも徒歩7分 代々木上原駅から542m","https://tblg.k-img.com/restaurant/images/Rvw/10586/320x320_rect_f1eb98507d2c449ab18829b308630dc7.jpg","初台SC"
"粉麺小屋","3.56","293","9918","ラーメン","新中野駅","\1,000～\1,999","\1,000～\1,999","https://tabelog.com/tokyo/A1319/A131902/13247529/","東京都中野区本町3-32-17","1640012","35.69751365867656","139.67501687461296","03-3378-9292","月・火・水・木・金 11:30 - 14:00 18:00 - 21:00 土 11:30 - 15:00 日","","12席","無","全席禁煙","予約不可","","無 近隣にコインパーキング有","新中野駅から536m","https://tblg.k-img.com/restaurant/images/Rvw/365481/640x640_rect_94492f7f406065364156016a5e1397c3.jpg","初台SC"
"珈琲専門店 三十間 青山店","3.56","292","11301","カフェ","表参道駅","\1,000～\1,999","-","https://tabelog.com/tokyo/A1306/A130602/13191539/","東京都渋谷区神宮前5-51-6 テラアシオス青山 2F","1500001","35.662868768709636","139.70975587423868","03-6427-3110","11時?21時 営業時間・","","53席","無","全席禁煙","予約可","","無","東京メトロ表参道駅B2出口より徒歩3分 表参道駅から357m","https://tblg.k-img.com/restaurant/images/Rvw/151415/640x640_rect_151415203.jpg","初台SC"
"トネリコ","3.56","287","29692","バル/イタリアン/ワインバー","池ノ上駅","\5,000～\5,999","\2,000～\2,999","https://tabelog.com/tokyo/A1318/A131802/13206413/","東京都世田谷区代沢2-7-9","1550032","35.658560637895214","139.67274388305933","03-6453-2579","火・水・木・金 18:00 - 23:00 L.O. 22:00 土・日・祝日 11:30 - 15:00 L.O. 14:30 18:00 - 23:00 L.O. 22:00 月","月曜日","22席 （カウンター9席、テーブル12席）","無 ４人掛けのテーブルが３つとカウンター席が９席です。 テーブル席２つはソファータイプの椅子ですのでお子様連れでも安心です。","全席禁煙 入り口に喫煙スペースを設けております。","予約可","","無 駅近くに駐輪スペースあり(駐輪チケットをお渡しします）","池ノ上駅南口より徒歩3分 下北沢駅より徒歩１０分 池ノ上駅から218m","https://tblg.k-img.com/restaurant/images/Rvw/74040/640x640_rect_74040268.jpg","初台SC"
"ヴァジ スパイス","3.56","281","11724","インドカレー/ダイニングバー/カフェ","代々木八幡駅","\3,000～\3,999","\1,000～\1,999","https://tabelog.com/tokyo/A1318/A131810/13256302/","東京都渋谷区代々木5-63-10","1510053","35.67255432869744","139.6907804143498","03-6407-0772","月・火・水・木・金・土・日・祝日 11:00 - 20:00 L.O. 19:30 不定休","","30席","無","全席禁煙","予約可","","無","代々木八幡駅・代々木公園駅より徒歩6分 代々木八幡駅から326m","https://tblg.k-img.com/restaurant/images/Rvw/146705/640x640_rect_146705567.jpg","初台SC"
"眞一館 新宿本店","3.56","281","13149","焼肉/韓国料理","西武新宿駅","\10,000～\14,999","-","https://tabelog.com/tokyo/A1304/A130401/13000125/","東京都新宿区歌舞伎町2-28-13 第一和幸ビル 1F","1600021","35.69650453788094","139.70362038342097","03-3209-8426","月・火・水・木・金・祝前日・祝後日 17:00 - 01:00 L.O. 00:00 土・日・祝日 16:00 - 00:00 L.O. 23:00","","76席 （テーブル席40席、掘りごたつ座敷36席）","無 全席半個室","全席禁煙 外に喫煙可能スペースあり","予約可","","無 近くのコイン・パーキング：歌舞伎町2-20-20に92台収容、ほか","西武新宿線【西武新宿駅】北口 徒歩５分 都営地下鉄大江戸線、東京メトロ副都心線【東新宿駅】徒歩７分 東京メトロ丸ノ内線【新宿駅】徒歩７分 ＪＲ中央線ほか【新宿駅】東口 徒歩９分 西武新宿駅から321m","https://tblg.k-img.com/restaurant/images/Rvw/301796/640x640_rect_f524b1d5c40a80227d8e9631daf02237.jpg","初台SC"
"ベアポンド エスプレッソ","3.56","279","14516","カフェ","下北沢駅","～\999","～\999","https://tabelog.com/tokyo/A1318/A131802/13093829/","東京都世田谷区北沢2-36-12 １Ｆ","1550031","35.66399255869559","139.66790691427937","03-5454-2486","11:00 - 17:30 営業時間・","","14席 （テーブル8席（3人掛け×2、2人掛け×1）、ベンチ6人分（店内、店外各3））","無","全席禁煙","予約不可","","無","下北沢駅から285m","https://tblg.k-img.com/restaurant/images/Rvw/363392/640x640_rect_eddfc7093e93cb0fdd3795010154d1f5.jpg","初台SC"
"ビストロ クプレ","3.56","264","18864","ビストロ/フレンチ/ワインバー","表参道駅","\8,000～\9,999","-","https://tabelog.com/tokyo/A1306/A130602/13204618/","東京都港区北青山3-14-1","1070061","35.66429623790337","139.70979748309128","03-6427-9891","月・火・水・木・金 17:00 - 23:00 土・日・祝日 16:00 - 23:00","","22席 （カウンター14席、テーブル8席）","無","全席禁煙","予約可","","無","表参道駅徒歩3分 表参道駅（Ｂ２）出入口から渋谷方向へ国道２４６号沿いに歩き、アオビル（ＡＯビル）前を通り、南青山５丁目交差点、ダイソン（ｄｙｓｏｎ）ショップ前を右折して直進。 右手にスガハラショップ、さらに直進。角にあるフェイズ（一軒家のレストラン/現在閉店）で右折。 すぐに突き当たりが大きな邸宅が見え道沿いに沿って左折し直進、左手にございます。 表参道駅（Ａ１）出入口から表参道通りから、コーチ（ＣＯＡＣＨ）ショップ青山店前を左折して直進、セントグレース大聖堂前を左折して直進。 右手に婦人服店、その隣のビルに当店がございます。 左手はTHE COLD PROCESSの旗艦店があり、そのお向かえにございます。 表参道駅から265m","https://tblg.k-img.com/restaurant/images/Rvw/120083/640x640_rect_120083949.jpg","初台SC"
"峰屋 工場直売所","3.56","255","15857","パン","東新宿駅","～\999","-","https://tabelog.com/tokyo/A1304/A130401/13007681/","東京都新宿区新宿6-19-9","1600022","35.696281273897014","139.712889726435","03-3351-6794","月・火・水・木・金・土 07:00 - 17:00 日・祝日","","","無","全席禁煙","予約可","","無","都営大江戸線 若松河田 徒歩8分 東新宿駅から524m","https://tblg.k-img.com/restaurant/images/Rvw/110299/640x640_rect_110299785.jpg","初台SC"
"ティー スイーツ ラボ コンテナート 南新宿店","3.56","238","13723","カフェ/かき氷/スイーツ","南新宿駅","-","\1,000～\1,999","https://tabelog.com/tokyo/A1304/A130403/13243138/","東京都渋谷区代々木1-42-14 村野ビル 1F","1510053","35.68302676869351","139.69933592444957","03-6778-0198","火・水・木・金 11:30 - 18:00 L.O. 17:30 土・日・祝日 11:30 - 18:00 L.O. 17:00 月","","11席 （カウンター１１席）","無","全席禁煙","予約不可","","無","ＪＲ・都営地下鉄 代々木駅 徒歩５分 小田急電鉄 南新宿駅 徒歩２分 南新宿駅から82m","https://tblg.k-img.com/restaurant/images/Rvw/366133/640x640_rect_9f42ce7c4069be55acc2bee2b4165a5c.jpg","初台SC"
"オステリア イル レオーネ","3.56","236","20153","イタリアン/ワインバー/パスタ","新宿御苑前駅","\6,000～\7,999","\2,000～\2,999","https://tabelog.com/tokyo/A1304/A130402/13135210/","東京都新宿区新宿2-1-7","1600022","35.68856503788773","139.70907638333694","03-6380-0505","火・水・木・金 11:30 - 14:00 18:00 - 21:00 土 12:00 - 14:00 18:00 - 21:00 日 12:00 - 14:00 月","月曜日","30席 （カウンター10席、テーブル20席）","無","全席禁煙","予約可","","無 近隣にコインパーキング有り","東京メトロ 新宿御苑前駅 1番出口 徒歩１分 東京メトロ 新宿三丁目駅 徒歩５分 新宿御苑前駅から149m","https://tblg.k-img.com/restaurant/images/Rvw/166342/640x640_rect_34e824bd2799f028c9d41f54249eaeed.jpg","初台SC"
"BOUL'ANGE 渋谷 東急フードショー店","3.56","231","6002","パン","渋谷駅","\1,000～\1,999","\1,000～\1,999","https://tabelog.com/tokyo/A1303/A130301/13259526/","東京都渋谷区渋谷道玄坂1-12-1 渋谷 東急フードショー1 1F","1500002","35.65838663870906","139.69901201420095","03-3477-4747","10:00 - 21:00","","","無","全席禁煙","予約不可","","有","京王井の頭線渋谷駅直結 渋谷マークシティ 地下1階 東急 東横線・田園都市線 渋谷駅から京王井の頭線 渋谷駅方面へ 東京メトロ 銀座線・半蔵門線・副都心線 渋谷駅から京王井の頭線 渋谷駅方面へ JR 山手線・埼京線 渋谷駅から京王井の頭線 渋谷駅方面へ 渋谷駅から226m","https://tblg.k-img.com/restaurant/images/Rvw/153559/640x640_rect_153559888.jpg","初台SC"
"FarmMart & Friends","3.56","221","14545","カフェ/ドーナツ","南新宿駅","～\999","～\999","https://tabelog.com/tokyo/A1304/A130401/13269700/","東京都渋谷区代々木3-9-5","1510053","35.68361166869208","139.69601584445786","070-1381-8042","月・火・金 11:00 - 20:00 土・日・祝日 11:00 - 18:00 水・木","","4席 （カウンター4席）","無","全席禁煙","予約不可","","無","小田急線 南新宿駅から徒歩5分 南新宿駅から242m","https://tblg.k-img.com/restaurant/images/Rvw/366665/640x640_rect_680b0688d00d05f268927144bf243b42.jpg","初台SC"
"ホテルオークラレストラン新宿 ワイン&ダイニング デューク","3.56","216","13876","フレンチ/イタリアン/ワインバー","西新宿駅","\10,000～\14,999","\1,000～\1,999","https://tabelog.com/tokyo/A1304/A130401/13000789/","東京都新宿区西新宿1-26-2 新宿野村ビル 50F","1600023","35.69295003788058","139.69537308339085","03-3345-0511","火・水・木・金・土・日・祝日 11:30 - 15:00 L.O. 14:00 17:30 - 22:00 L.O. 料理20:00 ドリンク21:00 月","月曜日","63席","有 （2人可、4人可、6人可） ◎2～6名様迄ご利用いただけます。","全席禁煙 ※当ビル内に共用喫煙所あり（2023年8月現在）","予約可","","有 200台（共用）","JR新宿駅 西口 徒歩7分/小田急線新宿駅 徒歩7分/地下鉄線新宿駅 徒歩5分/地下鉄丸ノ内線西新宿駅 徒歩5分/大江戸線都庁前駅 徒歩5分 西新宿駅から267m","https://tblg.k-img.com/restaurant/images/Rvw/327589/640x640_rect_be59709483c2c0ca364e82739104834b.jpg","初台SC"
"オトナノイザカヤ中戸川","3.56","216","25683","居酒屋/日本料理/イタリアン","代々木上原駅","\6,000～\7,999","-","https://tabelog.com/tokyo/A1318/A131811/13160450/","東京都渋谷区上原1-33-12 ちとせビル 2F","1510064","35.66919246869638","139.6807571243229","03-6416-8086","火・水・木・金・土・日 17:00 - 22:00 月","","21席 （カウンター7席、テーブル14席）","無","全席禁煙","予約可","","無","小田急線代々木上原駅南口1を出て直ぐ 代々木上原駅から97m","https://tblg.k-img.com/restaurant/images/Rvw/51845/640x640_rect_51845034.jpg","初台SC"
"ミルクロール","3.56","215","7807","パン","新中野駅","～\999","-","https://tabelog.com/tokyo/A1319/A131902/13001071/","東京都中野区本町4-37-25","1640012","35.69487099867623","139.66869708459075","03-3381-5541","月・火・水・木・金・土 11:00 - 18:00 日・祝日","","（テイクアウトのみ）","無","全席禁煙","予約不可","","無","東京メトロ丸ノ内線「新中野駅」3番出口から徒歩6分 鍋横商店街沿い 新中野駅から292m","https://tblg.k-img.com/restaurant/images/Rvw/366191/640x640_rect_4b93ca321636d8c16ad24691ce0168dc.jpg","初台SC"
"SpiceCurry FIFTY","3.56","204","5100","カレー","中野坂上駅","-","\1,000～\1,999","https://tabelog.com/tokyo/A1319/A131903/13281549/","東京都中野区中央1-32-8","1640011","35.69811323867916","139.6843472846125","070-4076-2930","月・火・水・木・金・土 11:00 - 15:30 L.O. 14:50 日 11:00 - 17:00 L.O. 16:00","年中無休","16席 （カウンター4席、テーブル12席（4人掛け×2、2人掛け×2））","無","全席禁煙","予約不可","","無","中野坂上駅“A1”出口から徒歩1分 中野坂上駅から229m","https://tblg.k-img.com/restaurant/images/Rvw/196169/640x640_rect_7230650ef040ed28ef669c7b3573e61b.jpg","初台SC"
"ロダス 伊勢丹新宿店","3.56","187","5121","洋菓子/パン","新宿三丁目駅","-","-","https://tabelog.com/tokyo/A1304/A130401/13243589/","東京都新宿区新宿3-14-1 新宿伊勢丹 B1F","1600022","35.6915826378844","139.70465548337052","","10:00 - 20:00 【","","","無","全席禁煙","予約不可","","有","東京メトロ丸ノ内線・副都心線・都営新宿線「新宿三丁目駅」B3・B4・B5出口直結 新宿三丁目駅から83m","https://tblg.k-img.com/restaurant/images/Rvw/212722/640x640_rect_88f304b5ba80d9d8df3cd40abcd583c5.jpg","初台SC"
"釣りあじ食堂","3.56","158","23463","海鮮丼/海鮮","大久保駅","\4,000～\4,999","-","https://tabelog.com/tokyo/A1304/A130404/13214284/","東京都新宿区百人町1-15-4","1690073","35.69981262868255","139.6984092446198","080-3364-0829","営業日は釣りあじ食堂インスタグラム（@tsuriaji.0829）・X（@tsuriajishokudo）をご確認ください。","","11席 （カウンター：5席 2人用テーブル3卓）","無","分煙（加熱式たばこ限定） 2020年4月1日より受動喫煙対策に関する法律(改正健康増進法）が施行されており、最新の情報と異なる場合がございますので、ご来店前に店舗にご確認ください。","予約可","","無 近隣にコインパーキング有り","JR大久保駅徒歩1分 大久保駅から112m","https://tblg.k-img.com/restaurant/images/Rvw/363831/640x640_rect_16f3ddd8d0f777ca34435eab51e64e9f.jpg","初台SC"
"Casa Bella","3.56","152","26734","イタリアン/ワインバー/パスタ","外苑前駅","\10,000～\14,999","\10,000～\14,999","https://tabelog.com/tokyo/A1306/A130603/13175709/","東京都渋谷区神宮前2-3-30 第二竹上ビル B1","1500001","35.67447237544998","139.71337816593066","03-6804-1495","月・火・水・木・金・土・日・祝日・祝前日 11:30 - 14:30 17:30 - 23:00","不定休","6席 （カウンター2席、テーブル4席）","有 （6人可、8人可） 貸切でご利用の場合は個室としてご利用いただけるという意味合いとなります。","全席禁煙","予約可","","無 近隣にパーキングがございます","国立競技場(MUFGスタジアム）や神宮球場からも徒歩３～５分です。 サッカー、ラグビー、野球観戦前後にもご利用いただけます。 都立明治公園のTOTOPA裏に所在します。 ■東京メトロ銀座線「外苑前」3番出口から徒歩8分 …外苑前駅からスタジアム通りに出て、酒屋を左に曲がり、右手に熊野神社が見えたら右折す勢揃坂を道なりに下って左手にございます。 ■都営大江戸線「国立競技場」A3出口から徒歩10分 ■JR「千駄ヶ谷」から徒歩10分 …外苑西通りを表参道方面に進み「明治公園前」の信号交差点を左折。 ■車ご利用の場合 外苑西通り「明治公園前」信号が目印。 ■バスご利用の場合 目黒、広尾方面からは目黒駅発の「黒77」系統千駄ヶ谷行きまたは渋谷駅東口と早大正門をつなぐ「早81」系統に乗り「明治公園前」で下車。バス停から徒歩2分。 外苑前駅から607m","https://tblg.k-img.com/restaurant/images/Rvw/186224/320x320_rect_78170ec3d306222a17301431c769b043.jpg","初台SC"
"バー・アドニス","3.56","150","11303","バー","神泉駅","\5,000～\5,999","-","https://tabelog.com/tokyo/A1303/A130301/13015639/","東京都渋谷区道玄坂2-23-13 渋谷デリタワー 9F","1500043","35.66013901347958","139.69612222747415","080-4444-0522","月・火・水・木・金・土・祝日・祝前日・祝後日 18:00 - 01:00 L.O. ドリンク00:00 日","","18席 （カウンター8席、他テーブル席最大10名様可能）","無","分煙 喫煙専用スペースのご用意あり 2020年4月1日より受動喫煙対策に関する法律(改正健康増進法）が施行されており、最新の情報と異なる場合がございますので、ご来店前に店舗にご確認ください。","予約可","","無 近くのコイン・パーキング：道玄坂2-26-1に62台収容、ほか","京王井の頭線【神泉駅】徒歩６分 東京メトロ半蔵門線、東急田園都市線【渋谷駅】徒歩６分 京王井の頭線【渋谷駅】西口 徒歩６分 ＪＲ山手線・埼京線【渋谷駅】ハチ公口 徒歩８分 東京メトロ銀座線【渋谷駅】徒歩８分 東京メトロ副都心線、東急東横線【渋谷駅】徒歩９分 神泉駅から390m","https://tblg.k-img.com/restaurant/images/Rvw/295979/640x640_rect_0ff0893ed5137b2d6e17f7573e249190.jpg","初台SC"
"CENSU TOKYO","3.56","150","21395","創作料理","国立競技場駅","\8,000～\9,999","-","https://tabelog.com/tokyo/A1306/A130603/13287517/","東京都渋谷区神宮前2-12-9","1500001","35.67433323789783","139.71240678319086","03-6434-5883","月・火・水・木・金 11:30 - 14:00 L.O. 13:30 18:00 - 23:00 L.O. 料理22:00 ドリンク22:30 土 18:00 - 23:00 L.O. 料理22:00","","46席 （1Fカウンター10席、2Fテーブル席）","無","全席禁煙","予約可","","無","JR 千駄ヶ谷 徒歩１１分 大江戸線 国立競技場 徒歩８分 副都心線 北参道 徒歩１０分 銀座線 外苑前 徒歩１０分 国立競技場駅から652m","https://tblg.k-img.com/restaurant/images/Rvw/216858/320x320_rect_03c25a066d10684bda78ed7937801b3e.jpg","初台SC"
"瀧元","3.56","142","12496","居酒屋/海鮮","大久保駅","\3,000～\3,999","-","https://tabelog.com/tokyo/A1304/A130404/13078842/","東京都新宿区百人町1-23-7","1690073","35.699219628682556","139.6972369746146","03-3371-3789","月・火・水・木・金 17:00 - 22:00 土・日・祝日","","31席 （カウンター8席、座敷23席）","無","全席喫煙可 お昼は禁煙 夜は喫煙可 2020年4月1日より受動喫煙対策に関する法律(改正健康増進法）が施行されており、最新の情報と異なる場合がございますので、ご来店前に店舗にご確認ください。","予約可","","無","大久保駅南口徒歩3分 大久保駅から145m","https://tblg.k-img.com/restaurant/images/Rvw/285493/640x640_rect_f3e3377354730444b68b9982dafc03d2.jpg","初台SC"
"スナガ","3.56","133","13711","ダイニングバー/イタリアン/ビストロ","東北沢駅","\5,000～\5,999","-","https://tabelog.com/tokyo/A1318/A131802/13023880/","東京都世田谷区北沢3-19-8 マウントハウスビル １Ｆ","1550031","35.66400459869625","139.67000201427803","03-3467-0220","月・火・水・木・金・土 18:00 - 23:00 日","","32席 （カウンター10席 テーブル12席 半個室10席）","有 （6人可、8人可、10～20人可） 半個室席は6名様～最大12名様まで 12名様でのご利用ですとやや狭めです","分煙 個室以外禁煙 2020年4月1日より受動喫煙対策に関する法律(改正健康増進法）が施行されており、最新の情報と異なる場合がございますので、ご来店前に店舗にご確認ください。","予約可","","無 お近くにコインパーキングございます","下北沢駅北口・東北沢駅より共に徒歩5分 東北沢駅から319m","https://tblg.k-img.com/restaurant/images/Rvw/47817/640x640_rect_47817531.jpg","初台SC"
"オイシイカレー","3.56","126","7281","カレー","下北沢駅","\1,000～\1,999","\1,000～\1,999","https://tabelog.com/tokyo/A1318/A131802/13313294/","東京都世田谷区北沢2-35-5 サウザンド下北沢 1B","1550031","35.66346149867446","139.66791163960946","","月・火 11:30 - 16:00 L.O. 料理16:00 水・木・金 11:30 - 16:00 L.O. 料理16:00 18:00 - 21:00 L.O. 料理21:00 土・日・祝日 11","","12席 （カウンター12席）","無","","予約不可","","無","下北沢駅から229m","https://tblg.k-img.com/restaurant/images/Rvw/360475/640x640_rect_dc6fd7f8df48c0cc9287c23025e64553.jpg","初台SC"
"小満津","3.56","108","21120","うなぎ","東高円寺駅","\10,000～\14,999","-","https://tabelog.com/tokyo/A1319/A131904/13001079/","東京都杉並区和田3-62-3 １Ｆ","1660012","35.69733043786698","139.66143658345888","080-8734-1091","火・水・木・金・土・日 11:30 - 14:00 17:00 - 20:00 月","","14席 （テーブル14席）","無","全席禁煙","完全予約制","うなぎ 百名店 2024","無","地下鉄東高円寺駅徒歩5分 東高円寺駅から319m","https://tblg.k-img.com/restaurant/images/Rvw/91992/640x640_rect_91992387.jpg","初台SC"
"fumigrafico","3.56","105","7633","パン/ベーグル","代々木八幡駅","\2,000～\2,999","\2,000～\2,999","https://tabelog.com/tokyo/A1318/A131810/13261499/","東京都渋谷区元代々木町9-6","1510062","35.66992951869756","139.68590558432672","080-5029-7278","火・水・金・土 15:00 - 20:00 月・木・日","","","無","全席禁煙","予約不可","","無","小田急線・東京メトロ 代々木上原駅徒歩7分、 小田急線 代々木八幡駅徒歩4分 代々木八幡駅から310m","https://tblg.k-img.com/restaurant/images/Rvw/157786/640x640_rect_157786166.jpg","初台SC"
"MUTO","3.56","55","4779","日本料理","国立競技場駅","\20,000～\29,999","\5,000～\5,999","https://tabelog.com/tokyo/A1309/A130901/13233939/","東京都渋谷区千駄ヶ谷2-33-8 YKビル 1F","1510051","35.676736638701676","139.7124375843769","03-6447-2177","月・火・木・金・土・日・祝日・祝前日・祝後日 17:30 - 22:00 L.O. 料理19:30 水","","18席 （カウンター6席 テーブル4名掛2席 個室4名掛1席）","有 （2人可、4人可）","全席禁煙","完全予約制","","無 近隣にコインパーキングあり","電車… ①JR総武線千駄ヶ谷駅から徒歩8分 ②都営地下鉄、国立競技場駅より徒歩5分 国立競技場駅から401m","https://tblg.k-img.com/restaurant/images/Rvw/257566/640x640_rect_08fd12000b59c1ff82c15c5e117c2a78.jpg","初台SC"
"野田","3.56","34","5606","日本料理","明治神宮前駅","\20,000～\29,999","\10,000～\14,999","https://tabelog.com/tokyo/A1306/A130601/13290084/","東京都渋谷区神宮前6-9-9 アヴニール表参道 1F","1500001","35.66714714870542","139.70504827428516","070-3882-3150","月・木 19:00 - 22:00 火・金・土 12:30 - 14:30 19:00 - 22:00 水・日","","10席 （カウンター4席、テーブル6席）","無","全席禁煙","完全予約制","","無","明治神宮前駅から161m","https://tblg.k-img.com/restaurant/images/Rvw/244717/640x640_rect_42123bfb56695724603a2627187d38b5.jpg","初台SC"
"麗郷 渋谷店","3.55","2562","121052","台湾料理/スイーツ","渋谷駅","\4,000～\4,999","-","https://tabelog.com/tokyo/A1303/A130301/13001805/","東京都渋谷区道玄坂2-25-18","1500043","35.65947704870794","139.69768881421288","03-3461-4220","月・火・水・木・金 12:00 - 14:40 17:00 - 22:40 土・日 12:00 - 22:40 営業時間・","","130席 （カウンター*10、テーブル*120）","有 （20～30人可） 可動式の扉で仕切られるだけですが。","全席禁煙","予約可","","無 近くのコイン・パーキング：道玄坂2-26-1に62台収容、ほか","京王井の頭線【渋谷駅】徒歩３分 東京メトロ半蔵門線・東急田園都市線【渋谷駅】徒歩３分 ＪＲ山手線・埼京線、東京メトロ銀座線【渋谷駅】徒歩５分 東京メトロ半蔵門線、東急東横線【渋谷駅】徒歩７分 渋谷駅から338m","https://tblg.k-img.com/restaurant/images/Rvw/280597/640x640_rect_19cd8be784d617e74ed3fb74642cf43f.jpg","初台SC"
"ナプレ 南青山本店","3.55","2002","141281","イタリアン/ピザ/パスタ","表参道駅","\6,000～\7,999","\3,000～\3,999","https://tabelog.com/tokyo/A1306/A130602/13003493/","東京都港区南青山5-6-24 林ビル","1070062","35.663791937904364","139.71191488308472","03-3797-3790","火・水・木・金 11:30 - 15:00 L.O. 14:00 17:30 - 22:30 L.O. 21:30 土・日・祝日 11:30 - 15:30 L.O. 14:30 17:30 - 22","","80席","無","全席禁煙 受動喫煙対策に関する法律により、店外の周辺スペースも禁煙となります。","予約可","ピザ 百名店 2021","無 近くの有料駐車場：南青山5-1-22青山ライズスクエア81台収容、5-6-23スパイラル57台収容、ほか","東京メトロ銀座線・半蔵門線・千代田線【表参道駅】徒歩３分（Ｂ３地上口近く） 表参道駅から162m","https://tblg.k-img.com/restaurant/images/Rvw/104090/640x640_rect_104090406.jpg","初台SC"
"瑞兆","3.55","1762","90019","かつ丼","神泉駅","\1,000～\1,999","\1,000～\1,999","https://tabelog.com/tokyo/A1303/A130301/13161530/","東京都渋谷区宇田川町41-26 パピエビル 1F","1500042","35.66267456247353","139.69537022874226","非公開","月・火・水・木・金 11:30 - 18:00 土 11:30 - 20:00 日・祝日","日曜日","8席 （カウンターのみ）","無","全席禁煙","予約不可","とんかつ 百名店 2021","無","京王電鉄 井の頭線「神泉駅」より、徒歩8分 JR「渋谷駅」より、徒歩10分 東京メトロ 銀座線・半蔵門線・副都心線「渋谷駅」より、徒歩10分 東急電鉄 東横線・田園都市線「渋谷駅」より、徒歩10分 京王電鉄 井の頭線「渋谷駅」より、徒歩10分 神泉駅から619m","https://tblg.k-img.com/restaurant/images/Rvw/174594/640x640_rect_64d95da799ea9a6677779d60382b32dd.jpg","初台SC"
"ジャン＝ポール・エヴァン 伊勢丹新宿本店","3.55","1229","28333","チョコレート/ケーキ/カフェ","新宿三丁目駅","\2,000～\2,999","\2,000～\2,999","https://tabelog.com/tokyo/A1304/A130401/13000854/","東京都新宿区新宿3-14-1 伊勢丹新宿店 B1F","1600022","35.69178049233996","139.70419621121033","03-3352-1111","月・火・水・木・金・土・日・祝日・祝前日・祝後日 10:00 - 20:00 L.O. 19:30","不定休","14席 （カウンター14席）","無","全席禁煙","予約不可","スイーツ 百名店 2019","有 伊勢丹館内2000以上利用で伊勢丹本館パーキング・パークシティイセタン1 2時間30分無料","東京メトロ丸ノ内線・副都心線「新宿三丁目駅」徒歩1分 都営新宿線「新宿三丁目駅」徒歩3分 JR・小田急線・京王線「新宿駅」徒歩5分 西武新宿線「西武新宿駅」徒歩5分 都営大江戸線「新宿西口駅」徒歩10分 新宿三丁目駅から120m","https://tblg.k-img.com/restaurant/images/Rvw/187829/640x640_rect_2ecddb4fbb7f2ce289ffc88ea2876a0f.jpg","初台SC"
"南青山エッセンス","3.55","973","57180","中華料理/薬膳/飲茶・点心","表参道駅","\6,000～\7,999","\1,000～\1,999","https://tabelog.com/tokyo/A1306/A130602/13039870/","東京都港区南青山3-8-2 サンブリッジ青山　１Ｆ","1070062","35.667640637902956","139.71516988312132","03-6805-3905","11:30 - 15:00 18:00 - 23:00 L.O. 料理21:30 ドリンク22:00","不定休","36席 （カウンター4席 テーブル20席（２名席?２ ４名席?４?最大16名様までロングテーブルで繋げることが可能） 個室4席（小学生以上のお子様ご利用可） テラス8席(小学生以上のお子様ご利用可・ペット可） ）","有 （2人可、4人可） 個室のご利用は2名様～4名様でお願いしております。 小学生以上のお子様もご利用頂けます。 コースのお客様優先となります。","全席禁煙 テラスも含め全席禁煙です。","予約可","中国料理 百名店 2021","無 お近くのコインパーキングに駐車をお願いしております。","銀座線「外苑前駅」より徒歩５分／銀座線・半蔵門線・千代田線「表参道駅」より徒歩５分 表参道駅から364m","https://tblg.k-img.com/restaurant/images/Rvw/70832/640x640_rect_70832576.jpg","初台SC"
"CHATTY CHATTY","3.55","932","36680","ハンバーガー/カフェ/バー","新宿御苑前駅","\2,000～\2,999","\1,000～\1,999","https://tabelog.com/tokyo/A1304/A130402/13171395/","東京都新宿区新宿1-12-1 サンサーラ第三御苑 1F","1600022","35.688836937888766","139.71287608333702","03-6457-7262","月・火・水・木・金・土・日・祝日・祝前日・祝後日 11:00 - 20:30 L.O. 20:00","なし","16席 （テーブル16席）","無","全席禁煙","予約可","ハンバーガー 百名店 2026","無","東京メトロ丸ノ内線「新宿御苑前」駅（銀座側）２番出口から徒歩2分 新宿3丁目駅 徒歩5分 新宿駅 徒歩10分 新宿御苑前駅から197m","https://tblg.k-img.com/restaurant/images/Rvw/203961/640x640_rect_8d22fa7f269345c8434dbebfcffa91f2.jpg","初台SC"
"seiohtei 新宿店","3.55","797","35379","洋食/ステーキ/ハンバーグ","新宿三丁目駅","\2,000～\2,999","\2,000～\2,999","https://tabelog.com/tokyo/A1304/A130401/13012100/","東京都新宿区新宿3-14-1 伊勢丹新宿店 7F","1600022","35.69158260868977","139.70465434453232","03-3354-6941","11:00 - 22:00 L.O. 21:00","不定休","80席","有 （10～20人可） 個室貸切り条件有","全席禁煙","予約可","洋食 百名店 2025","有","新宿三丁目駅から徒歩１分 新宿三丁目駅から83m","https://tblg.k-img.com/restaurant/images/Rvw/308450/640x640_rect_eff1430c0c495d598eba1e0e0dd8acae.jpg","初台SC"
"新宿 立吉","3.55","775","54350","串揚げ","新宿三丁目駅","\6,000～\7,999","-","https://tabelog.com/tokyo/A1304/A130401/13011911/","東京都新宿区新宿3-5-3 高山ランド会館 9F","1600022","35.691166337884894","139.7054064833658","03-3341-9322","月・火・水・木・金 17:00 - 23:00 L.O. 料理22:40 土 16:00 - 23:00 L.O. 料理22:40 日・祝日 16:00 - 22:30 L.O. 料理22:10 【最","","56席","無","全席禁煙","予約可","","無","東京メトロ副都心線/丸ノ内線、都営新宿線 新宿三丁目駅から徒歩2分 新宿三丁目駅から57m","https://tblg.k-img.com/restaurant/images/Rvw/136224/640x640_rect_136224483.jpg","初台SC"
"荒海","3.55","730","16206","ラーメン/つけ麺","南新宿駅","～\999","～\999","https://tabelog.com/tokyo/A1304/A130401/13090261/","東京都渋谷区代々木2-16-9","1510053","35.68684473788469","139.6960800833287","03-5351-0346","月・火・水・木・金・土 11:00 - 03:00 日・祝日 11:00 - 21:00","無休","10席 （カウンター席）","無","全席禁煙","予約不可","","無 近隣にコインパーキングあり","・新宿駅南口 徒歩７分 改札を出て甲州街道の代々木側の歩道を初台方面へ5分ほど進む。都営新宿線の出口の先の交差点を左折、交番の角を右折して２０ｍ先。 ・都営新宿線 新線新宿駅 新都心口 徒歩２分 改札前の６番出口から出て、すぐ左側の交差点を左折、交番の角を右折して２０ｍ先。 ・大江戸線 都庁前駅 徒歩９分 Ａ２出口から出て左折、すぐ左にある階段を上り議事堂通りを右折する。突き当たりの信号から甲州街道を横断して左折、右側にある公園横の階段をおりて左折、道なりに進み５軒目。 ・小田急線 南新宿駅 徒歩７分 改札を出て左折し道なりに５分ほど進む。薬局の角を右折して道なりに進む。突き当りを左折、すぐ先の交番の角を左折して２０ｍ先。 ※青い看板に魚のアラが目印です。 南新宿駅から436m","https://tblg.k-img.com/restaurant/images/Rvw/355842/640x640_rect_f3c726b383db6480e351f4da79c4fe0e.jpg","初台SC"
"モーゼ","3.55","698","43197","パスタ","東中野駅","\2,000～\2,999","\1,000～\1,999","https://tabelog.com/tokyo/A1319/A131901/13006860/","東京都中野区東中野4-4-5 東中野アパートメンツ　１Ｆ","1640003","35.706548808673624","139.6838039246981","03-3367-4757","月・火・水・木・金 11:30 - 15:00 L.O. 14:30 18:15 - 22:00 L.O. 21:40 土・日・祝日 11:30 - 15:00 L.O. 14:30 18:15 - ","","20席 （カウンター6席、テーブル14席）","無","全席禁煙","予約可","","無","ＪＲ中央線（各駅停車）【東中野駅】徒歩１分 都営地下鉄大江戸線【東中野駅】徒歩１分 東中野駅から28m","https://tblg.k-img.com/restaurant/images/Rvw/273335/640x640_rect_4061e597dfba40dbef056c466e054daa.jpg","初台SC"
"TACOS 3hermanos Harajuku","3.55","671","50005","タコス","明治神宮前駅","\2,000～\2,999","\2,000～\2,999","https://tabelog.com/tokyo/A1306/A130601/13297578/","東京都渋谷区神宮前3-26-5 Urahara Central Apartment 102","1500001","35.67086843870419","139.70863888432024","","月・火・水・木・金・土・日・祝日・祝前日・祝後日 11:00 - 15:30 17:00 - 21:30","","12席","無","全席禁煙","予約不可","","無","明治神宮前駅から徒歩8分 原宿駅から徒歩10分 表参道駅から徒歩11分 明治神宮前駅から405m","https://tblg.k-img.com/restaurant/images/Rvw/320156/640x640_rect_682b8323cf9e0c5f72415e0d95f11ba8.jpg","初台SC"
"KAWAKAMI-AN TOKYO","3.55","669","24307","そば/日本料理","外苑前駅","\5,000～\5,999","\1,000～\1,999","https://tabelog.com/tokyo/A1306/A130603/13252601/","東京都港区北青山2-14-4 ジ・アーガイル青山 2F","1070061","35.669616108707274","139.7157989643026","03-6432-9011","11:00 - 23:00 L.O. 22:00 営業時間・","","109席 （カウンター約30席個室2部屋(6席と8席)）","有 （8人可）","全席禁煙 館内に喫煙所あり","予約可","","無","東京メトロ銀座線【外苑前駅】徒歩２分 東京メトロ銀座線・千代田線・半蔵門線【表参道駅】徒歩８分 外苑前駅から198m","https://tblg.k-img.com/restaurant/images/Rvw/190750/640x640_rect_041126ed65cf132c6476895f060575ee.jpg","初台SC"
"TRATTORIA PIZZERIA 207 渋谷店","3.55","614","53680","イタリアン/ピザ/パスタ","渋谷駅","\8,000～\9,999","\3,000～\3,999","https://tabelog.com/tokyo/A1303/A130301/13298355/","東京都渋谷区渋谷2-17-1 渋谷アクシュ 2F","1500002","35.659102048710366","139.7045492442043","03-6427-6616","月・火・水・木・金・祝前日 11:00 - 15:00 L.O. 14:30 17:00 - 23:00 L.O. 料理22:15 ドリンク22:30 土・日・祝日 11:00 - 23:00 L.O","","71席 （カウンター5席、テーブル60席、テラス6席）","無","全席禁煙 渋谷アクシュの喫煙所利用可","予約可","","有 渋谷アクシュに駐車場有（駐車料サービスなし）","JR山手線・埼京線・湘南新宿ライン 東急東横線・田園都市線、東京メトロ銀座線・半蔵門線・副都心線、京王井の頭線 「渋谷駅」 至近（銀座線ヒカリエ改札徒歩1分） 渋谷駅から287m","https://tblg.k-img.com/restaurant/images/Rvw/252956/640x640_rect_416dfe466b6c45470cf79cae5732acff.jpg","初台SC"
"黒牛","3.55","574","32244","焼肉/ホルモン","南新宿駅","\8,000～\9,999","-","https://tabelog.com/tokyo/A1304/A130403/13045232/","東京都渋谷区代々木3-1-11 パシフィックスクエア代々木ビル B1F","1510053","35.68219223788752","139.69572418328192","03-6803-1129","月・火・水・木・金・土・日・祝日・祝前日 17:00 - 23:30 L.O. 22:30","","46席 （内、個室4席）","有 （2人可、4人可、6人可、8人可、10～20人可） 個室をご希望の場合、ルームチャージとしてお一人様1000円いただいております。 ※小学生以下のお子様はルームチャージいただいておりません。","全席禁煙 2020年4月1日より店内禁煙です","予約可","焼肉 百名店 2021","無","代々木駅西口を出て、ファミリーマートと代々木ゼミナールの間の道を 直進。 代々木駅から8分程 小田急「南新宿駅」から6分程 南新宿駅から307m","https://tblg.k-img.com/restaurant/images/Rvw/348760/640x640_rect_32bf765fa6944342273742c9cfb3f69e.jpg","初台SC"
"L'OMBELICO","3.55","570","34672","ピザ/イタリアン/カフェ","代々木公園駅","\8,000～\9,999","\3,000～\3,999","https://tabelog.com/tokyo/A1318/A131810/13287640/","東京都渋谷区富ヶ谷1-15-2 TRUNK(HOTEL) YOYOGI PARK 1F","1510063","35.66681803789621","139.692362783129","03-5454-3211","月・火・水・木・金・土・日・祝日・祝前日・祝後日 07:00 - 11:00 L.O. 料理10:00 11:00 - 17:00 L.O. 料理15:00 ドリンク17:00 17:00 - 23:","","67席 （テーブル36席、カウンター11席、テラス20席）","無 緑道側のテラス席は、店内の音や他のお客様の声が届かない位置にあります。","全席禁煙 テラス席含め全席禁煙です。","予約可","","無 近隣の時間貸駐車場をご利用ください。","【電車】 東京メトロ千代田線「代々木公園」駅 2番出口より徒歩4分 小田急線「代々木八幡」駅 南口より徒歩7分 小田急線・東京メトロ千代田線「代々木上原」駅 東口より徒歩14分 JR・東京メトロ・東急・京王各線「渋谷」駅 A2出口より徒歩15分 【その他】 『LINE CUBE SHIBUYA（渋谷公会堂）』より徒歩9分 『NHKホール』より徒歩10分 『Bunkamuraオーチャードホール』より徒歩10分 『国立代々木競技場』より徒歩11分 『YOYOGI Park』より徒歩12分 【タクシー】 「渋谷」駅周辺より約3分（1.2km） 「表参道」駅周辺より約5分（2.6km） 「都庁前」駅周辺より約10分（3.0km） 代々木公園駅から262m","https://tblg.k-img.com/restaurant/images/Rvw/231734/640x640_rect_86311fbaf49b220d215df02ffd3a13c4.jpg","初台SC"
"ピッツェリア メリプリンチペッサ 渋谷店","3.55","566","40106","イタリアン/ピザ/パスタ","神泉駅","\5,000～\5,999","\1,000～\1,999","https://tabelog.com/tokyo/A1303/A130301/13112030/","東京都渋谷区円山町22-11 ソレイユNS 1F","1500044","35.6561416270797","139.69405063912185","03-5456-9364","月・火・水・木・金 12:00 - 14:30 L.O. 14:00 18:00 - 23:30 L.O. 料理22:30 ドリンク23:00 土 12:00 - 14:30 L.O. 14:00 1","","37席 （【１階】カウンター7席・テーブル４席【地下】テーブル26席 ※階段の利用が難しいお客様は店舗に直接ご連絡下さい。）","無","全席禁煙","予約可","","無","神泉駅から徒歩3分 渋谷駅から徒歩7分 神泉駅から133m","https://tblg.k-img.com/restaurant/images/Rvw/308973/640x640_rect_30b54a452826689a98fd1f79d22df61e.jpg","初台SC"
"カールヴァーン トウキョウ","3.55","556","27241","カフェ/ヨーロッパ料理","渋谷駅","\5,000～\5,999","\3,000～\3,999","https://tabelog.com/tokyo/A1303/A130301/13240295/","東京都渋谷区渋谷2-24-12 渋谷スクランブルスクエア 12F","1500002","35.65831663790476","139.7022411830362","03-6451-1772","月・火・水・木・金 11:00 - 15:30 L.O. 14:30 17:00 - 22:30 L.O. 料理21:00 ドリンク22:00 土・日・祝日 11:00 - 14:30 L.O. 14","","68席 （テーブル席、カウンター席）","無","全席禁煙 フロア内に喫煙ルームあり","予約可","","無 渋谷スクランブルスクエアには専用の駐車場がございません。提携先駐車場（渋谷ヒカリエ・渋谷ストリーム）をご利用ください。","渋谷駅直結の渋谷スクランブルスクエア12階 渋谷駅から111m","https://tblg.k-img.com/restaurant/images/Rvw/139019/640x640_rect_139019421.jpg","初台SC"
"はまぐり","3.55","516","46397","海鮮/創作料理","新宿三丁目駅","\6,000～\7,999","-","https://tabelog.com/tokyo/A1304/A130401/13012114/","東京都新宿区新宿3-8-4","1600022","35.69078592869084","139.70644686452297","03-3354-9018","月・火・水・木・金・土 17:00 - 23:00 日・祝日","","30席 （1階カウンター、2階座敷）","有","全席喫煙可 2020年4月1日より受動喫煙対策に関する法律(改正健康増進法）が施行されており、最新の情報と異なる場合がございますので、ご来店前に店舗にご確認ください。","予約可","","無 近くのコインパーキング：新宿3-7-7に6台収容、ほか","都営地下鉄新宿線【新宿三丁目駅】徒歩２分 東京メトロ丸ノ内線・副都心線【新宿三丁目駅】徒歩３分 JR中央線ほか【新宿駅】東口 徒歩７分 新宿三丁目駅から140m","https://tblg.k-img.com/restaurant/images/Rvw/67797/640x640_rect_67797710.jpg","初台SC"
"黒毛和牛焼肉 白か黒","3.55","483","35665","焼肉/居酒屋/ホルモン","西新宿駅","\6,000～\7,999","-","https://tabelog.com/tokyo/A1304/A130401/13214714/","東京都新宿区西新宿8-6-2 野島ビル 1F","1600023","35.69546523787834","139.69335988341763","03-6908-7565","火・水・木・金・土 17:00 - 23:00 L.O. 22:00 日・祝日 17:00 - 22:00 L.O. 21:00 月","月曜日","30席","有 完全個室あり 個室料無し！お気軽にお問合せ下さい！","全席禁煙 外に灰皿のご用意御座います。","予約可","","無 近隣にコインパーキングあり","東京メトロ丸の内線 西新宿駅 徒歩1分 JR線 新宿駅 徒歩10分 西新宿駅から131m","https://tblg.k-img.com/restaurant/images/Rvw/364497/640x640_rect_dbdda52a496813185a33dac13c7469bf.jpg","初台SC"
"UPLIGHT COFFEE","3.55","461","12408","カフェ/スイーツ/サンドイッチ","渋谷駅","～\999","～\999","https://tabelog.com/tokyo/A1303/A130301/13240139/","東京都渋谷区渋谷2-23-16 東口地下広場 B2F","1500002","35.659254298709484","139.70209986420755","03-6324-2739","09:00 - 21:00 L.O. 20:30","","30席 （テーブル席およびカウンター席。他にテラス席30くらい。）","無","全席禁煙","予約不可","","無","JR･地下鉄渋谷駅東側の地下２階 渋谷駅から70m","https://tblg.k-img.com/restaurant/images/Rvw/221119/640x640_rect_418b092f2128bf5f4330c4dab58cf37a.jpg","初台SC"
"茶房 オクノシブヤ","3.55","453","20768","カフェ/かき氷/和菓子","代々木公園駅","\1,000～\1,999","\1,000～\1,999","https://tabelog.com/tokyo/A1318/A131810/13282936/","東京都渋谷区神山町7-15 ホワイトハイム大嵩 102","1500047","35.66449853789809","139.69363908310464","03-6804-9889","10:00 - 19:00 L.O. 18:30 不定期で火曜日の営業を休業する場合がございます。","","14席","無","全席禁煙","予約可","","無","小田急線 代々木八幡駅から徒歩10分 代々木公園駅から544m","https://tblg.k-img.com/restaurant/images/Rvw/201016/640x640_rect_83f12716fe2312e8f04bb8896b53279b.jpg","初台SC"
"mimet","3.55","443","24334","カフェ/ビストロ","代々木公園駅","\6,000～\7,999","\2,000～\2,999","https://tabelog.com/tokyo/A1318/A131810/13280643/","東京都渋谷区富ヶ谷1-9-20 コシゴエビル 1F","1510063","35.66841531869988","139.69017420430845","03-5738-8241","月・火・金・土・日 11:30 - 22:30 水・木","","35席","無","全席禁煙","予約可","","無","代々木公園駅から96m","https://tblg.k-img.com/restaurant/images/Rvw/361446/640x640_rect_70df838545820daaac7fa53d61696e01.jpg","初台SC"
"MAREN 渋谷","3.55","440","11745","油そば・まぜそば/ラーメン","神泉駅","～\999","～\999","https://tabelog.com/tokyo/A1303/A130301/13291533/","東京都渋谷区円山町10-16 SHIBUYA Limitedビル 1F","1500044","35.65934187870698","139.69441063421382","03-6809-0169","月・火・水・木・金・土・祝日・祝前日 11:30 - 03:00 日 11:30 - 23:00 5/1(金)からの営業時間 月?土・祝・祝前｜11:30 - 翌3:00 日｜11:30 - 23:0","","9席","無","全席禁煙","予約不可","","無","京王電鉄井の頭線 神泉駅から徒歩４分 渋谷駅から徒歩７分 神泉駅から240m","https://tblg.k-img.com/restaurant/images/Rvw/260442/320x320_rect_3c10b9a5a6e1ec3c4302cddd4ee9f2c7.jpg","初台SC"
"鶏そば かぐら屋 西新宿店","3.55","417","9480","ラーメン/つけ麺","西武新宿駅","\1,000～\1,999","\1,000～\1,999","https://tabelog.com/tokyo/A1304/A130401/13251053/","東京都新宿区西新宿7-16-10 西新宿ミカエラビル 1F","1600023","35.696383788684535","139.6977874045856","03-5389-4027","","","18席 （カウンター9席、4人掛けテーブル3卓）","無","全席禁煙","予約不可","","無","西武新宿駅から210m","https://tblg.k-img.com/restaurant/images/Rvw/151300/640x640_rect_151300996.jpg","初台SC"
"チャーシュー麺専門 中華そば ピース","3.55","413","7535","ラーメン","西新宿駅","\1,000～\1,999","\1,000～\1,999","https://tabelog.com/tokyo/A1304/A130401/13304557/","東京都新宿区西新宿8-15-3","1600023","35.695282738683055","139.69095788457926","","月・火・水・木・金 11:00 - 22:00 土・日・祝日 11:00 - 20:00 月曜?金曜 11:00?スープ売切れまで22時位 土曜 11:00?スープ売切れまで20時位 日曜日 11:0","","16席 （カウンター12席、テーブル2人掛け2卓）","無","全席禁煙","予約不可","","無","西新宿駅から210m","https://tblg.k-img.com/restaurant/images/Rvw/283753/640x640_rect_a74e6328f22e2eb20faa397feb9eef34.jpg","初台SC"
"麺屋福丸","3.55","395","13395","ラーメン/つけ麺","笹塚駅","\1,000～\1,999","\1,000～\1,999","https://tabelog.com/tokyo/A1318/A131808/13208773/","東京都渋谷区幡ヶ谷1-9-6 リッツ幡ヶ谷1階","1510072","35.67560392868957","139.67214495439367","03-6276-0027","火・水・木・金 07:30 - 14:30 土・日 07:30 - 16:30 月","","14席 （カウンター14席）","無","全席禁煙","予約不可","","有 近隣にコインパーキングあり","京王線笹塚駅から徒歩６分 京王新線幡ヶ谷駅から徒歩６分 笹塚駅から430m 幡ケ谷駅から477m 笹塚駅から476m","https://tblg.k-img.com/restaurant/images/Rvw/125653/640x640_rect_125653205.jpg","初台SC"
"ボラーチョ","3.55","392","64142","洋食/ヨーロッパ料理/イタリアン","神泉駅","\5,000～\5,999","-","https://tabelog.com/tokyo/A1318/A131801/13020966/","東京都目黒区大橋2-6-18","1530044","35.65529903790246","139.68900058301497","03-3465-4452","火・水・木・金・土・日 18:00 - 00:00 月","","38席 （カウンター4席、大テーブル10席、テーブル席4人席×3卓、6人席×2卓）","無","全席禁煙","予約可","","無","京王井の頭線「神泉駅」南口から徒歩9分 京王井の頭線「駒場東大前駅」東口から徒歩10分 東急田園都市線「池尻大橋駅」北口から徒歩10分 バス停「松見坂下」すぐ（※渋谷からバスで5分） 神泉駅から472m","https://tblg.k-img.com/restaurant/images/Rvw/282076/640x640_rect_4cf58ced06ebf00714396c959751c966.jpg","初台SC"
"讃岐饂飩 元喜","3.55","392","18003","うどん/天ぷら/居酒屋","代々木上原駅","\2,000～\2,999","\1,000～\1,999","https://tabelog.com/tokyo/A1318/A131811/13261492/","東京都渋谷区西原3-1-6","1510066","35.67029023789094","139.68272878317083","03-3466-0141","11:30 - 14:30 L.O. 14:10 17:00 - 22:00 L.O. 21:30","","24席","無","全席禁煙","予約可","","無 近隣のコインパーキングをご利用ください。","小田急線 「代々木上原駅」東口より徒歩1分 東口の階段通路を降りて左、坂を少し下り最初の十字路を右折。商店街の通りを50mくらい進むと右に「元喜」とお店に大きく書かれた文字が見えます。入り口は「元喜」の文字の左、のれんが掛かってますので、そこからお入りください。 代々木上原駅から308m","https://tblg.k-img.com/restaurant/images/Rvw/179459/640x640_rect_7f68cf435b63bfa3f80b40a3e27da07d.jpg","初台SC"
"カフェ ロストロ","3.55","388","20749","カフェ","代々木公園駅","\1,000～\1,999","\1,000～\1,999","https://tabelog.com/tokyo/A1318/A131810/13209133/","東京都渋谷区富ヶ谷1-14-20 サウスピア 1F","1510063","35.66705184870126","139.69180336429352","03-5452-1450","月 08:00 - 17:30 L.O. 17:00 木・金・土・日・祝日 08:00 - 20:00 L.O. 19:30 火・水","不定休","10席 （店内16席、ほかテラス席あり）","無","全席禁煙","予約不可","","無","代々木公園駅から218m","https://tblg.k-img.com/restaurant/images/Rvw/351367/640x640_rect_54d0cf0f0769870c3f689a385fc53cca.jpg","初台SC"
"焼肉 大貫","3.55","386","46528","焼肉/ステーキ/牛タン","新宿三丁目駅","\15,000～\19,999","-","https://tabelog.com/tokyo/A1304/A130402/13191277/","東京都新宿区新宿2-18-1 Two Front Bldg 1F","1600022","35.690770237886035","139.70819718335983","03-6380-1329","月・火・水・木・金・土・日・祝日・祝前日・祝後日 18:00 - 23:00 L.O. 料理21:00 ドリンク22:30","不定休","30席 （6名掛けボックステーブル席×４、6名様掛けの個室席×１）","有 （4人可、6人可） 要電話予約／「個室専用コース」にてご予約を承っております","全席禁煙","予約可","焼肉 百名店 2023","無","丸ノ内線 新宿御苑駅 徒歩5分 都営新宿線 新宿三丁目駅 徒歩5分 JR新宿駅 徒歩15分 新宿三丁目駅から299m","https://tblg.k-img.com/restaurant/images/Rvw/197202/640x640_rect_72980e780664ad89a2b4cdb77cf30a62.jpg","初台SC"
"No.","3.55","383","22068","カフェ/バー","代々木上原駅","\5,000～\5,999","\1,000～\1,999","https://tabelog.com/tokyo/A1318/A131811/13286453/","東京都渋谷区上原1-32-3 CABO uehara 1F","1510064","35.66904937869646","139.68070439432148","03-6712-5068","09:00 - 17:00 18:00 - 00:00 営業時間・","","（店内：カウンター6席／店内テーブル15席テラス：2人掛け×3、横長ベンチ（テーブル無し））","無","全席禁煙","予約不可","","無 近隣にコインパーキングあり","東京メトロ千代田線・小田急線 代々木上原駅 南口徒歩1分 代々木上原駅から90m","https://tblg.k-img.com/restaurant/images/Rvw/361977/640x640_rect_13c4dede59cb291c257116622c30b171.jpg","初台SC"
"おそうざいと煎餅もんじゃ さとう","3.55","360","41886","もんじゃ焼き/ラーメン/惣菜","代々木公園駅","\4,000～\4,999","\2,000～\2,999","https://tabelog.com/tokyo/A1318/A131810/13206439/","東京都渋谷区富ヶ谷1-9-22 守友ビル 1F","1510063","35.66856130869974","139.69005189430996","03-6804-9703","10:00 - 22:00","無休","12席","無","全席禁煙","予約可","","無","地下鉄千代田線代々木公園駅１番出口から徒歩２分 小田急線代々木八幡駅南口から徒歩３分 代々木公園駅から98m","https://tblg.k-img.com/restaurant/images/Rvw/113783/640x640_rect_113783584.jpg","初台SC"
"レストランアビエント","3.55","325","9886","フレンチ","渋谷駅","\8,000～\9,999","\5,000～\5,999","https://tabelog.com/tokyo/A1303/A130301/13004617/","東京都渋谷区道玄坂1-12-2 渋谷マークシティ 渋谷エクセルホテル東急 25F","1500043","35.658548518709146","139.69959385420216","03-5457-0132","月・火・水・木・金・土・日・祝日・祝前日・祝後日 06:30 - 10:00 L.O. 料理09:30 11:30 - 15:00 L.O. 料理14:00 17:30 - 21:30 L.O. 料理","無休","112席 （個室、ペアシートを含む）","有 （4人可、6人可、8人可、10～20人可） 個室もご用意しております。 室料やCXL料につきましては店舗までお問合せください。","全席禁煙","予約可","","有 渋谷マークシティ内駐車場をご利用ください。3,564円以上のご利用で2時間まで無料となります。","JR（山手線・埼京線・湘南新宿ライン）「渋谷駅」中央改札から徒歩3分 東急（東横線・田園都市線）・東京メトロ（半蔵門線・副都心線）「渋谷駅」出口A5から徒歩1分 東京メトロ（銀座線）「渋谷駅」スクランブルスクエア方面改札から徒歩5分 京王井の頭線「渋谷駅」中央口改札から徒歩2分 渋谷駅から170m","https://tblg.k-img.com/restaurant/images/Rvw/128361/640x640_rect_128361457.jpg","初台SC"
"だるま大使 無限 下北沢店","3.55","320","6661","ラーメン","下北沢駅","\1,000～\1,999","～\999","https://tabelog.com/tokyo/A1318/A131802/13292370/","東京都世田谷区北沢2-10-10","1550031","35.66179326869704","139.66807043425703","03-6804-7577","月・火・水・木・日 11:00 - 23:00 金・土 11:00 - 03:00 営業時間・","","","無","","予約不可","","無 近隣にコインパーキングあり","小田急電鉄小田原線・京王電鉄井の頭線下北沢駅東口から徒歩1分 下北沢駅から88m","https://tblg.k-img.com/restaurant/images/Rvw/358843/640x640_rect_d8b654069bfc6c77979440520b48602b.jpg","初台SC"
"EBIZO","3.55","314","26668","シーフード/イタリアン","神泉駅","\10,000～\14,999","-","https://tabelog.com/tokyo/A1303/A130301/13207106/","東京都渋谷区道玄坂2-19-3 ライオンズマンション道玄坂 1F","1500043","35.6590919379024","139.69638898304814","03-6416-3105","月・火・水・木・金 17:00 - 23:30 L.O. 22:00 土・日・祝日 15:00 - 23:30 L.O. 22:00","不定休","26席 （カウンター8席、テーブル18席）","無","全席禁煙","予約可","","無","JR渋谷駅ハチ公口／地下鉄0番出口より徒歩5分 JRをご利用の方はハチ公口、地下鉄をご利用の方は0番出口（道玄坂ユニクロの下）から出るのが最短です。 出口を出たらスクランブル交差点を109方面へ渡り、109を右手に見ながら道玄坂をまっすぐ上ります。 数分進むと右手に百軒店商店街の鳥居が見えるので、そこを右に入ってください。 商店街を進み、ローソンを通り過ぎてすぐ左折します。カレー店「ムルギー」を右に曲がると、左手1Fの赤い扉がEBIZOです。 タクシーをご利用の場合は「百軒店商店街のムルギー近く」とお伝えください。 ※迷われた際はお気軽にお電話ください。 神泉駅から322m","https://tblg.k-img.com/restaurant/images/Rvw/117672/640x640_rect_117672361.jpg","初台SC"
"炭火焼 生ラム ジンギスカン だるまや 新宿三丁目店","3.55","309","16639","ジンギスカン/肉料理/居酒屋","新宿三丁目駅","\6,000～\7,999","-","https://tabelog.com/tokyo/A1304/A130401/13221790/","東京都新宿区新宿3-3-7 三慶ビル 5F","1600022","35.69074740869075","139.70603860452292","03-6273-2984","月・火・水・木・金・土・日 17:30 - 23:30 L.O. 23:00 祝日","","36席 （カウンター8席、テーブル28席）","有 （4人可、6人可、8人可、10～20人可） 最大12名様でご利用頂けます。","全席禁煙 店内に喫煙所あり","予約可","","無","地下鉄 新宿三丁目駅 C5番出口 徒歩1分 ＪＲ 新宿駅 東口 徒歩5分 新宿三丁目駅から104m","https://tblg.k-img.com/restaurant/images/Rvw/282748/640x640_rect_c85c15510ff0cebe5c3cf5b2b4bc8d6f.jpg","初台SC"
"豚野郎","3.55","293","11120","ラーメン","中野駅","～\999","～\999","https://tabelog.com/tokyo/A1319/A131902/13155159/","東京都中野区中野1-41-45","1640001","35.70457090867184","139.6742589346848","03-3369-8989","火・水・木・金・土・日 11:30 - 14:30 18:00 - 21:30 月","","6席","無","全席禁煙","予約不可","","無","ＪＲ中央線、東京メトロ東西線【中野駅】南口 徒歩10分 ＪＲ中央線、都営地下鉄大江戸線【東中野駅】徒歩13分 中野駅から777m","https://tblg.k-img.com/restaurant/images/Rvw/18589/320x320_rect_18589264.jpg","初台SC"
"バガボンド","3.55","271","17076","バー/居酒屋","新宿西口駅","\2,000～\2,999","-","https://tabelog.com/tokyo/A1304/A130401/13006743/","東京都新宿区西新宿1-4-20","1600023","35.69307813788155","139.69872428338977","03-3348-9109","月・火・水・木・金・土 17:00 - 23:30 L.O. 23:00 日 17:00 - 23:00 L.O. 22:30","","72席 （1F：10席、2F：62席）","無","全席喫煙可 2020年4月1日より受動喫煙対策に関する法律(改正健康増進法）が施行されており、最新の情報と異なる場合がございますので、ご来店前に店舗にご確認ください。","予約可","","無","新宿西口駅 D2、D4出口 徒歩0分 新宿駅 西口 徒歩2分 丸の内線 新宿駅 西口 徒歩1分 新宿西口駅から67m","https://tblg.k-img.com/restaurant/images/Rvw/121550/640x640_rect_121550224.jpg","初台SC"
"西光亭","3.55","263","9417","洋菓子","代々木上原駅","-","\2,000～\2,999","https://tabelog.com/tokyo/A1318/A131811/13001834/","東京都渋谷区上原2-30-3","1510064","35.66398058869959","139.68044018427045","03-3468-2178","11:00 - 18:00","","","無","全席禁煙","予約不可","","無","井の頭線 駒場東大前駅 小田急線 代々木上原駅 小田急線 東北沢駅 代々木上原駅から563m","https://tblg.k-img.com/restaurant/images/Rvw/362457/640x640_rect_4be5ed6506772a3196c701e3e400ab53.jpg","初台SC"
"コンテナ","3.55","250","25137","カフェ/ケーキ/スイーツ","新宿三丁目駅","-","\1,000～\1,999","https://tabelog.com/tokyo/A1304/A130401/13101984/","東京都新宿区新宿3-8-5 中川ビル 3F","1600022","35.69080563788548","139.7064938833614","","火・水・金 11:00 - 17:00 土・祝日 12:00 - 17:00 月・木・日","","14席 （テーブル12席 カウンター2席）","無","全席禁煙","予約不可","","無","都営線【新宿三丁目駅】C5出口より徒歩1分き C5出口から焼肉屋「長春館」の左脇道を入ると最初の十字路を右(ファミマがある十字路) 左手に東急ステイホテルの入口が目印。その向かいのビル3階。階段の入口に看板置いております。 新宿三丁目駅から144m","https://tblg.k-img.com/restaurant/images/Rvw/174562/640x640_rect_6077dc4d715c0aa2eacf629f7c8a8e8a.jpg","初台SC"
"ル ショコラ ドゥ アッシュ 渋谷ヒカリエ ShinQs 東横のれん街店","3.55","250","9746","チョコレート/ソフトクリーム","渋谷駅","\1,000～\1,999","-","https://tabelog.com/tokyo/A1303/A130301/13140635/","東京都渋谷区渋谷2-21-1 渋谷ヒカリエ ShinQs B2F","1500002","35.65881645871015","139.70330319420228","03-5468-3167","月・火・水・木・金・土 11:00 - 21:00 日・祝日 11:00 - 20:00","不定休","","無","全席禁煙","予約不可","","有 渋谷ヒカリエおよび提携施設［渋谷ストリーム・渋谷スクランブルスクエア・渋谷フクラス・渋谷サクラステージ］の駐車場が利用可能。左記施設でのお買い上げ金額を合算し、合計金額に応じて駐車場無料サービスあり。","渋谷ヒカリエ ShinQs（シンクス） 東横のれん街 地下２階に立地（渋谷駅直結） ＝渋谷ヒカリエ（Shibuya Hikarie）へのアクセス＝ 【鉄道利用】 ・JR山手線・埼京線・湘南新宿ライン／京王井の頭線 「渋谷駅」と２階連絡通路で直結 ・東京メトロ銀座線 「渋谷駅」と１階で直結 ・東急東横線・田園都市線／東京メトロ半蔵門線・副都心線 「渋谷駅」B5出口と直結 渋谷駅から175m","https://tblg.k-img.com/restaurant/images/Rvw/124531/640x640_rect_124531765.jpg","初台SC"
"鮨 逅","3.55","238","17135","寿司","渋谷駅","\15,000～\19,999","\3,000～\3,999","https://tabelog.com/tokyo/A1303/A130301/13286592/","東京都渋谷区渋谷1-9-5 高橋ビル B1F","1500002","35.6603428387096","139.70463948421676","03-6800-8693","月・火・木・祝日・祝前日・祝後日 17:00 - 23:00 水・金・土 11:00 - 13:30 17:00 - 23:00 日","","8席","無","全席禁煙","予約可","","無 近隣にコインパーキングあり","渋谷駅ー徒歩5分 渋谷駅から329m","https://tblg.k-img.com/restaurant/images/Rvw/337961/640x640_rect_f2baddacb3f6a9feccf44fedfab70ec7.jpg","初台SC"
"神山","3.55","224","21369","そば","神泉駅","\6,000～\7,999","-","https://tabelog.com/tokyo/A1303/A130301/13022696/","東京都渋谷区神山町10-8","1500047","35.663369200382576","139.69479691104004","03-3460-0088","月・火・水・木・金 12:00 - 14:00 17:30 - 21:30 L.O. 21:00 土 12:00 - 20:00 日・祝日","","20席 （テーブル12、半個室2、個室6）","有 （2人可、6人可） 個室料金10％ 半個室有り","全席禁煙","予約可","","無","「渋谷」駅から徒歩１２分。 神泉駅から684m","https://tblg.k-img.com/restaurant/images/Rvw/198976/640x640_rect_01eb6912c15bc049765f59f7c007dc16.jpg","初台SC"
"リトルナップ コーヒーロースターズ","3.55","216","11824","コーヒースタンド","代々木八幡駅","～\999","～\999","https://tabelog.com/tokyo/A1318/A131810/13208059/","東京都渋谷区富ヶ谷2-43-15","1510063","35.667753878698996","139.68609387430462","03-5738-8045","月・火・水・木・金 09:00 - 18:00 土・日 09:00 - 19:00 営業時間・","","20席","無","全席禁煙","予約不可","","無","代々木八幡駅から375m","https://tblg.k-img.com/restaurant/images/Rvw/367276/640x640_rect_8dd4584856ba66b9b7fc129fb8d072c0.jpg","初台SC"
"あずきとこおり","3.55","212","17713","かき氷","南新宿駅","\3,000～\3,999","-","https://tabelog.com/tokyo/A1318/A131810/13267768/","東京都渋谷区代々木1-46-2 グランデュオ代々木 1F","1510053","35.68227003788793","139.69721468328166","","月・火・木・金・土・日 11:00 - 19:00 水","","7席 （予約6席、ウォークイン（予約不要）1席）","無","全席禁煙","予約可","","無","南新宿駅から194m","https://tblg.k-img.com/restaurant/images/Rvw/223373/640x640_rect_9eb9945de237cea1e149f35c5696d687.jpg","初台SC"
"DIMLIGHT ESPRESSO","3.55","212","7127","カフェ","南新宿駅","-","\1,000～\1,999","https://tabelog.com/tokyo/A1318/A131810/13259554/","東京都渋谷区代々木1-42-6","1510053","35.68240593788864","139.69966208328134","03-5350-6220","月・火・水・木・金・土・日・祝日 09:00 - 18:00 営業時間・","","","無","全席禁煙","予約不可","","無","南新宿駅から153m","https://tblg.k-img.com/restaurant/images/Rvw/253150/640x640_rect_5acdf5659396817ad54ac64a847b90f1.jpg","初台SC"
"カリカリスパイス","3.55","201","8963","カレー/バー","神泉駅","\2,000～\2,999","\1,000～\1,999","https://tabelog.com/tokyo/A1303/A130301/13242616/","東京都渋谷区神泉町7-8 リラプレイス渋谷 1F","1500045","35.6558254379035","139.6933293830173","03-6754-8113","月・火・水・木・金 11:30 - 15:00 L.O. 14:30 18:00 - 21:00 L.O. 20:30 土 13:00 - 20:00 L.O. 19:30 日","土祝","15席 （カウンターのみ）","無","全席禁煙","予約不可","","無 近隣にコインパーキング有り","京王井の頭線【神泉駅】徒歩３分 東京メトロ半蔵門線、東急田園都市線【渋谷駅】徒歩８分 ＪＲ山手線・埼京線【渋谷駅】徒歩11分 神泉駅から164m","https://tblg.k-img.com/restaurant/images/Rvw/350805/640x640_rect_7157a606e24a78ebd423a075385e6774.jpg","初台SC"
"どろ山 新宿","3.55","196","10367","焼き鳥/しゃぶしゃぶ/鳥料理","新宿御苑前駅","\6,000～\7,999","-","https://tabelog.com/tokyo/A1304/A130402/13268169/","東京都新宿区新宿2-15-29 jackビル 1F","1600022","35.690587737886695","139.70987898335682","03-5341-4069","火・水・木・土・祝後日 17:00 - 23:30 L.O. 23:00 金・祝前日 17:00 - 23:30 L.O. 料理23:00 ドリンク23:30 月・日・祝日","","27席","無","全席禁煙","予約可","","無","新宿三丁目駅(丸の内、都営新宿、副都心) C5かC6(EV)出口から、徒歩3.4分 新宿御苑前駅(丸の内) 新宿門方面改札 出口1 新宿一丁目方面改札 出口3 共に徒歩2.3分 新宿御苑前駅から232m","https://tblg.k-img.com/restaurant/images/Rvw/287568/640x640_rect_78cb763589f55882d618e659a5e6cea1.jpg","初台SC"
"メゾン ランドゥメンヌ 新宿伊勢丹","3.55","195","5784","パン","新宿三丁目駅","\1,000～\1,999","-","https://tabelog.com/tokyo/A1304/A130401/13255776/","東京都新宿区新宿3-14-1 伊勢丹新宿店本館 B1F","1600022","35.6915681186897","139.70439727453234","03-3352-1111","10:00 - 20:00","","","無","全席禁煙","予約不可","","有","新宿三丁目駅から91m","https://tblg.k-img.com/restaurant/images/Rvw/226803/640x640_rect_debf644268071decf1eacdf55d459ae7.jpg","初台SC"
"原始焼 火鉢","3.55","188","12754","日本料理/海鮮/日本酒バー","新宿西口駅","\10,000～\14,999","-","https://tabelog.com/tokyo/A1304/A130401/13251604/","東京都新宿区西新宿7-9-13 石川ビル 2F","1600023","35.69496943788027","139.69843548340907","03-6380-2238","17:00 - 23:00 L.O. ドリンク22:30","日曜日","32席 （完全個室4席、カウンター12席、テーブル2席）","有 （2人可、4人可、6人可、8人可） 8名様以上のご予約はお電話ください。 席数に限りがある為１ヶ月以上先のご予約がおすすめです。","全席禁煙","予約可","","無","JR新宿駅西口から徒歩5分。 大江戸線新宿西口駅から徒歩3分。 小滝橋通りを大久保方面にまっすぐお進みください。 大通り沿いビルの２階です。 新宿西口駅から165m 新宿西口駅から166m","https://tblg.k-img.com/restaurant/images/Rvw/187712/640x640_rect_cee580a65f73b858435cdea35ff3f41f.jpg","初台SC"
"Columbia8 新宿南口店","3.55","187","7034","カレー","代々木駅","\1,000～\1,999","\1,000～\1,999","https://tabelog.com/tokyo/A1304/A130403/13302163/","東京都渋谷区千駄ヶ谷5-32-5","1510051","35.68616322869288","139.7036100044783","03-5944-0304","月・火・木・金 11:00 - 14:30 17:30 - 21:30 水 11:00 - 14:30 土 11:00 - 16:30 日","","17席 （カウンター7席 4人テーブル2卓 2人テーブル1卓）","無","全席禁煙","予約不可","","無 近隣にコインパーキングあり","代々木駅から288m","https://tblg.k-img.com/restaurant/images/Rvw/358809/640x640_rect_d1a1e0edc58ff3fde29e31aae8b8285c.jpg","初台SC"
"COFFEE COUNTY TOKYO","3.55","164","8180","カフェ","池ノ上駅","\1,000～\1,999","-","https://tabelog.com/tokyo/A1318/A131801/13286911/","東京都世田谷区北沢1-30-3 ホーメンス北沢 1F","1550031","35.66243529559418","139.6722652141827","03-5790-9909","火・水・木・金・土・日 08:30 - 18:00 月","","10席 （丸い小テーブル5卓、丸椅子5個、ベンチ）","無","","予約不可","","無","池ノ上駅から243m","https://tblg.k-img.com/restaurant/images/Rvw/358148/640x640_rect_aacaa653d3461b56308c6f5ebad32061.jpg","初台SC"
"MAISON CINQUANTECINQ","3.55","161","25761","ビストロ/フレンチ/ワインバー","代々木上原駅","\10,000～\14,999","\5,000～\5,999","https://tabelog.com/tokyo/A1318/A131811/13277727/","東京都渋谷区西原3-12-14 西原ビル 1F","1510066","35.669136837890626","139.67940168316153","03-5738-8068","月・火・木・金・祝前日・祝後日 12:00 - 15:00 L.O. 料理13:30 ドリンク14:30 18:00 - 22:30 L.O. 料理20:00 ドリンク21:30 土・日・祝日 12:","","28席 （カウンター10席、テーブル５席、ビッグテーブル１個（８席））","無","全席禁煙","予約可","","無","小田急線または千代田線 代々木上原駅西口から徒歩1分 代々木上原駅から30m","https://tblg.k-img.com/restaurant/images/Rvw/223748/640x640_rect_776cf4c5e594a7fc5869d83c22dcd52b.jpg","初台SC"
"喫茶 一房","3.55","149","8224","喫茶店","下北沢駅","\1,000～\1,999","\2,000～\2,999","https://tabelog.com/tokyo/A1318/A131802/13283909/","東京都世田谷区北沢2-21-26 2F","1550031","35.66030958891451","139.66649940201535","","月・火・水・木・金・土・日・祝日 13:00 - 20:00 L.O. 19:30 営業時間・","","7席 （カウンター 5席テーブル 1つ（2-3人用））","無","全席禁煙","予約不可","","無","下北沢南西口徒歩2分 下北沢駅から145m","https://tblg.k-img.com/restaurant/images/Rvw/204950/640x640_rect_e1cfba3b15667b0f6b73c922d4777604.jpg","初台SC"
"Modern Thai CIEL 北参道","3.55","144","11605","タイ料理","北参道駅","\8,000～\9,999","\2,000～\2,999","https://tabelog.com/tokyo/A1304/A130403/13294182/","東京都渋谷区千駄ヶ谷4-22-4","1510051","35.68024006955464","139.7059049761338","050-1809-9003","月・日 11:00 - 14:00 17:00 - 21:30 火 17:00 - 21:30 木・金・土 17:00 - 23:00 L.O. 料理21:30 水","","22席 （テーブル17席 カウンター5席）","無","全席禁煙","予約可","アジア・エスニック 百名店 2026","無 近隣にコインパーキングあり","副都心線 北参道駅 徒歩3分 JR代々木駅 徒歩７分 JR千駄ヶ谷駅 徒歩8分 北参道駅から211m","https://tblg.k-img.com/restaurant/images/Rvw/260700/640x640_rect_b34ed58d5c7f4e7c12f636a28b9ae466.jpg","初台SC"
"リストランテ ルーチェ","3.55","142","8546","イタリアン/パスタ/ピザ","東北沢駅","\5,000～\5,999","\2,000～\2,999","https://tabelog.com/tokyo/A1318/A131811/13282734/","東京都渋谷区大山町19-10 フローリッシュK 1F","1510065","35.66889043788873","139.6729651831635","03-5738-8788","火・水・木・金・土・日 11:00 - 15:00 L.O. 14:30 17:00 - 22:00 L.O. 21:00 月","月曜日","29席 （テーブル25席、カウンター4席）","無","全席禁煙","予約可","","無 提携はしておりませんが近隣に小型駐車場多数有り","【電車】 【小田急線 東北沢駅徒歩６分】 東口改札を出てロータリー前にある中野通りを左折し まっすぐ進むと大山町の交差点がございます 交差点から見て右斜めにございます。 【小田急線 代々木上原駅徒歩１０分】 北口１出口を降りて住宅街を通るのはややこしいので 井の頭通りに出たら右にまっすぐ大山町の交差点まで歩くとわかりやすいです。 途中東京ジャーミィが左手に見えます。 【京王線 笹塚駅徒歩１０分】 改札を出て右（南口）にまたすぐ右に行くとカレー屋さんや シュークリーム屋さんがあるのでその前の緑道遊歩道を10分ぐらい歩くと 中野通りに出ます。 中野通りに出たら右に歩くと大山町の交差点がございます。 【タクシー】 「渋谷の大山町の交差点まで」と言えば連れて行ってくれます。 イタリアの国旗が目印です。 東北沢駅から384m","https://tblg.k-img.com/restaurant/images/Rvw/200868/640x640_rect_2fd11cf966a7024dfef4b6ad40cc93d3.jpg","初台SC"
"BRAMASOLE","3.55","141","16501","イタリアン/ワインバー","外苑前駅","\10,000～\14,999","\3,000～\3,999","https://tabelog.com/tokyo/A1306/A130603/13228890/","東京都渋谷区神宮前3-42-5 スピナッチヒル 1F","1500001","35.67101493790037","139.71378548315636","03-6434-0615","月 17:30 - 23:00 L.O. 料理21:30 火・水・木・金 11:30 - 14:00 L.O. 料理13:00 17:30 - 23:00 L.O. 料理21:30 土・祝日 11:3","祝日","18席","無","全席禁煙","予約可","","無","銀座線外苑前駅 3番出口より徒歩7分 表参道から徒歩10分 外苑前駅から370m","https://tblg.k-img.com/restaurant/images/Rvw/305175/640x640_rect_135e8585dac40481349bbe7d992c5501.jpg","初台SC"
"鮨 あい澤","3.55","112","9930","寿司","神泉駅","\20,000～\29,999","-","https://tabelog.com/tokyo/A1303/A130301/13125379/","東京都渋谷区宇田川町42-15 中島ビル　1F","1500042","35.663154758704785","139.69508591425185","03-5784-3309","","月曜日","13席 （カウンター9席、小上がり4席）","有 （2人可、4人可）","全席禁煙","予約可","","有 近くにコインパーキングがあります。","ＪＲ渋谷駅 ハチ公口 徒歩9分 京王井の頭線渋谷駅 徒歩7分 神泉駅から670m 神泉駅から665m","https://tblg.k-img.com/restaurant/images/Rvw/309671/640x640_rect_bd0a56a29176d79ecca3ea2dfb03575a.jpg","初台SC"
"炭火マルイチ 本店","3.55","96","6096","焼肉/ホルモン","幡ケ谷駅","\6,000～\7,999","-","https://tabelog.com/tokyo/A1318/A131807/13183281/","東京都渋谷区西原2-31-7 内藤ビル 2F","1510066","35.67600049869098","139.67736391439405","03-3466-0029","水・木 18:00 - 01:00 L.O. 23:50 金 18:00 - 02:00 L.O. 00:50 土 17:30 - 02:00 L.O. 00:50 日・祝日 17:30 - 00:0","月曜日","","無","全席禁煙","予約可","","無","代々木上原から徒歩１５分 幡ケ谷駅から147m","https://tblg.k-img.com/restaurant/images/Rvw/320301/640x640_rect_9d99164ab1d0ef3a57fa801cedf8b98c.jpg","初台SC"
"三漁洞","3.55","82","14323","日本料理/海鮮","渋谷駅","\4,000～\4,999","-","https://tabelog.com/tokyo/A1303/A130301/13007243/","東京都渋谷区桜丘町25-18 NT渋谷ビル 1F","1500031","35.656925218710484","139.70057908418508","03-3461-3344","月・火・水・木・金・土 16:00 - 23:30 L.O. 22:30 日・祝日","","45席","無","全席禁煙","予約可","","無","ＪＲ山手線・埼京線【渋谷駅】南口 徒歩２分 東京メトロ銀座線・半蔵門線、東急田園都市線【渋谷駅】徒歩４分 京王井の頭線【渋谷駅】西口 徒歩５分 東京メトロ副都心線、東急東横線【渋谷駅】徒歩７分 渋谷駅から244m","https://tblg.k-img.com/restaurant/images/Rvw/364833/640x640_rect_586ba4f395536632fd98bd65e81bae02.jpg","初台SC"
"すっぽん料理 田吾作","3.55","72","7872","すっぽん/鍋","駒場東大前駅","\15,000～\19,999","-","https://tabelog.com/tokyo/A1318/A131801/13039237/","東京都渋谷区富ヶ谷2-12-15 井上ビル","1510063","35.66422253789566","139.6854338831076","03-3485-0988","月・火・水・木・金 18:00 - 22:00 土・日・祝日","","（カウンター７席、お座敷2部屋（４～６人））","有 （4人可）","全席禁煙","予約可","","無","小田急線代々木八幡駅 徒歩15分 京王井の頭線駒場東大前 徒歩15分 渋谷駅より東北沢駅行きバス「二つ橋」より 徒歩５分 駒場東大前駅から621m","https://tblg.k-img.com/restaurant/images/Rvw/122273/640x640_rect_122273518.jpg","初台SC"
"らぁ麺 はやし田 新宿本店","3.54","3885","101578","ラーメン/つけ麺/汁なし担々麺","新宿三丁目駅","～\999","～\999","https://tabelog.com/tokyo/A1304/A130401/13216496/","東京都新宿区新宿3-31-5 新宿ペガサス館 1F","1600022","35.690738268690026","139.70375896452438","03-6380-0047","11:00 - 23:00","無休","16席 （カウンター16席）","無","全席禁煙","予約不可","ラーメン 百名店 2020","無","東京メトロ 丸ノ内線・副都心線「新宿三丁目駅」A5出口より徒歩1分 都営地下鉄「新宿三丁目駅」A5出口より徒歩1分 JR埼京線・湘南新宿ライン・中央・総武線各駅(停車)・中央線(快速)・山手線「新宿駅」中央東口より徒歩3分 京王線「新宿駅」京王西口より徒歩10分 小田急線「新宿駅」西口より徒歩10分 新宿三丁目駅から104m","https://tblg.k-img.com/restaurant/images/Rvw/118512/640x640_rect_118512642.jpg","初台SC"
"裏の山の木の子 渋谷","3.54","1369","62291","火鍋/中華料理/薬膳","渋谷駅","\6,000～\7,999","\3,000～\3,999","https://tabelog.com/tokyo/A1303/A130301/13264830/","東京都渋谷区道玄坂1-3-11 一番ビル 2F","1500043","35.65827763790396","139.69965198303763","050-1720-6425","月・火・水・木・金 17:00 - 23:00 L.O. 料理22:00 ドリンク22:30 土・日・祝日 11:00 - 15:00 L.O. 料理14:00 ドリンク14:15 17:00 - 2","","64席","無","全席禁煙","予約可","","無","渋谷駅 徒歩3分 渋谷駅から177m","https://tblg.k-img.com/restaurant/images/Rvw/224093/640x640_rect_6088be94a2ec3df1658b9bdc14d9848e.jpg","初台SC"
"新宿うな鐵 本店","3.54","1328","44789","うなぎ/日本料理/居酒屋","西武新宿駅","\8,000～\9,999","\5,000～\5,999","https://tabelog.com/tokyo/A1304/A130401/13010956/","東京都新宿区歌舞伎町1-11-2","1600021","35.694664263189374","139.7026609197632","03-3200-5381","月・火・水・木・金・土・日・祝日・祝前日・祝後日 10:00 - 23:30 L.O. 23:00","","60席 （一階カウンター7席/2階・３階テーブル席）","無","全席禁煙","予約可","","無 近くの有料駐車場：新宿東宝ビル159台収容、ほか","西武新宿線「西武新宿駅」より、徒歩2分 東京メトロ 丸ノ内線「新宿駅」B13出口より、徒歩3分 都営地下鉄 大江戸線「新宿西口駅」D3出口より、徒歩3分 JR埼京線・湘南新宿ライン・中央・総武線各駅(停車)・中央線(快速)・山手線「新宿駅」東口より、徒歩4分 京王線「新宿駅」京王西口より、徒歩5分 小田急線「新宿駅」西口より、徒歩5分 西武新宿駅から285m","https://tblg.k-img.com/restaurant/images/Rvw/352455/640x640_rect_7e64e02ee4a40ead50231b42c1d0bf44.jpg","初台SC"
"チャオバンブー","3.54","1279","65449","タイ料理/ベトナム料理/インドネシア料理","明治神宮前駅","\2,000～\2,999","\1,000～\1,999","https://tabelog.com/tokyo/A1306/A130602/13009408/","東京都渋谷区神宮前6-1-5","1500001","35.66746912870558","139.70620658428763","03-5466-4787","月・火・水・木・金・土・日 11:00 - 22:00 L.O. 21:00 祝日","","30席","無","全席禁煙","予約不可","","無","東京メトロ千代田線・副都心線【明治神宮前駅】エレベーター口 徒歩３分 東京メトロ銀座線・千代田線【表参道駅】徒歩７分 ＪＲ山手線【原宿駅】徒歩７分 明治神宮前駅から158m","https://tblg.k-img.com/restaurant/images/Rvw/290080/640x640_rect_6fc487da9bdd58e5f186cb6e20a3b1f7.jpg","初台SC"
"讃岐うどん大使 東京麺通団","3.54","1196","31685","うどん/日本酒バー/居酒屋","新宿西口駅","\1,000～\1,999","～\999","https://tabelog.com/tokyo/A1304/A130401/13004352/","東京都新宿区西新宿7-9-15 ダイカンプラザ　ビジネス清田ビル１Ｆ","1600023","35.69479666868568","139.6982009045693","03-5389-1077","月・土・祝日・祝前日 11:00 - 23:00 L.O. 22:30 火・水・木・金 11:00 - 16:30 L.O. 16:00 18:00 - 23:00 L.O. 22:30 日・祝後日 ","","50席","無","全席禁煙 入口喫煙スペース有り","予約可","","無","JR新宿駅徒歩5分 西武新宿駅徒歩4分 新宿西口駅から158m","https://tblg.k-img.com/restaurant/images/Rvw/326223/640x640_rect_7fe8bbc77736a15ecfd39499d5da5cfc.jpg","初台SC"
"バルバッコア 青山本店","3.54","1130","58414","シュラスコ/ブラジル料理/ビュッフェ","表参道駅","\8,000～\9,999","\6,000～\7,999","https://tabelog.com/tokyo/A1306/A130602/13003475/","東京都渋谷区神宮前4-3-2 ＴＯＫＹＵ　ＲＥＩＴ表参道スクエア　Ｂ１Ｆ","1500001","35.66686733790215","139.71107808311638","050-1807-6725","月・火・水・木・金 11:30 - 15:00 L.O. 料理14:30 17:30 - 22:00 L.O. 料理21:30 土・日・祝日 11:00 - 15:30 L.O. 料理15:00 17","","174席 （20～50名様など団体様はお電話にてご相談承ります。）","無","全席禁煙","予約可","","無 近隣にコインパーキングあり","地下鉄半蔵門線表参道駅 徒歩5分 地下鉄千代田線表参道駅 徒歩5分 地下鉄銀座線表参道駅 徒歩5分 表参道駅から229m","https://tblg.k-img.com/restaurant/images/Rvw/352278/640x640_rect_77abe9193ec10d19b554582b5dbd4029.jpg","初台SC"
"らあめん渋英","3.54","980","21127","ラーメン/つけ麺/餃子","渋谷駅","\1,000～\1,999","\1,000～\1,999","https://tabelog.com/tokyo/A1303/A130301/13073252/","東京都渋谷区道玄坂2-4-5","1500043","35.65898581870883","139.6994867342067","03-3770-7671","月・火・水・木・日 10:00 - 04:00 金 10:00 - 00:00 土 24時間営業","","23席 （カウンター*8、テーブル*15）","無","全席禁煙","予約可","","無 ご予約時間に合わせて予約できる駐車場（当店での割引はございません）が周辺にあります。詳細は下段ツイッターでご覧下さい。","全線渋谷駅A1、A4、A5b出口徒歩1分 マークシティから徒歩10秒 渋谷駅から172m","https://tblg.k-img.com/restaurant/images/Rvw/296446/640x640_rect_ac3f4bd21df83859e4c4a5a633f21053.jpg","初台SC"
"天馬 青山店","3.54","904","28483","カレー/スープカレー/パン","表参道駅","\1,000～\1,999","\1,000～\1,999","https://tabelog.com/tokyo/A1306/A130602/13174013/","東京都港区南青山3-8-40 青山センタービル 1F","1070062","35.66768983870828","139.71509599428362","03-6434-0590","月・火・水・木・金・土・日・祝日 11:00 - 22:00 営業時間・","","15席","無","全席禁煙","予約不可","","無","東京メトロ銀座線・千代田線・半蔵門線【表参道駅】徒歩５分 東京メトロ銀座線【外苑前駅】徒歩５分 表参道駅から364m","https://tblg.k-img.com/restaurant/images/Rvw/165451/640x640_rect_29772508cff1d0cd640b5036fab1b6c2.jpg","初台SC"
"もつ焼き ウッチャン 新宿思い出横丁","3.54","887","53172","もつ焼き/居酒屋","新宿西口駅","\3,000～\3,999","\1,000～\1,999","https://tabelog.com/tokyo/A1304/A130401/13059673/","東京都新宿区西新宿1-2-7 穂波ビル","1600023","35.693033737881855","139.69955388338875","03-5909-5890","16:00 - 23:00 L.O. 22:00","なし","25席","無","全席禁煙","予約不可","","無","最寄駅：新宿 新宿西口駅から72m","https://tblg.k-img.com/restaurant/images/Rvw/74053/640x640_rect_74053465.jpg","初台SC"
"サウィ食堂 新大久保2号店","3.54","819","30466","韓国料理/肉料理/居酒屋","新大久保駅","\2,000～\2,999","\2,000～\2,999","https://tabelog.com/tokyo/A1304/A130404/13301360/","東京都新宿区大久保1-15-8 大久保1丁目ビル","1690072","35.70029241482905","139.70331258793144","03-6457-3636","月・火・水・木・金・土・日・祝日・祝前日・祝後日 10:30 - 23:00 L.O. 料理22:00 ドリンク22:30","","38席","無","全席禁煙","予約可","","無 近隣にコインパーキングあり","ＪＲ新大久保駅出口より徒歩約5分/西武新宿線西武新宿駅北口より徒歩約9分 新大久保駅から284m","https://tblg.k-img.com/restaurant/images/Rvw/265853/640x640_rect_dc67606e40f3ac8b513f680153c35362.jpg","初台SC"
"Oysterbar&Wine BELON 渋谷店","3.54","791","56186","イタリアン/オイスターバー/ダイニングバー","神泉駅","\5,000～\5,999","\1,000～\1,999","https://tabelog.com/tokyo/A1303/A130301/13115517/","東京都渋谷区道玄坂1-17-2 第2野々ビル 1F","1500043","35.65701323790401","139.69727468302654","03-6427-8288","月・火・水・木・金 11:30 - 14:30 L.O. 14:00 17:00 - 22:30 L.O. 21:30 土・日・祝日 12:00 - 14:30 L.O. 14:00 17:00 - ","","27席","無 個室はございません。 4名?５名様向けのBOX席あり","全席禁煙","予約可","","無 近隣にコインパーキング有り","京王線「渋谷」駅徒歩4分 東急東横線「渋谷」駅徒歩5分 京王線「神泉」駅徒歩5分 ＪＲ「渋谷」駅徒歩6分 渋谷駅方面から渋谷マークシティー４階飲食フロアを直進して頂き、突き当たり出口自動ドアを出ましたら左折、路地に出ましたら右折（角にナチュラルローソン）、一つ目のT字路を左折して頂くと右手に当店がございます。 ご不明な際はお気軽にお問い合わせ下さいませ。 神泉駅から334m","https://tblg.k-img.com/restaurant/images/Rvw/64587/640x640_rect_64587968.jpg","初台SC"
"但馬屋珈琲店 本店","3.54","791","28981","喫茶店/カフェ/スイーツ","新宿西口駅","-","～\999","https://tabelog.com/tokyo/A1304/A130401/13000747/","東京都新宿区西新宿1-2-6 1F・2F","1600023","35.6926829386875","139.69971872454687","03-3342-0881","10:00 - 23:00 営業時間・","","","無","全席喫煙可 2020年4月1日より受動喫煙対策に関する法律(改正健康増進法）が施行されており、最新の情報と異なる場合がございますので、ご来店前に店舗にご確認ください。","予約不可","","無","東京メトロ丸ノ内線【新宿駅】徒歩２分 ＪＲ中央線ほか【新宿駅】西口 徒歩３分 都営地下鉄大江戸線【新宿西口駅】徒歩３分 新宿西口駅から113m","https://tblg.k-img.com/restaurant/images/Rvw/149050/640x640_rect_149050985.jpg","初台SC"
"鶏そば みた葉","3.54","789","23445","ラーメン/つけ麺/油そば・まぜそば","西武新宿駅","～\999","-","https://tabelog.com/tokyo/A1304/A130401/13221811/","東京都新宿区歌舞伎町1-3-16 東金ビル 1Ｆ","1600021","35.694476637882325","139.7039225834003","03-6876-2456","月・火・水・木・金・土・日・祝日・祝前日・祝後日 11:30 - 06:00 L.O. 05:45","なし","16席","無","全席禁煙","予約不可","","無 近隣にコインパーキングあり","・新宿駅徒歩5分 ・西武新宿駅徒歩5分 ※区役所通りパセラの隣です。 新宿区役所から徒歩1分。 西武新宿駅から393m","https://tblg.k-img.com/restaurant/images/Rvw/124284/640x640_rect_124284674.jpg","初台SC"
"バーン・タム","3.54","784","44144","タイ料理/カレー","東新宿駅","\2,000～\2,999","\1,000～\1,999","https://tabelog.com/tokyo/A1304/A130404/13198074/","東京都新宿区大久保2-19-1 セントラル大久保ビル B1F","1690072","35.701455237878186","139.70483088347012","03-3205-5661","月・火・水・木・金・土・日・祝日・祝前日・祝後日 11:00 - 15:00 L.O. 14:30 17:00 - 23:00 L.O. 22:30","","21席","無","全席禁煙","予約可","アジア・エスニック 百名店 2024","無 近隣にコインパークあり","東京メトロ副都心線【東新宿駅】徒歩５分 ＪＲ山手線【新大久保駅】徒歩６分 ＪＲ中央線【大久保駅】徒歩10分 セントラル大久保ビルの地下1階にあります！ 新大久保駅から420m","https://tblg.k-img.com/restaurant/images/Rvw/277055/640x640_rect_4b69bc4f819d7de949504346027b9b1f.jpg","初台SC"
"spice kitchen moona","3.54","739","39598","アジア・エスニック/カレー/バル","下北沢駅","\2,000～\2,999","\1,000～\1,999","https://tabelog.com/tokyo/A1318/A131802/13048166/","東京都世田谷区北沢2-12-13 細沢ビル 5F","1550031","35.66096460869764","139.66830581424853","03-3411-0607","火・水・木・金 11:30 - 15:00 L.O. 14:30 18:00 - 22:00 L.O. 21:00 土・日・祝日 11:30 - 15:30 L.O. 15:00 18:00 - 22","","21席 （カウンター5席、テーブル16席）","無","全席禁煙","予約可","アジア・エスニック 百名店 2024 / カレー 百名店 2020","無 近隣にコインパーキングあり","下北沢駅南口徒歩1分 下北沢駅から118m","https://tblg.k-img.com/restaurant/images/Rvw/168368/640x640_rect_250c7a2f0e3593d351701112ce2acf33.jpg","初台SC"
"九月堂","3.54","732","25312","ラーメン/つけ麺/カフェ","渋谷駅","\1,000～\1,999","～\999","https://tabelog.com/tokyo/A1303/A130301/13096372/","東京都渋谷区神南1-15-12 佐藤ビル2F","1500041","35.663888337900296","139.69939628309447","03-6327-4056","月・火・水・木・金・土・日・祝日・祝前日・祝後日 11:00 - 21:00","","19席 （カウンター7席、テーブル3卓×各2席、テーブル1卓×4席、ソファー席）","無","全席禁煙","予約可","","無 近くに渋谷区役所下地下駐車場あります","渋谷駅から徒歩７分?８分 渋谷駅から569m","https://tblg.k-img.com/restaurant/images/Rvw/166138/640x640_rect_e8eadf6cfd1055ae246f4582f69c9ece.jpg","初台SC"
"礼華","3.54","700","37863","中華料理/イノベーティブ/ワインバー","新宿御苑前駅","\10,000～\14,999","\4,000～\4,999","https://tabelog.com/tokyo/A1304/A130402/13004304/","東京都新宿区新宿1-3-12 壱丁目参番館　１Ｆ","1600022","35.68781003788917","139.7120989833272","03-5367-8355","月・火・水・木・金・土・日・祝日 11:30 - 15:00 L.O. 料理14:00 ドリンク14:30 17:30 - 22:30 L.O. 料理20:30 ドリンク21:30","","42席 （店内30席（個室4席）、テラス12席(ペット同伴可・屋根付き・暖房付き)）","有 （2人可、4人可、6人可、8人可、10～20人可） 個室料：3～6名 \5000円（税抜） 7～12名 ￥10000円（税抜）","分煙 テラス席のみ電子・加熱式タバコ可 2020年4月1日より受動喫煙対策に関する法律(改正健康増進法）が施行されており、最新の情報と異なる場合がございますので、ご来店前に店舗にご確認ください。","予約可","中国料理 百名店 2023","無","東京メトロ丸ノ内線「新宿御苑前」駅2大木戸門出口徒歩2分 東京メトロ副都心線「新宿三丁目」駅E5出口徒歩10分 JR「新宿」駅南口徒歩15分 新宿御苑前駅から154m","https://tblg.k-img.com/restaurant/images/Rvw/338684/640x640_rect_f2feffda8719684d70e42c447463f048.jpg","初台SC"
"華吉","3.54","618","17053","中華料理/餃子","中野坂上駅","\1,000～\1,999","\1,000～\1,999","https://tabelog.com/tokyo/A1319/A131903/13040836/","東京都中野区本町2-46-1 サンブライトツインＢ１","1640012","35.696786848679416","139.68251711460036","03-3320-0770","月・火・水・木・金 11:00 - 15:30 L.O. 15:15 17:00 - 22:00 L.O. 21:30 土 11:00 - 21:30 L.O. 21:00 日・祝日","","24席","無","全席禁煙 2024年2月24日に禁煙を確認しました。","予約可","","無","東京メトロ 丸ノ内線「中野坂上」よりすぐ。 中野坂上駅から45m","https://tblg.k-img.com/restaurant/images/Rvw/178492/640x640_rect_dc013385b1bf21a0b35453dc4e585e68.jpg","初台SC"
"燗アガリ","3.54","615","80507","ろばた焼き/居酒屋/日本酒バー","西武新宿駅","\5,000～\5,999","-","https://tabelog.com/tokyo/A1304/A130401/13182294/","東京都新宿区西新宿7-16-12 新YSビル 3F","1600023","35.69612983787935","139.69786708342122","03-5338-5337","月・火・水・木 17:00 - 23:00 L.O. 料理22:00 ドリンク22:30 金 17:00 - 23:30 L.O. 料理22:30 ドリンク23:00 土・日・祝日 16:00 - 2","不定休","70席","無","全席禁煙","予約可","","無","JR新宿駅 徒歩9分 丸ノ内線 新宿駅 徒歩8分 丸ノ内線 西新宿駅 徒歩8分 大江戸線 新宿西口駅 徒歩5分 西武新宿駅から202m","https://tblg.k-img.com/restaurant/images/Rvw/186920/640x640_rect_4d2e2adec86b2cd9c33a3d6562c4dd3a.jpg","初台SC"
"昌平ラーメン 新宿西口店","3.54","611","19617","つけ麺/ラーメン/中華料理","西新宿駅","\2,000～\2,999","～\999","https://tabelog.com/tokyo/A1304/A130401/13041214/","東京都新宿区西新宿7-12-4 西新宿昌平ビル","1600023","35.69352003788057","139.69648058339584","03-3371-3429","月・火・水・木・金 11:00 - 23:30 L.O. 23:00 土・祝日 11:00 - 22:30 L.O. 22:00 日","","73席","有 半個室有り","分煙（加熱式たばこ限定） 店舗外に灰皿有り 喫煙可 2020年4月1日より受動喫煙対策に関する法律(改正健康増進法）が施行されており、最新の情報と異なる場合がございますので、ご来店前に店舗にご確認ください。","予約可","","無","西新宿駅のE9出口から徒歩20秒！！ 新宿駅西口より徒歩5分 新宿西口駅から240m","https://tblg.k-img.com/restaurant/images/Rvw/23536/640x640_rect_23536729.jpg","初台SC"
"かかん 富ヶ谷店","3.54","593","48594","中華料理/四川料理","代々木公園駅","\2,000～\2,999","\1,000～\1,999","https://tabelog.com/tokyo/A1318/A131810/13271864/","東京都渋谷区富ヶ谷1-17-3","1510063","35.666458351230226","139.69242309843838","03-6388-0908","月・火・水・木・金・祝前日・祝後日 11:30 - 15:15 L.O. 料理14:30 17:30 - 20:45 L.O. 料理20:00 土・日・祝日 11:00 - 15:15 L.O. 料理","","24席 （テーブル24席）","無","全席禁煙","予約可","","無","東京メトロ千代田線代々木公園駅から徒歩5分 小田急線代々木八幡駅から徒歩7分 JR渋谷駅から徒歩15分 代々木公園駅から300m","https://tblg.k-img.com/restaurant/images/Rvw/345799/640x640_rect_74d97c46c18a69c3f4e898dab71919b2.jpg","初台SC"
"ろばた 翔","3.54","569","89474","海鮮/ろばた焼き/日本酒バー","新宿西口駅","\6,000～\7,999","-","https://tabelog.com/tokyo/A1304/A130401/13144675/","東京都新宿区西新宿1-4-11 宝ビル B1F","1600023","35.69301773788131","139.69781478338982","03-6302-0827","月 17:00 - 00:00 火・水・木・金 17:00 - 00:00 L.O. 料理22:30 ドリンク23:00 土・日・祝日 15:00 - 00:00 L.O. 料理22:30 ドリンク2","","47席 （カウンター13席 テーブル34席）","有 （2人可、4人可） 個室席は掘りごたつの半個室となっております。","全席禁煙 入り口(1F)に喫煙場所有り","予約可","","無","ＪＲ新宿駅 徒歩2分 都営大江戸線新宿西口駅 徒歩2分 地下鉄丸ノ内線新宿駅 徒歩2分 新宿西口駅から135m","https://tblg.k-img.com/restaurant/images/Rvw/258892/640x640_rect_0d6467dcc0f2fb811da62a5d34b7e3b8.jpg","初台SC"
"The Little BAKERY Tokyo","3.54","553","26311","カフェ/パン/ドーナツ","明治神宮前駅","\1,000～\1,999","\1,000～\1,999","https://tabelog.com/tokyo/A1306/A130601/13254959/","東京都渋谷区神宮前6-13-6","1500001","35.66642123790052","139.70506248311608","03-6450-5707","09:00 - 21:00 不定休 1月特別営業日 1/1 休業 1/2 10:00~19:30L.O. 1/3 9:00~19:30L.O. 1/4~通常営業になります 1/13・14・15は休業と","","19席","無","全席禁煙","予約不可","","無","明治神宮前駅4番出口徒歩6分 明治神宮前駅から241m","https://tblg.k-img.com/restaurant/images/Rvw/277037/640x640_rect_56dc9ff8654f4b390f8aef5711693b0f.jpg","初台SC"
"シャンウェイ 本店","3.54","538","41695","四川料理","北参道駅","\6,000～\7,999","～\999","https://tabelog.com/tokyo/A1304/A130403/13263163/","東京都渋谷区千駄ヶ谷4-29-12 北参道ダイヤモンドパレス 1F","1510051","35.68104752869622","139.70387385442643","03-3475-3425","月・火・水・木・金・土 11:30 - 14:30 17:00 - 22:00 日","","30席","無","全席禁煙","予約可","","無 近隣にコインパーキング有り","東京メトロ・北参道駅、JR代々木駅 各徒歩3～5分 北参道駅から336m","https://tblg.k-img.com/restaurant/images/Rvw/365098/640x640_rect_ea509a23a455a43d0252254f35fd35d1.jpg","初台SC"
"The Jones Cafe Bar","3.54","528","36567","カフェ/ワインバー/バル","都庁前駅","\4,000～\4,999","\3,000～\3,999","https://tabelog.com/tokyo/A1304/A130401/13251761/","東京都新宿区西新宿3-4-7 キンプトン新宿東京 1F","1600023","35.685493837884295","139.69216978331775","03-6258-1111","07:00 - 22:00 L.O. 料理21:00","","41席","無","全席禁煙 ホテル内喫煙室をご利用ください","予約不可","","有 機械式40台 15分/250円 詳細は施設HPをご確認ください。","JR新宿駅 南口から徒歩10分 都庁前駅から569m","https://tblg.k-img.com/restaurant/images/Rvw/181049/640x640_rect_bb8538196a4c3a4ded0da3ad72e8b6d0.jpg","初台SC"
"いんでいら 道玄坂店","3.54","518","16399","カレー/インドカレー","渋谷駅","-","\1,000～\1,999","https://tabelog.com/tokyo/A1303/A130301/13035307/","東京都渋谷区道玄坂2-29-8 道玄坂センタービル B1F","1500043","35.659242658708166","139.69794003421035","03-5458-8154","月・火・水・木・金・土・日・祝日 10:00 - 22:00 営業時間・","","13席","無","全席喫煙可 2020年4月1日より受動喫煙対策に関する法律(改正健康増進法）が施行されており、最新の情報と異なる場合がございますので、ご来店前に店舗にご確認ください。","予約不可","","無 近くのコイン・パーキング：道玄坂2-26-1に62台収容、ほか","京王井の頭線【渋谷駅】西口 徒歩２分 東京メトロ半蔵門線、東急田園都市線【渋谷駅】徒歩３分 ＪＲ山手線・埼京線【渋谷駅】ハチ公口 徒歩５分 東京メトロ銀座線【渋谷駅】徒歩６分 東京メトロ副都心線、東急東横線【渋谷駅】徒歩７分 ※地下通路１番出口近く 渋谷駅から313m","https://tblg.k-img.com/restaurant/images/Rvw/72344/640x640_rect_72344053.jpg","初台SC"
"御苑 炉庵","3.54","469","39466","日本料理","新宿御苑前駅","\6,000～\7,999","\1,000～\1,999","https://tabelog.com/tokyo/A1304/A130402/13112529/","東京都新宿区新宿2-9-20 問川ビル 1F","1600022","35.689741637887245","139.70988938334824","03-6273-2135","月・火・水・木・金 11:30 - 14:30 L.O. 14:00 17:30 - 22:45 L.O. 22:00 土 17:30 - 22:45 L.O. 22:00 日・祝日","","48席","有 （4人可） ４名～18名様までご利用いただける 掘りごたつ式のお座敷ございます。 ※囲われたお席で完全な個室ではございません","分煙（加熱式たばこ限定） 夜お座敷のみ／昼は完全禁煙 2020年4月1日より受動喫煙対策に関する法律(改正健康増進法）が施行されており、最新の情報と異なる場合がございますので、ご来店前に店舗にご確認ください。","予約可","","無","東京メトロ丸ノ内線｢新宿御苑前｣駅徒歩1分 都営地下鉄新宿線｢新宿三丁目｣駅徒歩8分 新宿御苑前駅から146m","https://tblg.k-img.com/restaurant/images/Rvw/9296/640x640_rect_9296550.jpg","初台SC"
"VALLEY PARK STAND","3.54","465","20657","カフェ/パン/バー","渋谷駅","\1,000～\1,999","\1,000～\1,999","https://tabelog.com/tokyo/A1303/A130301/13248192/","東京都渋谷区神宮前6-20-10 MIYASHITA PARK North 4F","1500001","35.663292637901485","139.7018837830867","03-6712-5442","08:00 - 22:30 L.O. 22:00","不定休","55席","無","全席禁煙","予約不可","","有 MIYASHITA PARKの駐車場のみ","渋谷駅B1出口より徒歩3分 東京メトロ半蔵門線・副都心線・東急東横線・田園都市線「渋谷駅」徒歩5分 JR山手線・埼京線・湘南新宿ライン・東京メトロ銀座線「渋谷駅」徒歩10分 京王井の頭線「渋谷駅」徒歩12分 東京メトロ千代田線・副都心線「明治神宮前＜原宿＞駅」徒歩9分 渋谷駅から476m","https://tblg.k-img.com/restaurant/images/Rvw/224332/640x640_rect_511182ab14812c91c7ec4fee3c1f95f8.jpg","初台SC"
"魚屋豪椀","3.54","462","56929","居酒屋/海鮮丼/海鮮","渋谷駅","\5,000～\5,999","-","https://tabelog.com/tokyo/A1303/A130301/13059750/","東京都渋谷区宇田川町11-11 柳光ビル　1F","1500042","35.66256213790046","139.6972002830826","03-5728-8408","17:00 - 23:30 L.O. 料理22:30 ドリンク23:00","","33席 （４，５名個室２つ、カウンター10席程度、オープンテーブル席3）","有 （4人可、6人可、8人可、10～20人可） 最大で１６名様までご利用可能。","全席喫煙可 2020年4月1日より受動喫煙対策に関する法律(改正健康増進法）が施行されており、最新の情報と異なる場合がございますので、ご来店前に店舗にご確認ください。","予約可","","無","渋谷駅徒歩7分【東急ハンズそば】 ①センター街から東急ハンズを通り過ぎます。 ②サイゼリアとローソンのビルを背中にして、向かいの小さな上り坂を登ってきてください。 ③その途中、階段手前の右手のお店になります!! 場所が分からない方は、じゃんじゃんお気軽にお店に電話してくださいね！ 渋谷駅から545m","https://tblg.k-img.com/restaurant/images/Rvw/132940/640x640_rect_132940790.jpg","初台SC"
"ニンニクバル にょんにょご","3.54","462","28903","にんにく料理/バル","代々木公園駅","\5,000～\5,999","-","https://tabelog.com/tokyo/A1318/A131810/13291416/","東京都渋谷区神山町7-8 Kビル渋谷 1F","1500047","35.663888538703915","139.69382948426014","03-6407-0525","月・火・水・木 17:30 - 23:00 L.O. 料理22:00 ドリンク22:30 金・土・日・祝日・祝前日・祝後日 17:00 - 23:00 L.O. 料理22:00 ドリンク22:30 6","","40席 （テーブル席、カウンター席、半個室席、テラス席など。）","無","全席禁煙 おタバコは、テラスのお席を喫煙として吸って頂けます。","予約可","","無","※店舗入り口2箇所ございます。西と東の2箇所からご入店できます。 ??渋谷駅から徒歩13分 A2出口から徒歩10分 ??代々木公園駅徒歩10分 1番出口から徒歩11分 ??代々木八幡駅徒歩13分 南口から徒歩11分 代々木公園駅から612m","https://tblg.k-img.com/restaurant/images/Rvw/227646/640x640_rect_a417eacd7ff9c4c87d596bfe78d0afab.jpg","初台SC"
"クオーレ・フォルテ","3.54","447","48480","イタリアン/ワインバー/バル","下北沢駅","\6,000～\7,999","-","https://tabelog.com/tokyo/A1318/A131802/13118674/","東京都世田谷区北沢3-20-2 大成ビル　1F","1550031","35.6632773378911","139.66926418310942","03-6796-3241","月・水・木・金・土・日・祝日 17:00 - 00:00 L.O. 23:00 火","","23席 （カウンター12席 テーブル11席）","無","全席禁煙 以前は分煙でしたが、禁煙になりました。","予約可","","無","下北沢駅より徒歩5分 下北沢駅から274m","https://tblg.k-img.com/restaurant/images/Rvw/280011/640x640_rect_80a5379ac8e5c0fdab577aa25e5376d2.jpg","初台SC"
"モモタイ","3.54","444","24269","タイ料理/ダイニングバー/弁当","新宿三丁目駅","\3,000～\3,999","\1,000～\1,999","https://tabelog.com/tokyo/A1304/A130401/13228974/","東京都新宿区新宿2-16-3 第三宏和ビル 1F","1600022","35.69148628869106","139.7084993545286","03-6384-1266","月 00:00 - 14:00 火・水・木・金・土・日 24時間営業","年中無休","16席 （カウンター4席、テーブル12席）","無","全席禁煙 外に灰皿あり","予約可","","無 近隣にコインパーキングあり","東京メトロ新宿御苑前駅 徒歩11分 1番出口 東京メトロ新宿三丁目駅 徒歩9分 C7出口 都営新宿線新宿三丁目駅 徒歩7分 C7出口 新宿三丁目駅から333m","https://tblg.k-img.com/restaurant/images/Rvw/361705/640x640_rect_9b6a36648862a423f6be8c323d0e7f23.jpg","初台SC"
"鮨 魯山 新宿店","3.54","437","14915","寿司","新宿三丁目駅","\15,000～\19,999","\5,000～\5,999","https://tabelog.com/tokyo/A1304/A130401/13011087/","東京都新宿区新宿3-14-1 伊勢丹新宿店 7F","1600022","35.69148603788447","139.70466788336955","03-3226-0115","月・火・水・木・金 11:00 - 16:00 17:00 - 22:00 L.O. 21:15 土・日・祝日 11:00 - 22:00 L.O. 21:15","","46席 （カウンター16席、テーブル22席、個室8席）","有 （4人可、6人可、8人可） 個室は17:30から4名以上で予約可能。最大8席","全席禁煙","予約可","寿司 百名店 2021","有 伊勢丹駐車場/本館パーキング、パークシティイセタン等利用可","新宿駅徒歩３分 西武新宿駅徒歩６分 新宿三丁目駅から72m","https://tblg.k-img.com/restaurant/images/Rvw/152457/640x640_rect_152457653.jpg","初台SC"
"肉割烹 肉かぶく","3.54","414","18434","牛料理/しゃぶしゃぶ","東新宿駅","\10,000～\14,999","-","https://tabelog.com/tokyo/A1304/A130401/13233105/","東京都新宿区歌舞伎町2-22-1 ホテルシェーナ 2F","1600021","35.69595233788153","139.70434848341486","03-6265-9208","月・火・水・木・金・土・日・祝日・祝前日・祝後日 18:00 - 04:00 L.O. 料理03:30 ドリンク03:45","不定休","40席 （カウンター席も含めた席数です）","有 （2人可、4人可、6人可、8人可、10～20人可） 最大14名様まで可能です","分煙 店の外に喫煙スペースあり 2020年4月1日より受動喫煙対策に関する法律(改正健康増進法）が施行されており、最新の情報と異なる場合がございますので、ご来店前に店舗にご確認ください。","予約可","","無","JR新宿駅 より徒歩5分 都営大江戸線 東京メトロ副都心線 東新宿駅 より徒歩3分 東新宿駅から356m","https://tblg.k-img.com/restaurant/images/Rvw/212219/640x640_rect_ec615dc5b44cc1b8ddfdaf64a115e225.jpg","初台SC"
"YONA YONA BEER WORKS 青山店","3.54","413","20224","ビアホール/バル/居酒屋","表参道駅","\4,000～\4,999","\3,000～\3,999","https://tabelog.com/tokyo/A1306/A130602/13188200/","東京都港区南青山3-18-20 松本ビル B1F","1070062","35.66545843790368","139.71310258310072","050-1808-4915","月・火・水・木・金 16:00 - 23:00 L.O. 料理22:30 土・日・祝日 11:30 - 23:00 L.O. 料理22:30","","51席 （内カウンター11席）","有 （10～20人可） ※完全個室ではございません。（他のお客様とは空間が分けられている半個室となります。） ※15名様以上のご予約でご利用可能です。","全席禁煙 港区では屋外の公共の場所（道路、公園、広場など）では、指定喫煙場所以外での喫煙および吸い殻のポイ捨てが禁止されています","予約可","","無","表参道駅A4出口を出て右に進む→20mほど進み青山通りの交差点を右に曲がる→30mほど進み一番最初の路地（1階が文房具屋さん）のビルの地下1階が当店です。 表参道駅から62m","https://tblg.k-img.com/restaurant/images/Rvw/341242/640x640_rect_844b1cbae62fd8d7dbab09101fbead84.jpg","初台SC"
"ツーピース","3.54","407","38924","居酒屋/海鮮","神泉駅","\6,000～\7,999","-","https://tabelog.com/tokyo/A1303/A130301/13292012/","東京都渋谷区円山町20-5 グランドネス渋谷 2F","1500044","35.65625718049303","139.69463558522185","03-6455-2438","17:30 - 23:30","","40席","無","分煙 店内に喫煙室がございます。 2020年4月1日より受動喫煙対策に関する法律(改正健康増進法）が施行されており、最新の情報と異なる場合がございますので、ご来店前に店舗にご確認ください。","予約可","","無","渋谷駅から徒歩10分 神泉駅から徒歩3分 神泉駅から147m","https://tblg.k-img.com/restaurant/images/Rvw/331971/640x640_rect_5ec018e70e99107f0e4ff94c3d9d1ecc.jpg","初台SC"
"鶏そば・ラーメン Tonari","3.54","407","19906","ラーメン/つけ麺/油そば・まぜそば","神泉駅","\2,000～\2,999","～\999","https://tabelog.com/tokyo/A1303/A130301/13196746/","東京都渋谷区円山町14-3 日興パレスビル渋谷 1F","1500044","35.65819743790227","139.69419748304063","03-6416-3960","月・火・水・木・金・土 12:00 - 21:00 日・祝日","","8席 （ハイチェアーのカウンターのみ）","無","全席禁煙","予約不可","","無","①道玄坂上交番を神泉方面に右折。ファミリーマートを過ぎ５０ｍで右手に八百屋さん。 そこを右折直進１２０ｍ先左手１階です。約５分。 ②渋谷ドン・キホーテ側を歩き右手に東急本店を見ながら信号まで直進、その信号を渡りセブンイレブンを超え直進７０ｍで酒屋さんを左折。 急な坂道を上り直進８０ｍ右手１階です。約７分。 神泉駅から115m","https://tblg.k-img.com/restaurant/images/Rvw/100187/640x640_rect_100187156.jpg","初台SC"
"レストラン イト","3.54","405","26868","洋食/ハンバーグ","東中野駅","\1,000～\1,999","\1,000～\1,999","https://tabelog.com/tokyo/A1319/A131901/13078914/","東京都中野区東中野1-57-2 柴沼ビル １Ｆ","1640003","35.705828938674294","139.68446701469037","03-3371-5746","月・火・水・金・土 11:30 - 14:30 18:00 - 22:00 木 11:30 - 14:30 日・祝日 18:00 - 22:00 営業時間・","","10席 （カウンターのみ）","無","全席禁煙","予約不可","","無 徒歩２分以内にコイン・パーキングあり","ＪＲ中央線【東中野駅】西口 徒歩１分 都営地下鉄大江戸線【東中野駅】徒歩１分 東中野駅から80m","https://tblg.k-img.com/restaurant/images/Rvw/365801/640x640_rect_74837496db085c940d7e3b1eec4ad3c5.jpg","初台SC"
"アーモンド ホステル アンド カフェ","3.54","399","23357","カフェ/サンドイッチ/カレー","代々木八幡駅","\1,000～\1,999","\1,000～\1,999","https://tabelog.com/tokyo/A1318/A131810/13220406/","東京都渋谷区元代々木町1-7","1510062","35.67002133789265","139.68754688316474","03-6407-9739","08:00 - 00:00","年中無休","30席 （カウンター8席、テーブル22席）","無","全席禁煙","予約可","","無","小田急線代々木八幡駅徒歩1分 代々木八幡駅から162m","https://tblg.k-img.com/restaurant/images/Rvw/138437/320x320_rect_138437903.jpg","初台SC"
"氷おばけ","3.54","395","13507","かき氷","西武新宿駅","\1,000～\1,999","\1,000～\1,999","https://tabelog.com/tokyo/A1304/A130401/13253369/","東京都新宿区歌舞伎町1-28-2 第二鈴鹿ビル 1F","1600021","35.69536087549588","139.70034803262044","03-6380-2272","11:00 - 17:00 L.O. 17:00 5月から","","32席 （カウンター 4席テーブル9ケ 32席）","無","全席禁煙","予約不可","","無","西武新宿駅徒歩1分 西武新宿駅から91m","https://tblg.k-img.com/restaurant/images/Rvw/318356/640x640_rect_3ebd7d5ae408b45d22ca6c6edd15fe40.jpg","初台SC"
"ブラッスリー・サリュー","3.54","395","27789","カフェ/カレー/パンケーキ","北参道駅","\4,000～\4,999","\2,000～\2,999","https://tabelog.com/tokyo/A1304/A130403/13283471/","東京都渋谷区千駄ヶ谷4-5-11 SuSLOB北参道 1F","1510051","35.680130237891504","139.70416978325517","03-6384-5401","火・水・木・金・日・祝日 09:00 - 16:00 L.O. 料理15:00 ドリンク15:30 土 09:00 - 16:00 L.O. 料理16:00 ドリンク15:30 月","不定休","24席","無","全席禁煙","予約不可","","無","副都心線 北参道駅 徒歩2分 北参道駅から234m","https://tblg.k-img.com/restaurant/images/Rvw/225169/640x640_rect_52a005fb213d83e9c33419b81fb39020.jpg","初台SC"
"キストリーツ","3.54","362","8374","ジェラート・アイスクリーム","渋谷駅","\1,000～\1,999","-","https://tabelog.com/tokyo/A1303/A130301/13249566/","東京都渋谷区神宮前6-20-10 MIYASHITA PARK North 2F","1500001","35.66290825830786","139.7016516407558","","11:00 - 21:00 営業時間・","","","無","全席禁煙","予約不可","","無","渋谷駅から432m","https://tblg.k-img.com/restaurant/images/Rvw/265741/320x320_rect_60e2f5928addfd80def1ce5d66fdfd84.jpg","初台SC"
"雲隠レ","3.54","351","26494","居酒屋/海鮮/日本料理","渋谷駅","\5,000～\5,999","-","https://tabelog.com/tokyo/A1303/A130301/13296145/","東京都渋谷区道玄坂2-7-3 三喜ビル2F","1500043","35.65859013870883","139.6987216842032","03-6427-0808","月・火・水・木・金・祝日・祝後日 17:00 - 00:00 L.O. 料理22:45 ドリンク23:15 土・祝前日 16:00 - 00:00 L.O. 料理22:45 ドリンク23:15 日 1","","33席 （カウンター18席 テーブル席5名席1卓、4名席2卓、2名席1卓）","無","分煙（加熱式たばこ限定） 2020年4月1日より受動喫煙対策に関する法律(改正健康増進法）が施行されており、最新の情報と異なる場合がございますので、ご来店前に店舗にご確認ください。","予約可","","無","井の頭線「渋谷」駅から徒歩10秒 渋谷駅から246m","https://tblg.k-img.com/restaurant/images/Rvw/247060/640x640_rect_ad02136eb076b2c9d729259f57f56e28.jpg","初台SC"
"NIKUDOSI 渋谷店","3.54","326","20394","イタリアン/バル","神泉駅","\5,000～\5,999","-","https://tabelog.com/tokyo/A1303/A130301/13313396/","東京都渋谷区道玄坂1-15-8 WAVE道玄坂ビル B1F","1500043","35.65708413870941","139.69752588418882","03-6427-8737","月・火・水・木・金・祝前日・祝後日 17:00 - 23:00 L.O. 料理22:00 ドリンク22:30 土・日・祝日 16:00 - 23:00 L.O. 料理22:00 ドリンク22:30","","60席","有 （2人可、4人可、6人可）","全席禁煙","予約可","","無","渋谷駅アベニュー口より徒歩3分 神泉駅から356m","https://tblg.k-img.com/restaurant/images/Rvw/324841/640x640_rect_1a49273bbc18737e688d6c6a9828b10e.jpg","初台SC"
"茶語 TEA SALON 新宿髙島屋店","3.54","309","10103","カフェ/スイーツ","新宿駅","\1,000～\1,999","\1,000～\1,999","https://tabelog.com/tokyo/A1304/A130401/13004267/","東京都渋谷区千駄ヶ谷5-24-2 新宿髙島屋 6F","1510051","35.68743147869158","139.7020406844922","03-5361-1380","10:30 - 19:00","不定休","40席 （現在お席を適宜減らしてご案内しております）","無","全席禁煙","予約不可","","有 有料／高島屋に準じます","ＪＲ新宿駅 新南口から徒歩2分。駅直結の新宿髙島屋6階。 新宿駅から372m","https://tblg.k-img.com/restaurant/images/Rvw/151627/320x320_rect_151627662.jpg","初台SC"
"urura","3.54","308","47122","ビストロ/フレンチ/ワインバー","神泉駅","\8,000～\9,999","-","https://tabelog.com/tokyo/A1303/A130301/13155835/","東京都渋谷区松濤1-29-2 松濤スクエアビル 2F","1500046","35.659996337901404","139.69510238305816","03-3770-0149","火・水・木・金 17:30 - 23:00 土・祝日 17:00 - 23:00 月・日","","35席","有 （6人可、8人可） 半個室1室あり6名様より確約","全席禁煙 店内禁煙","予約可","","無","JR線「渋谷」より 徒歩約８分 京王井の頭線「神泉」より 徒歩約5分 神泉駅から330m","https://tblg.k-img.com/restaurant/images/Rvw/83292/640x640_rect_83292758.jpg","初台SC"
"今半万窯 新宿店","3.54","296","11143","ステーキ/すき焼き/しゃぶしゃぶ","代々木駅","\15,000～\19,999","\10,000～\14,999","https://tabelog.com/tokyo/A1304/A130401/13006896/","東京都渋谷区代々木2-2-1 小田急サザンタワー ４Ｆ","1510053","35.686559498691565","139.70025397448464","03-3375-1919","月・火・木・金・土・日・祝日 11:00 - 15:00 17:00 - 22:00 L.O. 料理20:30 水","","66席","有 （2人可、4人可、6人可、8人可、10～20人可） ※2名～16名でご利用可能です。 ※土日祝日のランチのご予約で個室ご利用の場合は、4,510円よりの承りとなります。","全席禁煙","予約可","","有 小田急サザンタワー駐車場","最寄り駅JR新宿駅新南口改札より徒歩２分 小田急・京王線・JR線新宿駅南口より徒歩３分 都営地下鉄大江戸線・新宿線・新宿駅A1出口より徒歩１分 新宿高島屋より連絡ブリッジで徒歩１分 代々木駅から342m","https://tblg.k-img.com/restaurant/images/Rvw/364266/640x640_rect_ab3f31e5db9901ecda04cf53d5a12d92.jpg","初台SC"
"キタサンドウコーヒー","3.54","281","13359","カフェ","北参道駅","～\999","～\999","https://tabelog.com/tokyo/A1304/A130403/13238931/","東京都-渋谷区千駄ケ谷4-12-8 SSUビル 1F","1510051","35.67895263789299","139.70643968324168","","月・火・水・木・金 08:00 - 18:00 土・日・祝日 10:00 - 18:00 L.O. 17:30","","16席 （店内ベンチ6席、店外テラス10席）","無","全席禁煙","予約不可","","無","東京メトロ副都心線「北参道駅」徒歩3分 北参道駅から102m","https://tblg.k-img.com/restaurant/images/Rvw/120225/640x640_rect_120225419.jpg","初台SC"
"あいと電氣餅店","3.54","279","18991","大福/和菓子","代々木八幡駅","\1,000～\1,999","-","https://tabelog.com/tokyo/A1318/A131810/13287701/","東京都渋谷区富ヶ谷1-3-4 川端ハイツ 1F","1510063","35.669419037893704","139.68967278315716","03-5738-7849","火・水・木・金・土・日・祝日 10:30 - 16:00 月","月曜","","無","全席禁煙","予約不可","","無 近隣にコインパーキングあり","東京メトロ千代田線【代々木公園駅】１番出口より徒歩１分 小田急線【代々木八幡駅】徒歩２分 代々木八幡駅から59m","https://tblg.k-img.com/restaurant/images/Rvw/318286/640x640_rect_141dd2cabef97cafe2b312700cc681a8.jpg","初台SC"
"トヨダチーズステーキ","3.54","274","34128","サンドイッチ","幡ケ谷駅","～\999","\1,000～\1,999","https://tabelog.com/tokyo/A1318/A131807/13224256/","東京都渋谷区幡ヶ谷1-4-1 花ビル 1F","1510072","35.676555537884575","139.67522268323938","03-6276-6658","月・火・木・金・土・日 11:30 - 20:30 水","水","10席 （カウンター6席,テーブル1卓）","無","全席禁煙","予約可","","無","京王線「幡ヶ谷駅」南口から徒歩３分 幡ケ谷駅から179m","https://tblg.k-img.com/restaurant/images/Rvw/363835/640x640_rect_76ad18e7becdaf9cc031db4782eff9c0.jpg","初台SC"
"ラデュレ 新宿店","3.54","270","7161","スイーツ/マカロン/ケーキ","新宿駅","\2,000～\2,999","-","https://tabelog.com/tokyo/A1304/A130401/13140084/","東京都新宿区新宿3-38-2 ルミネ新宿LUMINE2 1F","1600022","35.68939680868994","139.70081410451292","03-6380-5981","11:00 - 21:00","不定休","","無","全席禁煙","予約不可","","有","JR・小田急線・京王線 新宿駅南口より徒歩1分 京王線 ルミネ口より直通 京王新線・都営新宿線・都営大江戸線 新宿駅京王新線口より徒歩1分 新宿駅から128m","https://tblg.k-img.com/restaurant/images/Rvw/284163/640x640_rect_79f9d0c665fe73bd2c8a5408455549a8.jpg","初台SC"
"ブリ・マデ","3.54","260","17073","インドネシア料理/アジア・エスニック","外苑前駅","\4,000～\4,999","～\999","https://tabelog.com/tokyo/A1306/A130603/13093823/","東京都港区北青山2-12-27 ハレクラニ北青山 2F","1070061","35.66968459870709","139.71537855430358","03-5410-1933","月・火・水・木・金 11:30 - 14:00 18:00 - 22:00 L.O. 20:30 土 18:00 - 21:00 L.O. 20:00 日・祝日","","22席","無","全席禁煙","予約可","","無","銀座線外苑前3番出口より徒歩３分 銀座線表参道出口より徒歩６分 外苑前駅から230m","https://tblg.k-img.com/restaurant/images/Rvw/138529/640x640_rect_138529398.jpg","初台SC"
"ウォータリングホール","3.54","260","20550","ビアバー/ハンバーガー","代々木駅","\5,000～\5,999","-","https://tabelog.com/tokyo/A1304/A130403/13142430/","東京都渋谷区千駄ヶ谷5-26-5 代々木シティホームズ 1F","1510051","35.68518195869347","139.70349795446842","03-6380-6115","15:00 - 23:30 【","","30席 （カウンター12席、テーブル18席）","無","分煙 店内に喫煙ブースあり 2020年4月1日より受動喫煙対策に関する法律(改正健康増進法）が施行されており、最新の情報と異なる場合がございますので、ご来店前に店舗にご確認ください。","予約不可","","無 徒歩３分以内にコイン・パーキングあり","JR中央線 代々木駅 東口より徒歩３分 JR中央線 新宿駅 新南口より徒歩８分 東京メトロ副都心線 新宿三丁目駅 徒歩３分 代々木駅から192m","https://tblg.k-img.com/restaurant/images/Rvw/188648/640x640_rect_3e99f9c879d24893e398880fa140a938.jpg","初台SC"
"ZEBRA Coffee&Croissant 渋谷公園通り店","3.54","250","15446","カフェ/パン","渋谷駅","\1,000～\1,999","\1,000～\1,999","https://tabelog.com/tokyo/A1303/A130301/13257684/","東京都渋谷区宇田川町1-12 パークコート渋谷ザ・タワー 1F","1500042","35.66434926729667","139.69794483570328","03-6433-7510","10:00 - 18:00","なし","","無","全席禁煙","予約不可","","無","渋谷駅から668m","https://tblg.k-img.com/restaurant/images/Rvw/154879/640x640_rect_154879602.jpg","初台SC"
"大衆麺酒場 ミクロとくじら 幡ヶ谷","3.54","241","18067","居酒屋/中華料理/ラーメン","幡ケ谷駅","\3,000～\3,999","-","https://tabelog.com/tokyo/A1318/A131807/13265466/","東京都渋谷区本町1-22-5 山下ビル 1F","1510071","35.678343737884724","139.67926748325456","03-6276-4522","月・火・水・木・金・土・日・祝日・祝前日・祝後日 18:00 - 01:00 L.O. 00:00 【店休日】 不","","19席 （カウンター）","無","全席禁煙","予約可","","無 近隣にコインパーキングあり","幡谷駅から徒歩3分 甲州街道から一本入った路地裏にある赤いネオンの看板が目印です 幡ケ谷駅から237m","https://tblg.k-img.com/restaurant/images/Rvw/211725/640x640_rect_b0dcfa192863abe421a12c36abaa265d.jpg","初台SC"
"ピーク・バー","3.54","220","11374","バー/洋食","都庁前駅","\10,000～\14,999","-","https://tabelog.com/tokyo/A1304/A130401/13019175/","東京都新宿区西新宿3-7-1 パークハイアット東京　４１Ｆ","1600023","35.6861224886887","139.69041321448714","03-5323-3461","17:00 - 23:00 L.O. 料理22:00 ドリンク23:00 営業時間・","","42席","無","全席禁煙","予約可","","有 ホテル内駐車場","新宿駅より徒歩12分 初台駅より徒歩8分 新宿駅西口エルタワーより無料シャトルバスあり。 都庁前駅から537m","https://tblg.k-img.com/restaurant/images/Rvw/4582/640x640_rect_4582601.jpg","初台SC"
"花菱","3.54","215","14880","うなぎ/日本料理","神泉駅","\5,000～\5,999","\3,000～\3,999","https://tabelog.com/tokyo/A1303/A130301/13043505/","東京都渋谷区道玄坂2-16-7 花菱ビル　1F・B1","1500043","35.65839447870832","139.69670601420265","03-3461-2622","月・火・水・木・金・土 11:30 - 15:00 L.O. 14:00 17:00 - 21:00 L.O. 20:00 日・祝日","","30席 （（1F）テーブル2席×1、4席×2、（地下）テーブル2席×4、4席×5、個室2（2～18））","有","全席禁煙","予約可","","無 近くの有料駐車場：道玄坂2-10-9新大宗ビル６号館200台収容、ほか","京王井の頭線【渋谷駅】西口 徒歩３分 東京メトロ半蔵門線、東急田園都市線【渋谷駅】徒歩４分 ＪＲ山手線他【渋谷駅】徒歩６分 東京メトロ銀座線【渋谷駅】徒歩６分 東京メトロ副都心線、東急東横線【渋谷駅】徒歩８分 神泉駅から307m","https://tblg.k-img.com/restaurant/images/Rvw/147400/640x640_rect_147400781.jpg","初台SC"
"BARすがはら 渋谷本館","3.54","214","24038","バー/ワインバー","神泉駅","\3,000～\3,999","-","https://tabelog.com/tokyo/A1303/A130301/13098141/","東京都渋谷区円山町25-5","1500044","35.65601380870883","139.69356812418079","03-5456-5337","19:00 - 04:00","無休","18席 （カウンター6席 テーブル4席（2名×2） 個室（小）2～4名 個室（大）4～8名）","有 （2人可、4人可、6人可、8人可、10～20人可）","全席喫煙可 2020年4月1日より受動喫煙対策に関する法律(改正健康増進法）が施行されており、最新の情報と異なる場合がございますので、ご来店前に店舗にご確認ください。","予約可","","無 近くのコイン・パーキング：神泉町9-14に40台収容、ほか","京王井の頭線【神泉駅】徒歩２分 東京メトロ半蔵門線、東急田園都市線【渋谷駅】徒歩10分 ＪＲ山手線【渋谷駅】徒歩12分 神泉駅から141m","https://tblg.k-img.com/restaurant/images/Rvw/13737/640x640_rect_13737528.jpg","初台SC"
"Fika 三越伊勢丹 新宿店","3.54","187","3761","洋菓子","新宿三丁目駅","\1,000～\1,999","-","https://tabelog.com/tokyo/A1304/A130401/13155135/","東京都新宿区新宿3-14-1 伊勢丹新宿店 B1F","1600022","35.69163607066418","139.70461534971702","03-3352-1111","10:00 - 20:00 営業時間・","","","無","全席禁煙","予約不可","","有","新宿三丁目駅から90m","https://tblg.k-img.com/restaurant/images/Rvw/103582/640x640_rect_103582954.jpg","初台SC"
"Crossroads Kitchen","3.54","173","11534","ビュッフェ/ホテル","都庁前駅","\8,000～\9,999","\6,000～\7,999","https://tabelog.com/tokyo/A1304/A130401/13313594/","東京都新宿区西新宿2-7-2 ハイアット リージェンシー 東京  ロビーフロア 2F","1600023","35.69085313868596","139.69121708453434","03-3348-1234","月・火・水・木・金・土・日・祝日・祝前日・祝後日 06:30 - 10:30 L.O. 料理10:00 11:30 - 15:00 L.O. 料理14:00 17:30 - 22:00 L.O. 料理","","180席","無","全席禁煙","予約可","","有","新宿駅西口より徒歩約9分 地下鉄大江戸線都庁前駅A7出口C4連絡通路（6:00～23:00）経由で徒歩1分 地下鉄丸ノ内線西新宿駅より徒歩約4分 都庁前駅から131m","https://tblg.k-img.com/restaurant/images/Rvw/322408/640x640_rect_4e70da1504b2ffe299330322c4bb2229.jpg","初台SC"
"豚一頭清湯麺","3.54","150","4664","ラーメン","代々木駅","～\999","～\999","https://tabelog.com/tokyo/A1304/A130403/13280965/","東京都渋谷区千駄ヶ谷5-29-7","1510051","35.68517730527882","139.7039412586291","","火・水・木・金・土 11:00 - 15:00 月・日","","10席 （カウンター10席）","無","全席禁煙","予約不可","","無","代々木駅から徒歩2分 代々木駅から220m","https://tblg.k-img.com/restaurant/images/Rvw/347343/640x640_rect_58ab00f4f0d592a563bce5056e5cd131.jpg","初台SC"
"シーズマン・ベーカー","3.54","118","5285","パン","方南町駅","～\999","～\999","https://tabelog.com/tokyo/A1319/A131903/13129470/","東京都杉並区方南1-50-4 平岡ビル1F","1680062","35.678690088684","139.6608189244328","03-5329-0755","水・木・金・土・日 09:00 - 18:00 月・火","","6席 （オープンテラス席 3テーブル）","無","全席禁煙","予約不可","","無","目印は方南図書館 方南町駅から604m","https://tblg.k-img.com/restaurant/images/Rvw/362919/640x640_rect_76e56378ba5a751d2d42af13d1749e48.jpg","初台SC"
"花園町大木戸矢部","3.54","102","6626","そば/日本料理","新宿御苑前駅","\15,000～\19,999","\6,000～\7,999","https://tabelog.com/tokyo/A1304/A130402/13000829/","東京都新宿区新宿1-35-8 明石ビル　１Ｆ","1600022","35.69083863788685","139.71088288335864","03-3350-0771","月・火・水・木・金・土・祝前日・祝後日 11:30 - 13:30 L.O. 料理13:30 17:30 - 22:00 L.O. 料理21:00 日・祝日","土曜日","15席","有 （4人可）","全席禁煙","予約可","","無 近隣にコインパーキング有り","新宿御苑前駅より徒歩4分 新宿御苑前駅から247m","https://tblg.k-img.com/restaurant/images/Rvw/367411/640x640_rect_37677b109a790ee84f78fff33ffff1e7.jpg","初台SC"
"小笹","3.54","98","10750","寿司","神泉駅","\20,000～\29,999","-","https://tabelog.com/tokyo/A1303/A130301/13004630/","東京都渋谷区神泉町10-12 コーポＫ 1F","1500045","35.65545722870889","139.6926487241758","03-5458-2828","月・火・水・木・金・土 18:00 - 22:30 日・祝日","","（カウンター9席）","無","全席禁煙","完全予約制","寿司 百名店 2021","無 近くのコイン・パーキング：神泉町9-14に40台収容、ほか","京王井の頭線【神泉駅】徒歩４分 東京メトロ半蔵門線、東急田園都市線【渋谷駅】徒歩11分 ＪＲ山手線【渋谷駅】ハチ公口 徒歩13分 神泉駅から220m","https://tblg.k-img.com/restaurant/images/Rvw/128695/640x640_rect_128695634.jpg","初台SC"
"where","3.54","85","6498","イタリアン/パスタ/ワインバー","下北沢駅","\10,000～\14,999","\1,000～\1,999","https://tabelog.com/tokyo/A1318/A131802/13305513/","東京都世田谷区北沢3-30-28 prendre aile 1F","1550031","35.66438513869526","139.66761918428352","","火 17:30 - 00:00 L.O. 料理22:00 ドリンク23:00 水・木・祝日・祝前日 11:00 - 16:00 L.O. 料理15:00 ドリンク15:30 17:30 - 00:00","月曜","20席 （テーブル14席、カウンター6席）","無","全席禁煙","予約可","","無","小田急電鉄の小田原線/ 京王電鉄の井の頭線「下北沢駅」東口より徒歩4分 下北沢駅から324m","https://tblg.k-img.com/restaurant/images/Rvw/344530/640x640_rect_dd0115ad5b7ddea7016a8159f7967659.jpg","初台SC"
"bills 東急プラザ表参道原宿","3.53","1840","58496","カフェ/パンケーキ/レストラン","明治神宮前駅","\3,000～\3,999","\2,000～\2,999","https://tabelog.com/tokyo/A1306/A130601/13139698/","東京都渋谷区神宮前4-30-3 東急プラザ 表参道原宿　7F","1500001","35.668590378704735","139.70578998429923","03-5772-1133","月・火・水・木・金・土・日・祝日 08:30 - 22:00 L.O. 料理21:00 ドリンク21:30","不定休","122席 （メインフロア108席 / テラス席14席）","無","全席禁煙","予約可","","無","JR山手線「原宿」駅徒歩4分 東京メトロ「明治神宮前」駅 出口5 徒歩1分 東京メトロ「表参道」駅 出口A2 徒歩7分 明治神宮前駅から60m","https://tblg.k-img.com/restaurant/images/Rvw/221947/640x640_rect_5613f9e9e57d4de82a8c42796215562d.jpg","初台SC"
"按田餃子 代々木上原店","3.53","1742","103270","餃子","代々木上原駅","\1,000～\1,999","\1,000～\1,999","https://tabelog.com/tokyo/A1318/A131811/13140146/","東京都渋谷区西原3-21-2 1F","1510066","35.67060213789048","139.68191168317455","03-6407-8813","月・火・水・木・金・土・日・祝日 11:00 - 22:00 L.O. 21:30","","10席 （カウンター6席、テーブル席4席）","無","全席禁煙","予約不可","餃子 百名店 2024","無","小田急小田原線 代々木上原駅東口より徒歩2分 代々木上原駅から266m","https://tblg.k-img.com/restaurant/images/Rvw/174078/640x640_rect_b5751dea93f3e205a26e78d4f84a53ed.jpg","初台SC"
"かしわビストロ バンバン","3.53","1493","119312","イタリアン/カレー/バル","神泉駅","\5,000～\5,999","-","https://tabelog.com/tokyo/A1303/A130301/13167303/","東京都渋谷区神泉町2-8","1500045","35.65752233790258","139.69379118303408","03-6416-4645","月・火・水・木 18:00 - 23:00 L.O. 料理22:00 ドリンク22:30 金 18:00 - 23:30 L.O. 料理22:30 ドリンク23:00 土 17:00 - 23:30 ","","40席","無","全席禁煙","予約可","","無","ＪＲ山手線・渋谷駅下車 徒歩6分 京王井の頭線・神泉駅下車 すぐ 神泉駅から31m","https://tblg.k-img.com/restaurant/images/Rvw/328089/320x320_rect_42c1c7147397a23d62d345e547165321.jpg","初台SC"
"タロス","3.53","1256","75883","イタリアン/パスタ/ワインバー","渋谷駅","\8,000～\9,999","\2,000～\2,999","https://tabelog.com/tokyo/A1303/A130301/13046432/","東京都渋谷区道玄坂1-5-2 渋谷ＳＥＤＥビル　１Ｆ","1500043","35.65806973790404","139.69950258303564","03-3464-8511","火・水・木・金・土・日・祝日 12:00 - 15:00 L.O. 14:00 18:00 - 23:00 L.O. 22:00 月","月曜日","40席","無","全席禁煙 外に灰皿あり","予約可","イタリアン 百名店 2021","無","井の頭線渋谷駅徒歩1分 JR東京メトロ渋谷駅徒歩3分 渋谷駅から201m","https://tblg.k-img.com/restaurant/images/Rvw/135409/640x640_rect_135409587.jpg","初台SC"
"175°DENO担担麺 TOKYO","3.53","1121","30269","担々麺/ラーメン","-","～\999","～\999","https://tabelog.com/tokyo/A1304/A130401/13218285/","東京都新宿区西新宿7-2-4 新宿MSビル 1F","1600023","35.695203438685574","139.698703814573","03-6304-0175","月・火・水・木・金・土・日・祝日・祝前日・祝後日 10:30 - 23:30 L.O. 23:15","","22席 （カウンター14席、2人掛けテーブルが4卓）","無","全席禁煙","予約不可","","無","都営地下鉄大江戸線【新宿西口駅】徒歩３分 西武新宿線【西武新宿駅】徒歩５分 東京メトロ丸ノ内線【新宿駅】徒歩５分 ＪＲ中央線ほか【新宿駅】西口 徒歩６分 西武新宿駅から165m","https://tblg.k-img.com/restaurant/images/Rvw/181700/320x320_rect_a370573484186c799563177db77ba130.jpg","初台SC"
"PATH","3.53","1008","109140","ビストロ/カフェ/パン","代々木公園駅","\6,000～\7,999","\2,000～\2,999","https://tabelog.com/tokyo/A1318/A131810/13190786/","東京都渋谷区富ヶ谷1-44-2 A-FLAT 1F","1510063","35.66852128869972","139.6899190343097","03-6407-0011","水・木・金・土・日 08:00 - 15:00 月・火","","23席 （カウンター7席、テーブル12席、立ち飲み８(ディナータイムのみ)）","無","全席禁煙","予約可","カフェ 百名店 2021","無","代々木公園下車徒歩4分 代々木八幡下車徒歩5分 代々木公園駅から110m","https://tblg.k-img.com/restaurant/images/Rvw/54393/320x320_rect_54393942.jpg","初台SC"
"LOTUS","3.53","944","56153","カフェ","表参道駅","\1,000～\1,999","\1,000～\1,999","https://tabelog.com/tokyo/A1306/A130602/13005327/","東京都渋谷区神宮前4-6-8","1500001","35.668476008706854","139.7122201042936","03-5772-6077","月 11:00 - 22:00 L.O. 料理21:30 火・水・木・日 11:00 - 22:00 L.O. 21:30 金・土 11:00 - 23:00 営業時間・","","100席","無","分煙 2020年4月1日より受動喫煙対策に関する法律(改正健康増進法）が施行されており、最新の情報と異なる場合がございますので、ご来店前に店舗にご確認ください。","予約可","","無","表参道駅A2出口 徒歩7分 表参道駅から368m","https://tblg.k-img.com/restaurant/images/Rvw/11247/640x640_rect_4cab3fc3be60889d505513d9f33e0b15.jpg","初台SC"
"カフェ＆ダイニング ゼルコヴァ","3.53","913","50169","カフェ/イタリアン/ダイニングバー","表参道駅","\4,000～\4,999","\2,000～\2,999","https://tabelog.com/tokyo/A1306/A130602/13214044/","東京都港区北青山3-6-8","1070061","35.665296937903264","139.7114715831002","03-5778-4566","月・火・水・木・金・土・日・祝日 11:30 - 22:00 L.O. 21:00","年中無休","200席 （テラス席込み）","有 半個室","全席禁煙","予約可","","無","表参道B5番出口直通 半蔵門線、銀座線、千代田線 表参道駅から95m","https://tblg.k-img.com/restaurant/images/Rvw/89077/640x640_rect_89077277.jpg","初台SC"
"SUSHI TOKYO TEN、新宿店","3.53","867","60931","寿司/日本料理/海鮮","新宿駅","\10,000～\14,999","\10,000～\14,999","https://tabelog.com/tokyo/A1304/A130403/13193560/","東京都渋谷区千駄ヶ谷5-24-55 NEWoMan 新宿 2F フードホール","1510051","35.68846403788506","139.70053708334189","03-6274-8540","月・火・水・木・金・土・日・祝日 11:00 - 15:00 17:00 - 23:00","","26席","無","全席禁煙","予約可","","有","新宿駅新南改札より徒歩0分 新宿駅から215m","https://tblg.k-img.com/restaurant/images/Rvw/311255/640x640_rect_30e15539ed62ef903e0be6de50516382.jpg","初台SC"
"魚真 新宿店","3.53","782","62298","居酒屋/海鮮","新宿駅","\4,000～\4,999","-","https://tabelog.com/tokyo/A1304/A130401/13115198/","東京都新宿区新宿3-35-5 2F","1600022","35.68977733788482","139.70240378335384","03-3351-3772","月・火・水・木・金・土 17:00 - 23:00 日・祝日 16:00 - 23:00","","40席","無","全席禁煙 入口に灰皿が設置してあります。","予約可","","無","JR新宿駅東南口より徒歩1分 東京メトロ新宿三丁目駅Ｅ９より徒歩2分 新宿駅から224m","https://tblg.k-img.com/restaurant/images/Rvw/122405/640x640_rect_122405136.jpg","初台SC"
"肉ビストロ灯","3.53","682","49392","ビストロ/肉バル/ワインバー","西武新宿駅","\5,000～\5,999","-","https://tabelog.com/tokyo/A1304/A130401/13196973/","東京都新宿区西新宿7-16-3 第18フジビル 2F","1600023","35.695889437879316","139.69726878341922","03-5332-5298","月・火・水・木・日・祝日 17:00 - 23:00 L.O. 料理22:00 ドリンク22:30 金・土 17:00 - 23:30 L.O. 料理22:30 ドリンク23:00","不定休","64席 （※40名様～貸切可！お気軽にご相談ください。）","有 （6人可、8人可、10～20人可） 完全個室は10名様まで、半個室は20名様までご利用いただけます。 完全個室はモニター付きのため、web飲み会やweb会議、動画鑑賞会も可能です！お気軽にご相談下さい。","全席禁煙","予約可","","無","JR新宿駅 徒歩7分 丸ノ内線 西新宿駅 徒歩7分 JR大久保駅 徒歩7分 西武新宿駅から258m","https://tblg.k-img.com/restaurant/images/Rvw/187456/640x640_rect_baef9f9a8b085e7c3829a885b135cf50.jpg","初台SC"
"#ヒロキヤ渋谷","3.53","631","18007","焼肉/ホルモン","神泉駅","\6,000～\7,999","\2,000～\2,999","https://tabelog.com/tokyo/A1303/A130301/13289319/","東京都渋谷区宇田川町34-6 M&Iビル 1F","1500042","35.66120664533639","139.69630313192033","03-6416-1529","月・火・水・木・金・土・日・祝日・祝前日・祝後日 12:00 - 15:00 L.O. 14:30 17:00 - 23:00 L.O. 料理22:00 ドリンク22:30","なし","16席 （カウンター10席、テーブル6席）","無","全席禁煙","予約可","","無","A2出口徒歩4分 JR渋谷駅から徒歩８分 JR渋谷駅のハチ公口から渋谷109のV字路を右方向に進みます。ドン・キホーテを過ぎ、そのまま直進すると右手にH＆Mがあります。左に東急本店と1階にファミリーマートが入ったビルの間の道路を少し進んだ右手の1階にございます。 神泉駅から499m","https://tblg.k-img.com/restaurant/images/Rvw/246937/640x640_rect_4eab75c5f7163d5d78c60d38566fa14f.jpg","初台SC"
"やまと 楽","3.53","605","50371","日本料理/海鮮/豆腐料理","新宿三丁目駅","\8,000～\9,999","\2,000～\2,999","https://tabelog.com/tokyo/A1304/A130401/13001061/","東京都新宿区新宿3-5-4 レインボーヴィレッジ　４Ｆ","1600022","35.69137199869017","139.70548509452956","03-5312-5477","月・火・木・金・土・日・祝日 11:00 - 15:00 L.O. 料理14:00 ドリンク14:30 17:00 - 22:00 L.O. 料理21:00 ドリンク21:30 水 17:00 - 2","","123席 （カウンター席14席、テーブル40席、個室6部屋32名、大広間1部屋30名、囲炉裏席7名）","有 （2人可、4人可、6人可、8人可、10～20人可、20～30人可、30人以上可） 半個室のお部屋もございます。","分煙（加熱式たばこ限定） 喫煙室のご案内がございます。一部個室にて加熱式たばこはご利用いただけます。 2020年4月1日より受動喫煙対策に関する法律(改正健康増進法）が施行されており、最新の情報と異なる場合がございますので、ご来店前に店舗にご確認ください。","予約可","","無 近隣にコインパーキングあり","東京メトロ【新宿三丁目駅】E4出口直結 新宿三丁目駅から78m","https://tblg.k-img.com/restaurant/images/Rvw/5778/640x640_rect_5778586.jpg","初台SC"
"Roasted COFFEE LABORATORY 渋谷神南店","3.53","572","28575","カフェ/サンドイッチ/スイーツ","渋谷駅","\1,000～\1,999","\1,000～\1,999","https://tabelog.com/tokyo/A1303/A130301/13196501/","東京都渋谷区神南1-6-3 神南フラッグ 1Ｆ","1500041","35.66432623790015","139.69974618309865","03-5428-3658","月・火・水・木 07:45 - 20:00 金・土・日 07:45 - 20:30","","121席 （店内1F26席、2F50席 テラス45席）","無","全席禁煙 テラスに喫煙スペースございます※平日のみ","予約可","","無 近くにコインパーキングあり","JR渋谷駅から徒歩8分 JR原宿駅から徒歩12分 東京メトロ明治神宮駅徒歩12分 渋谷区役所前バス停徒歩2分 渋谷駅から607m","https://tblg.k-img.com/restaurant/images/Rvw/329834/640x640_rect_6d96f1a9654afeba08b6cc2fdb433368.jpg","初台SC"
"月世界","3.53","508","58387","中華料理/居酒屋/火鍋","渋谷駅","\6,000～\7,999","-","https://tabelog.com/tokyo/A1303/A130301/13043474/","東京都渋谷区道玄坂2-26-5 ひまわりビル　１Ｆ","1500043","35.65934743790248","139.69714918305013","03-3770-2870","","","32席 （テーブル7卓 カウンター4席）","無","全席禁煙","予約可","","無","渋谷駅から徒歩１０分。 渋谷駅から385m","https://tblg.k-img.com/restaurant/images/Rvw/140154/640x640_rect_140154043.jpg","初台SC"
"カフェ ウォール","3.53","499","43113","カフェ/ケーキ/ダイニングバー","新宿三丁目駅","\2,000～\2,999","\1,000～\1,999","https://tabelog.com/tokyo/A1304/A130401/13171550/","東京都新宿区新宿3-9-5 ゴールドビル 3FB","1600022","35.691351537885225","139.7067801833667","03-6380-5108","月・火・水・木・日 12:00 - 21:00 L.O. 料理20:00 ドリンク20:30 金・土 12:00 - 22:00 L.O. 料理21:00 ドリンク21:30","無休","20席 （カウンター8席、テーブル4席、ソファ席4席、半個室4席）","無 半個室になります。","全席禁煙 喫煙所あり","予約可","","無 近隣にコインパーキング有り","東京メトロ新宿3丁目駅C6出口(徒歩1分) / JR新宿東口(徒歩8分) / 東新宿駅(徒歩10分) 新宿三丁目駅から179m","https://tblg.k-img.com/restaurant/images/Rvw/273899/640x640_rect_73ee4591d8fe3099a852ddecb540296e.jpg","初台SC"
"銀彗富運","3.53","495","36223","ビストロ/ワインバー","新宿三丁目駅","\5,000～\5,999","-","https://tabelog.com/tokyo/A1304/A130401/13164604/","東京都新宿区新宿3-2-7 PLAZA ESTビル B1F","1600022","35.690494281090835","139.70648996882238","03-6457-4249","月・火・水・木・金 11:30 - 14:00 L.O. 料理13:30 17:00 - 23:30 L.O. 料理22:30 土・祝前日・祝後日 17:00 - 23:30 L.O. 料理22:30","日曜日","36席 （カウンター席：8席 テーブル席：4名卓×５ ロフト席：4名卓×２）","無 ロフト席：7?8名で貸し切り可","全席禁煙","予約可","","無","丸の内線 副都心線 都営新宿線 新宿三丁目駅C5出口から徒歩2分 JR新宿駅から徒歩10分 新宿三丁目駅から149m","https://tblg.k-img.com/restaurant/images/Rvw/237912/640x640_rect_b397e2835371df78abed6d871aee0140.jpg","初台SC"
"アーンドラ・ダイニング 渋谷","3.53","470","32965","インド料理/インドカレー/ダイニングバー","渋谷駅","\2,000～\2,999","\1,000～\1,999","https://tabelog.com/tokyo/A1303/A130301/13258029/","東京都渋谷区宇田川町32-7 HULIC&New UDAGAWA 4F","1500042","35.66119693870669","139.69719205423058","03-6416-5520","月・火・水・木・金 11:15 - 14:30 17:00 - 22:00 土・日 11:30 - 14:30 17:00 - 21:00","","100席","有 ※半個室","全席禁煙","予約可","","無","JR各線「渋谷駅」 徒歩4分 渋谷駅から450m","https://tblg.k-img.com/restaurant/images/Rvw/159057/640x640_rect_159057683.jpg","初台SC"
"青山 ゑびす堂","3.53","444","44704","ダイニングバー/バー/居酒屋","青山一丁目駅","\5,000～\5,999","-","https://tabelog.com/tokyo/A1306/A130602/13022098/","東京都港区北青山3-9-12 ＳＡＹ－ＪＵＮＥビル　３Ｆ","1070061","35.66450602870861","139.70980809425515","03-5467-1005","17:30 - 23:30 L.O. 料理22:30 ドリンク23:00","","60席","有 （10～20人可） 10名以上の予約だと、ガラス張りの個室を確保する事が出来る","全席禁煙","予約可","","無","地下鉄表参道駅A1・B2出口徒歩2分 表参道駅から256m","https://tblg.k-img.com/restaurant/images/Rvw/35621/640x640_rect_35621025.jpg","初台SC"
"ヤキニク ホルモン どうげん","3.53","442","65251","焼肉/ホルモン","神泉駅","\6,000～\7,999","-","https://tabelog.com/tokyo/A1303/A130301/13093572/","東京都渋谷区道玄坂2-20-9 河合ビル　１Ｆ","1500043","35.659506837901986","139.69592528305265","03-6416-1729","月・火・水・木・金・土 17:00 - 23:00 日・祝日","","（テーブル8席カウンター３席）","無","分煙 喫煙専用室あり席は禁煙 2020年4月1日より受動喫煙対策に関する法律(改正健康増進法）が施行されており、最新の情報と異なる場合がございますので、ご来店前に店舗にご確認ください。","予約可","","無 近くのコイン・パーキング：道玄坂2-26-1に62台収容、2-21-9に10台収容、ほか","京王井の頭線【渋谷駅】西口 徒歩４分 東京メトロ半蔵門線、東急田園都市線【渋谷駅】徒歩５分 ＪＲ山手線・埼京線【渋谷駅】ハチ公口 徒歩７分 東京メトロ銀座線【渋谷駅】徒歩８分 東京メトロ副都心線、東急東横線【渋谷駅】徒歩９分 神泉駅から324m","https://tblg.k-img.com/restaurant/images/Rvw/338943/640x640_rect_f809cfa081fd6a119c56d08c95686449.jpg","初台SC"
"手打蕎麦 ふじや","3.53","440","19687","そば/天ぷら/日本酒バー","西新宿駅","\5,000～\5,999","\1,000～\1,999","https://tabelog.com/tokyo/A1304/A130401/13243026/","東京都新宿区西新宿7-21-3 西新宿大京ビル 1F","1600023","35.6940725378796","139.69457028340273","03-5937-4414","月・火・水・木・金 11:30 - 14:00 17:30 - 21:00 土・日・祝日","","29席 （カウンター3席 ４名テーブル×4、２名テーブル、8名の個室）","有 （4人可、6人可、8人可）","分煙（加熱式たばこ限定） 個室はディナータイムのみ電子タバコ可能 2020年4月1日より受動喫煙対策に関する法律(改正健康増進法）が施行されており、最新の情報と異なる場合がございますので、ご来店前に店舗にご確認ください。","予約可","","無","丸の内線 西新宿駅より徒歩1分 西武新宿駅より徒歩6分 西新宿駅から148m","https://tblg.k-img.com/restaurant/images/Rvw/124769/640x640_rect_124769332.jpg","初台SC"
"クレープとエスプレッソと 表参道店","3.53","406","21278","クレープ・ガレット","表参道駅","-","\1,000～\1,999","https://tabelog.com/tokyo/A1306/A130602/13294987/","東京都渋谷区神宮前4-13-20","1500001","35.667279928706876","139.70988397428314","03-6804-6040","月・火・水・木・金・日・祝日・祝前日・祝後日 11:00 - 18:00 土 11:10 - 18:00","不定休","8席","無","全席禁煙","予約不可","","無","表参道駅から徒歩5分 表参道駅から334m","https://tblg.k-img.com/restaurant/images/Rvw/361678/640x640_rect_73885f48aa5a4369c79c141ba176f9f7.jpg","初台SC"
"Y.Y.G. Brewery & Beer Kitchen","3.53","381","35559","ビアホール","南新宿駅","\6,000～\7,999","\3,000～\3,999","https://tabelog.com/tokyo/A1304/A130401/13192826/","東京都渋谷区代々木2-18-3 1F・7F","1510053","35.686080037885326","139.6965870833206","03-6276-5550","火・水・木・金 16:00 - 23:00 土 12:00 - 23:00 日 12:00 - 22:00 月","月曜","35席 （１Ｆ：店内スタンディング／テラス18席 ７Ｆ：カウンター5席／テーブル30席 ）","無","全席禁煙 １階テラス席横、７階店外に喫煙所あり","予約可","","無","都営地下鉄新宿線・京王新線【新宿駅】徒歩３分 ＪＲ中央線ほか【新宿駅】南口／新南口 徒歩7分 都営地下鉄大江戸線【代々木駅】徒歩7分 ＪＲ中央線ほか【代々木駅】徒歩8分 南新宿駅から340m","https://tblg.k-img.com/restaurant/images/Rvw/324758/640x640_rect_2f907e69bca394e9554d081b855549a5.jpg","初台SC"
"代々木 鳥松","3.53","380","18075","焼き鳥/鳥料理/居酒屋","南新宿駅","\8,000～\9,999","-","https://tabelog.com/tokyo/A1318/A131810/13276187/","東京都渋谷区代々木1-42-7 ハナモパレス 1F","1510053","35.68233803788866","139.69958228328068","03-6383-3698","17:00 - 23:00 L.O. 料理22:00 ドリンク22:30","","22席 （カウンター16席 テーブル6名×1 ※テーブル席のご予約はお電話で承っております。）","無","全席禁煙","予約可","","無","JR 代々木駅 徒歩3分 都営大江戸線 代々木駅 徒歩3分 小田急線 南新宿駅 徒歩2分 南新宿駅から156m","https://tblg.k-img.com/restaurant/images/Rvw/187659/640x640_rect_b13991767026ff80075107987550aed3.jpg","初台SC"
"蕎麦屋 山都","3.53","379","36696","そば/日本料理","代々木上原駅","\4,000～\4,999","\1,000～\1,999","https://tabelog.com/tokyo/A1318/A131811/13001822/","東京都渋谷区上原3-1-17 イデールームズ上原　１Ｆ","1510064","35.667984668697464","139.68174214430996","03-3466-3200","月・水・木・金 18:00 - 23:00 L.O. 料理22:00 ドリンク22:30 土・日・祝日 11:30 - 14:30 L.O. 14:00 17:00 - 22:00 L.O. 料理21","","38席 （カウンターなし 全席相席の可能性あり）","無","全席禁煙","予約可","","無","東京メトロ千代田線 ／ 代々木上原駅 徒歩3分 小田急小田原線 ／ 代々木八幡駅 徒歩11分 代々木上原駅から217m","https://tblg.k-img.com/restaurant/images/Rvw/163511/320x320_rect_1ddac102d8f1e118a5fea640283eead6.jpg","初台SC"
"BLUE SIX COFFEE","3.53","366","14366","カフェ","国立競技場駅","\2,000～\2,999","\1,000～\1,999","https://tabelog.com/tokyo/A1306/A130603/13293683/","東京都新宿区霞ケ丘町5-7 都立明治公園 D棟","1600013","35.67528159568479","139.7131782059564","03-6434-7577","08:00 - 17:00 年末年始は12/30~1/4まで休業となります。","","56席","無","全席禁煙","予約不可","","無","JR千駄ヶ谷駅から徒歩10分 東京メトロ銀座線外苑前駅から徒歩10分 国立競技場駅から533m","https://tblg.k-img.com/restaurant/images/Rvw/277715/640x640_rect_2a307cd0cdeddb4c9eb6c38dc86bfe8b.jpg","初台SC"
"地鶏や 虎視眈々","3.53","360","24038","鳥料理/居酒屋/郷土料理","渋谷駅","\5,000～\5,999","\1,000～\1,999","https://tabelog.com/tokyo/A1303/A130301/13094313/","東京都渋谷区宇田川町10-2 新東京ビル　１Ｆ","1500042","35.66271689320902","139.69709369885746","03-6416-1970","月・火・水・木・金 11:30 - 14:00 18:00 - 23:00 L.O. 料理22:00 土・祝日 17:00 - 22:00 L.O. 料理21:00 日","","28席 （カウンター4席、テーブル24席）","無","全席禁煙 入口に喫煙スペースあり","予約可","","無 近隣に時間貸しパーキングあり","最寄り駅「渋谷」 ■住所検索では、見つかりません。 井の頭通りにある白い提灯を目印にしてください。 また、詳しい地図は公式HP「こしたんどっとこむ」にてご確認ください。 渋谷駅から564m","https://tblg.k-img.com/restaurant/images/Rvw/363069/640x640_rect_430ec0601726bec5170bf75d6c069b90.jpg","初台SC"
"サロン ド テ ジャンナッツ","3.53","354","21803","カフェ/ケーキ","表参道駅","-","\1,000～\1,999","https://tabelog.com/tokyo/A1306/A130602/13141883/","東京都渋谷区神宮前5-46-10","1500001","35.6637442379034","139.7087922830864","03-6418-8272","月・水・木・金・土・日・祝日・祝前日・祝後日 11:00 - 19:00 L.O. 18:30 火","火曜日","43席 （内テラス10席（クローズしている場合あり））","無","全席禁煙","予約可","","無","表参道駅から徒歩7分 表参道駅から415m 表参道駅から372m","https://tblg.k-img.com/restaurant/images/Rvw/110326/640x640_rect_110326661.jpg","初台SC"
"焼肉うしこぞう 新宿店","3.53","348","17991","焼肉/ホルモン/韓国料理","西武新宿駅","\6,000～\7,999","\6,000～\7,999","https://tabelog.com/tokyo/A1304/A130401/13282830/","東京都新宿区歌舞伎町1-4-8 らんざんビル 1F","1600021","35.6942719378823","139.70341188339853","03-6686-4875","月・火・水・木・金・土・日・祝日・祝前日・祝後日 17:00 - 04:00 L.O. 料理03:00 ドリンク03:30","","30席","無","全席禁煙","予約可","","有 近隣にコインパーキング有","東京メトロ丸ノ内線【新宿三丁目駅】徒歩５分 東京メトロ副都心線【新宿三丁目駅】徒歩７分 東京メトロ丸ノ内線【新宿駅】徒歩５分 ＪＲ中央線他【新宿駅】東口 徒歩７分 西武新宿線【西武新宿駅】徒歩６分 西武新宿駅から361m 西武新宿駅から366m","https://tblg.k-img.com/restaurant/images/Rvw/206854/640x640_rect_bbadd8f09586a5fd0a383c8f16941d59.jpg","初台SC"
"人形町今半 新宿高島屋店","3.53","340","9313","すき焼き/しゃぶしゃぶ","新宿駅","\10,000～\14,999","\5,000～\5,999","https://tabelog.com/tokyo/A1304/A130401/13004274/","東京都渋谷区千駄ヶ谷5-24-2 新宿タカシマヤ 14F","1510051","35.68762391869155","139.7023502444939","03-5361-1871","11:00 - 15:00 17:00 - 22:00 L.O. 料理21:00","","60席","無","全席禁煙","予約可","","有","ＪＲ 新宿駅 新南口 徒歩1分 新宿駅 徒歩5分 東京メトロ副都心線 新宿三丁目駅 徒歩3分 (地下1階地下鉄口直結） 新宿駅から369m","https://tblg.k-img.com/restaurant/images/Rvw/363037/640x640_rect_5827a5e8ec61ce71ef9b128adf0bddda.jpg","初台SC"
"関口亭","3.53","335","36983","洋食/ハンバーグ/ビストロ","代々木八幡駅","\5,000～\5,999","\2,000～\2,999","https://tabelog.com/tokyo/A1318/A131810/13001818/","東京都渋谷区富ケ谷1-52-1 中川ビル　１Ｆ","1500000","35.66893193789372","139.68876738315288","03-3465-8373","月・火・木・金・土・日・祝日・祝前日・祝後日 11:00 - 14:00 18:00 - 21:00 水","","26席","無","全席禁煙","予約可","","無","小田急小田原線 代々木八幡駅下車 徒歩2分 東京メトロ千代田線 代々木公園駅下車 出口1より徒歩2分 代々木八幡駅から115m","https://tblg.k-img.com/restaurant/images/Rvw/111345/640x640_rect_111345934.jpg","初台SC"
"洋食 ハンバーグウィル","3.53","324","16629","ハンバーグ/洋食","新宿御苑前駅","\3,000～\3,999","\1,000～\1,999","https://tabelog.com/tokyo/A1304/A130402/13236271/","東京都新宿区新宿1-2-5 ファインズビル新宿 1F","1600022","35.68782113788925","139.7124280833271","03-6384-2838","月・火・水・木・金・祝前日・祝後日 11:30 - 14:30 L.O. 14:00 17:30 - 21:00 L.O. 料理20:00 ドリンク20:30 土・日・祝日 11:00 - 15:00","なし","14席 （カウンター8席 テーブル6席）","無","全席禁煙","予約可","","無","・地下鉄丸ノ内線新宿御苑駅 2番出口 徒歩2分 ・都営新宿線新宿三丁目駅 徒歩7分 新宿御苑駅2番出口から出て 右手に「丸亀製麺」左手に「ターリー屋」のふたつのお店の間の道を直進し、 角を左に曲がった50メートル程先の右手にあります。 テイクアウトのお弁当もあります。（事前に電話ご予約をオススメです。混雑時は30分以上お待たせする場合がございます） ●ハンバーグ＆メンチカツ ￥1580 ●ハンバーグ＆チキンカツ ￥1580 ●ハンバーグ＆キーマカレー ￥1580 ●ハンバーグ＆鶏のから揚げ ￥1580 ●ハンバーグ＆海老フライ ￥1680 ●ハンバーグ＆季節の洋食 ￥1680 ハンバーグのソースは2種類（デミグラスソース又は柚子胡椒ソース） ※全てのお弁当に以下が付いてます （ライス・付け合わせ野菜・自家製鶏ハム＋ポテトサラダ・キャベツのピクルス。。。副菜は変わる場合がございます 新宿御苑前駅から178m","https://tblg.k-img.com/restaurant/images/Rvw/250850/640x640_rect_62eefcfc5cc59c046a7879c9ef0b896e.jpg","初台SC"
"壱蔵家","3.53","321","8894","ラーメン","大久保駅","～\999","～\999","https://tabelog.com/tokyo/A1304/A130404/13050792/","東京都新宿区百人町1-23-3","1690073","35.6987326818242","139.697185362258","非公開","月・火・水・木・金 11:30 - 20:00 土・日・祝日 11:30 - 18:00 第2.4の日曜日は","","11席 （カウンターのみ）","無","全席禁煙","予約不可","","無","徒歩：JR中央線「大久保駅」より3分ほど 大久保駅から199m","https://tblg.k-img.com/restaurant/images/Rvw/366508/640x640_rect_38160f5699373a0637505091ff783aa9.jpg","初台SC"
"土鍋カリーぼんた","3.53","321","9940","カレー/おにぎり","新宿西口駅","-","\1,000～\1,999","https://tabelog.com/tokyo/A1304/A130401/13277269/","東京都新宿区歌舞伎町1-2-2 新宿サブナード","1600021","35.6937860886871","139.70065146455738","03-5990-2839","月・火・水・木・金 08:00 - 22:00 L.O. 21:30 土・日 11:00 - 22:00 L.O. 21:30 祝日 11:00 - 22:00 L.O. 料理21:30","","8席 （カウンター4席、テーブル席4席）","無","全席禁煙","予約不可","","有","新宿駅から徒歩2分 新宿西口駅から140m","https://tblg.k-img.com/restaurant/images/Rvw/362174/640x640_rect_2680ad31566236f9dd9e3421abd80a9b.jpg","初台SC"
"LA PITA DE MAISON CINQUANTECINQ","3.53","316","30193","サンドイッチ/ビストロ/ファラフェル","代々木上原駅","\3,000～\3,999","\2,000～\2,999","https://tabelog.com/tokyo/A1318/A131811/13278612/","東京都渋谷区西原3-5-1","1510066","35.670060398696094","139.68158857433104","03-5454-5631","11:30 - 15:00 18:00 - 21:00","","27席","無","全席禁煙","予約可","","無","代々木上原駅徒歩1分 代々木上原駅から206m","https://tblg.k-img.com/restaurant/images/Rvw/215520/640x640_rect_b672396a0d7270e645f43b867b5d2638.jpg","初台SC"
"エスタシオン カフェ","3.53","311","10652","カフェ/バー/ケーキ","渋谷駅","\1,000～\1,999","\1,000～\1,999","https://tabelog.com/tokyo/A1303/A130301/13014168/","東京都渋谷区道玄坂1-12-2 渋谷マークシティ 渋谷エクセルホテル東急 5F","1500043","35.65887001870903","139.69989225420522","03-5457-0133","月・火・水・木・金・土・日・祝日・祝前日・祝後日 09:00 - 22:00 L.O. 21:30","無休","143席","有 （4人可、6人可、8人可） 個室「プリメーラ」のご予約のみ承っております。","全席禁煙","予約不可","","有 渋谷マークシティ内駐車場をご利用ください。3,564円以上のご利用で2時間まで無料となります。","渋谷駅から251m 渋谷駅から136m","https://tblg.k-img.com/restaurant/images/Rvw/28604/640x640_rect_28604556.jpg","初台SC"
"「メトロポリタングリル」 ヒルトン東京","3.53","304","8211","ステーキ/ハンバーガー/スイーツ","西新宿駅","\15,000～\19,999","\5,000～\5,999","https://tabelog.com/tokyo/A1304/A130401/13172874/","東京都新宿区西新宿6-6-2 ヒルトン東京　２Ｆ","1600023","35.69272463787936","139.69110538339154","03-3344-5111","11:30 - 14:30 L.O. 14:00 15:00 - 17:00 18:00 - 22:00 L.O. 21:00","","120席 （ダークブラウンを基調に、レザーと木目を活かした空間）","有 （2人可、4人可、6人可、8人可、10～20人可） ■個室1室 ルームーチャージ：ランチ時 5,000円、ディナー時 10,000円","全席禁煙","予約可","","有 3,000円以上ご飲食の場合、3時間30分まで無料。（延長300円／30分）","地下鉄丸ノ内線西新宿駅 Ｃ８出口 徒歩2分 地下鉄都営大江戸線都庁前駅 徒歩3分 ＪＲ新宿駅 西口 徒歩10分 西新宿駅から258m 都庁前駅から258m 西新宿駅から245m","https://tblg.k-img.com/restaurant/images/Rvw/347837/640x640_rect_03550c2f2ce00a311bf88f660ccd68b8.jpg","初台SC"
"金兵衛 代々木上原分店","3.53","298","17147","弁当/海鮮","代々木上原駅","-","\1,000～\1,999","https://tabelog.com/tokyo/A1318/A131811/13040825/","東京都渋谷区西原3-1-7","1510066","35.67029471869636","139.68290095433252","03-3468-6998","","不定休","","無","全席禁煙","予約可","","無","小田急・東京メトロ 代々木上原駅 徒歩１分 代々木上原駅から322m","https://tblg.k-img.com/restaurant/images/Rvw/347047/640x640_rect_f974f703cc4ac32e3be8855069866661.jpg","初台SC"
"獅天鶏飯ハナレ","3.53","287","19945","シンガポール料理/中華料理/居酒屋","渋谷駅","\4,000～\4,999","\1,000～\1,999","https://tabelog.com/tokyo/A1303/A130301/13294998/","東京都渋谷区渋谷1-24-7 渋谷フラットビル 2F","1500002","35.66058406854119","139.70199977440888","03-6712-5363","月・火・水・木・金・祝前日 17:00 - 23:30 土・祝日 12:00 - 23:30 日 12:00 - 22:00 祝後日 17:00 - 23:00 日曜不定休あり。","","38席 （カウンター10席、テーブル24席、立ち飲み2席）","無","全席禁煙","予約可","アジア・エスニック 百名店 2026","無 近隣にコインパーキングあり","渋谷駅B2出口から徒歩1分(※入口は明治通り沿いです) フラットビル2F 奥 渋谷駅から182m","https://tblg.k-img.com/restaurant/images/Rvw/242270/640x640_rect_cc2b53c698e450a19352b0555223b591.jpg","初台SC"
"LUCE","3.53","285","26985","イタリアン/バル/ワインバー","代々木公園駅","\6,000～\7,999","\1,000～\1,999","https://tabelog.com/tokyo/A1318/A131810/13241875/","東京都渋谷区富ヶ谷1-51-12 代々木公園ハウス 1F-A","1510063","35.66874633789397","139.68913218315075","03-6877-8663","月 17:00 - 23:00 L.O. 料理22:00 ドリンク22:30 水・木・金 12:00 - 14:30 L.O. 料理14:00 17:00 - 23:00 L.O. 料理22:00 ド","","20席 （カウンター8席、テーブル3卓）","無","全席禁煙 店前で喫煙可能","予約可","","無","東京メトロ千代田線 代々木公園駅、 小田急線 代々木八幡駅より徒歩1分 代々木八幡駅から125m","https://tblg.k-img.com/restaurant/images/Rvw/306086/640x640_rect_1c428675a650a146e6eefec44da0b153.jpg","初台SC"
"カルボ 渋谷店","3.53","277","21730","バル","神泉駅","\5,000～\5,999","\1,000～\1,999","https://tabelog.com/tokyo/A1303/A130301/13295103/","東京都渋谷区道玄坂1-16-15 道玄坂NKビル 1F","1500043","35.65684307870965","139.6977900841862","03-6416-3224","月・火・水・木・金 12:00 - 13:30 17:00 - 00:00 土・日・祝日 12:00 - 00:00 不定休","","40席","無","全席禁煙","予約可","","無","渋谷駅から徒歩5分 神泉駅から徒歩8分 神泉駅から382m","https://tblg.k-img.com/restaurant/images/Rvw/365473/640x640_rect_fce4bc32a9c6ab36fb88acfd07d70118.jpg","初台SC"
"エイトカリー","3.53","268","8439","カレー/インドカレー","下北沢駅","\2,000～\2,999","\1,000～\1,999","https://tabelog.com/tokyo/A1318/A131802/13243116/","東京都世田谷区北沢2-9-17","1550031","35.66274854869686","139.66940032426572","03-6265-5888","月・火・水・木・金 11:00 - 15:00 17:00 - 20:30 土・日 11:00 - 21:00 営業時間・","","18席 （テーブル12席、カウンター6席）","無","全席禁煙","予約不可","","無 近隣にコインパーキングあり","小田急本線、京王井の頭線「下北沢駅」東口から徒歩3分。 下北沢駅から245m","https://tblg.k-img.com/restaurant/images/Rvw/366891/640x640_rect_ecc6cb21500b71e481799e54da8fd9c1.jpg","初台SC"
"焼肉JIN TOKYO","3.53","248","15176","焼肉/ホルモン/居酒屋","東中野駅","\5,000～\5,999","-","https://tabelog.com/tokyo/A1319/A131901/13114121/","東京都中野区東中野3-1-1 寛栄ビル 3F","1640003","35.70652563786789","139.68260678353693","03-3366-2900","月・火・水・木・金 17:00 - 23:30 L.O. 23:00 土・日・祝日 16:30 - 23:30 L.O. 23:00","","34席","有 堀ごたつ席で、ブラインドを閉めると個室になります。","全席禁煙 喫煙ルーム完備","予約可","","無 近隣にコインパーキングあり","ＪＲ総武線 東中野駅 西口徒歩１分 都営大江戸線 Ａ3出口 目の前 「いきなりステーキ」さんが入っているビルの３階です★ ■■店舗の駐車・駐輪について■■ 電車でお越しの方／東中野アトレ駅前ど真ん中エレベーター３階 お車でお越しの方／中野坂上方面からお越しの方はスーパー「LIFE」が便利です。 落合方面からお越しの方はスーパー「サミット」か「パラカ東中野第３パーキング」が便利です。 自転車でお越しの方／近隣に有料駐車場・大型スーパーの駐輪場がございます。 東中野駅から110m","https://tblg.k-img.com/restaurant/images/Rvw/165199/640x640_rect_72e96851a12e040e782c3f2e93262aa2.jpg","初台SC"
"ajura","3.53","245","10025","カフェ","新宿御苑前駅","\1,000～\1,999","\1,000～\1,999","https://tabelog.com/tokyo/A1304/A130402/13280204/","東京都新宿区新宿1-24-1 藤和ハイタウン新宿 104","1600022","35.68987781842474","139.7143940629935","","11:00 - 18:00 L.O. ドリンク17:30 営業時間・","","20席 （店内：2人掛けテーブル5卓10席、長椅子3脚6席店外：長椅子4席）","無","全席禁煙","予約不可","","無","新宿御苑前駅から361m","https://tblg.k-img.com/restaurant/images/Rvw/250874/640x640_rect_a3c6de068028823ccb5b3ea86fc8afd4.jpg","初台SC"
"素多亜","3.53","237","11267","喫茶店/カフェ","新宿三丁目駅","\1,000～\1,999","-","https://tabelog.com/tokyo/A1304/A130401/13012094/","東京都新宿区新宿3-17-24 スタービル B1F","1600022","35.6917661086894","139.70384554453472","03-3354-3688","土・日 14:00 - 19:00 月・火・水・木・金","","","無","全席禁煙","予約不可","","無","新宿３丁目駅から徒歩１分伊勢丹横 新宿三丁目駅から139m","https://tblg.k-img.com/restaurant/images/Rvw/26032/640x640_rect_26032720.jpg","初台SC"
"Meals","3.53","231","19905","カフェ/日本料理/食堂","代々木公園駅","\1,000～\1,999","\1,000～\1,999","https://tabelog.com/tokyo/A1318/A131810/13218047/","東京都渋谷区富ヶ谷1-17-5 2F","1510063","35.666262688701885","139.6921869942853","03-5465-1772","月・火・木・金・土・日 11:30 - 18:30 L.O. 17:30 水","","40席 （テーブル40席（8人掛け×1、4人掛け×6、2人掛け×4））","無","全席禁煙","予約可","","無","代々木公園駅から312m","https://tblg.k-img.com/restaurant/images/Rvw/81686/640x640_rect_81686375.jpg","初台SC"
"塩パン屋 パン･メゾン 新宿店","3.53","226","11631","パン","新宿三丁目駅","～\999","～\999","https://tabelog.com/tokyo/A1304/A130401/13309105/","東京都新宿区新宿5-1001-78 フィル・パーク新宿三番街 1F","1600022","35.693070249030136","139.70803539084397","03-5315-0058","月・火・木・金・土・日 08:30 - 19:00 水","","","無","全席禁煙","予約不可","","無","東京メトロ丸ノ内線・副都心線・都営新宿線「新宿三丁目駅」C7・E1出口から徒歩4分(JR新宿駅、西武新宿駅より地下通路直通) 東京メトロ副都心線・都営大江戸線「東新宿駅」A3出口から徒歩8分 新宿三丁目駅から375m","https://tblg.k-img.com/restaurant/images/Rvw/364056/640x640_rect_b8d90022bfca330de21996182fb61889.jpg","初台SC"
"ル・ポミエ","3.53","215","11389","ケーキ/カフェ","東北沢駅","\1,000～\1,999","\1,000～\1,999","https://tabelog.com/tokyo/A1318/A131811/13022955/","東京都世田谷区北沢4-25-11","1550031","35.6685892086929","139.6686356743253","03-3466-3730","木・金・土・日 11:00 - 19:00 月・火・水","","8席 （うちテラス席４席）","無","分煙 2020年4月1日より受動喫煙対策に関する法律(改正健康増進法）が施行されており、最新の情報と異なる場合がございますので、ご来店前に店舗にご確認ください。","予約可","","有","電車でご来店の場合： 小田急線東北沢より徒歩７分 京王線笹塚より徒歩９分 お車でご来店の場合： 井の頭通り×中野通り 大山交差点より 井の頭通り沿い下り方面へ１分 井の頭通り×環七 大原二丁目交差点より 井の頭通り沿い上り方面へ１分 ＊駐車場３台分のご用意がございます 東北沢駅から533m","https://tblg.k-img.com/restaurant/images/Rvw/1814/320x320_square_1814080.jpg","初台SC"
"Preference","3.53","193","7697","ケーキ/パン/カフェ","新中野駅","\1,000～\1,999","\1,000～\1,999","https://tabelog.com/tokyo/A1319/A131902/13286154/","東京都中野区本町4-6-20 K's新中野 1F","1640012","35.697386294932414","139.67315242018148","03-6382-4823","月・火・水・木・金・土・日・祝日・祝前日・祝後日 10:00 - 19:00","不定休","8席 （2人掛けテーブル×4）","無","全席禁煙","予約可","","無 近隣にコインパーキング有り","丸ノ内線、新中野駅3番館出口から徒歩３分。 丸ノ内線、都営大江戸線中野坂上駅３番出口より徒歩 １０分。 丸ノ内線中野新橋駅より徒歩８分。 新中野駅から367m","https://tblg.k-img.com/restaurant/images/Rvw/322633/640x640_rect_f48e32a473e96c0090b4aeadd60a99a1.jpg","初台SC"
"四季ごはん 晴れ間。","3.53","192","18837","日本料理/かに/ワインバー","代々木八幡駅","\6,000～\7,999","-","https://tabelog.com/tokyo/A1318/A131810/13157217/","東京都渋谷区上原1-1-20-1F","1510064","35.66836909290898","139.68745534610764","03-6804-9980","火・水・木・金・土・日・祝日・祝前日・祝後日 18:00 - 23:00 L.O. 料理22:00 ドリンク22:30 月","","19席 （６名様×1卓、４名様×1卓←１０名様用としても使用可能。他、４名様×1卓、カウンター５席）","無","全席禁煙","予約可","","無 近隣にコインパーキング有","千代田線 代々木公園駅 出口1番より徒歩3分 小田急小田原線 駅より徒歩3分 代々木八幡駅から237m","https://tblg.k-img.com/restaurant/images/Rvw/148103/640x640_rect_148103305.jpg","初台SC"
"Nadoya no katte","3.53","183","17048","カフェ","代々木上原駅","\1,000～\1,999","\1,000～\1,999","https://tabelog.com/tokyo/A1318/A131811/13261747/","東京都渋谷区西原3-19-3","1510066","35.670941437889894","139.68074758317877","","金・土・日・祝日 09:00 - 18:00 月・火・水・木","","","無","全席禁煙","予約不可","","無","代々木上原駅から233m","https://tblg.k-img.com/restaurant/images/Rvw/326603/640x640_rect_e21e0845dfcdc50ba3b707c285dac909.jpg","初台SC"
"meso","3.53","177","8761","ビストロ/フレンチ/イノベーティブ","下北沢駅","\10,000～\14,999","\10,000～\14,999","https://tabelog.com/tokyo/A1318/A131802/13296780/","東京都世田谷区北沢3-30-3 下北沢シャモット 1F","1550031","35.664436937325114","139.6671919322479","03-6407-0369","月・火・金・土・日・祝日 12:00 - 15:00 L.O. 料理14:00 ドリンク14:30 18:00 - 22:30 L.O. 料理21:30 ドリンク22:00 水・木","","22席 （カウンター14席（一部、テーブル対応可能）、ビックテーブル8席（相席＆犬連れ＆お子様対応席））","無","全席禁煙","予約可","","無 近隣にコインパーキングあり","小田急線/京王井の頭線 下北沢駅 徒歩3分 下北沢駅から327m","https://tblg.k-img.com/restaurant/images/Rvw/364960/640x640_rect_c495f1d5c21d561cdec5fbd4e4568d98.jpg","初台SC"
"コンチェルト","3.53","169","19554","イタリアン/パスタ/ワインバー","代々木上原駅","\8,000～\9,999","\4,000～\4,999","https://tabelog.com/tokyo/A1318/A131811/13155553/","東京都渋谷区上原1-29-5 ＢＩＴ代々木上原 B1F","1510064","35.66834275869665","139.6798993643149","03-6804-8794","月・火・水・木・金 18:00 - 23:00 土・日・祝日 11:30 - 14:00 18:00 - 23:00","月・火曜日","22席 （カウンター8席、テーブル14席）","無","全席禁煙 店外にも喫煙スペースはございません","予約可","","無 近所のコインパーキングをご利用ください","代々木上原駅 南口１番出口より徒歩３分 代々木上原駅から77m","https://tblg.k-img.com/restaurant/images/Rvw/328108/320x320_rect_25e4dfb3931042da6b0e52df100e4a9c.jpg","初台SC"
"ゆう","3.53","169","21850","日本料理/海鮮","代々木上原駅","\15,000～\19,999","-","https://tabelog.com/tokyo/A1318/A131811/13176175/","東京都渋谷区西原3-22-12","1510066","35.67079813789041","139.68206678317642","03-6804-8997","火・水・木・金 16:00 - 23:00 L.O. 21:30 土・日 12:00 - 15:00 L.O. 料理13:30 16:00 - 22:00 L.O. 20:30 月","","16席 （カウンター8席、テーブル席8席（4人席×2））","無","全席禁煙","予約可","","無","代々木上原駅から徒歩3分 代々木上原駅から291m","https://tblg.k-img.com/restaurant/images/Rvw/95452/640x640_rect_95452663.jpg","初台SC"
"サルシーナハラルフーズ","3.53","155","6372","南アジア料理/カレー","新大久保駅","\1,000～\1,999","\1,000～\1,999","https://tabelog.com/tokyo/A1304/A130404/13260959/","東京都新宿区百人町2-1-50","1690073","35.70208684868234","139.70225378464008","03-6278-9895","11:00 - 22:00","","32席 （テーブル席32席）","無","全席禁煙","予約可","","無","JR山手線新大久保駅より徒歩３分、JR中央・総武線大久保駅より徒歩７分 新大久保駅から227m","https://tblg.k-img.com/restaurant/images/Rvw/240639/640x640_rect_79fe04fdbdcb1f0506f8748d4bac31a6.jpg","初台SC"
"チーズケーキと彩りカレー Luna piena","3.53","153","5957","カレー/ケーキ/ジェラート","千駄ケ谷駅","\2,000～\2,999","\1,000～\1,999","https://tabelog.com/tokyo/A1309/A130901/13273957/","東京都渋谷区千駄ヶ谷4-19-12 モンパルテ北参道 B1F","1510051","35.68100463869757","139.70804728442306","03-6812-9725","火・水・木 11:30 - 19:30 L.O. 19:00 金 11:30 - 15:00 L.O. 14:30 18:30 - 21:30 L.O. 21:00 土・日 11:30 - 21:30","","22席","無","全席禁煙","予約可","","無 近隣にコインパーキングあり","JR総武線千駄ヶ谷 徒歩５分 JR総武線・山手線・大江戸線代々木 徒歩８分 東京メトロ副都心線北参道 徒歩６分 千駄ケ谷駅から302m","https://tblg.k-img.com/restaurant/images/Rvw/341188/640x640_rect_94a36b75eb9ada5235b0852e1677f3de.jpg","初台SC"
"みつる","3.53","152","7145","鍋/ホルモン","東新宿駅","\8,000～\9,999","-","https://tabelog.com/tokyo/A1304/A130401/13000107/","東京都新宿区歌舞伎町2-30-13 高島ビル　１Ｆ","1600021","35.69726991868586","139.7037104945904","03-3208-8868","月・火・水・木・金・土 17:00 - 23:00 日","","36席 （カウンター／テーブル）","無","全席禁煙","予約可","","無 近くのコイン・パーキング：歌舞伎町2-30-12に26台収容、ほか","西武新宿線【西武新宿駅】北口 徒歩５分 都営地下鉄大江戸線【東新宿駅】徒歩５分 東京メトロ副都心線【東新宿駅】徒歩６分 東京メトロ丸ノ内線【新宿駅】徒歩８分 ＪＲ中央線ほか【新宿駅】東口 徒歩10分 東新宿駅から347m","https://tblg.k-img.com/restaurant/images/Rvw/241866/640x640_rect_a74037bb417eba4f484683b37fcb771d.jpg","初台SC"
"中華バル 池湖","3.53","149","14131","中華料理/ダイニングバー/バル","神泉駅","\3,000～\3,999","\1,000～\1,999","https://tabelog.com/tokyo/A1303/A130301/13199428/","東京都渋谷区道玄坂2-22-6 CREA道玄坂 4F","1500043","35.65955857870723","139.69557876421518","03-6455-1550","火・水・木・金・土・日 11:30 - 14:30 18:00 - 23:30 月","","12席 （カウンター8席テーブル席4席）","無","全席喫煙可 2020年4月1日より受動喫煙対策に関する法律(改正健康増進法）が施行されており、最新の情報と異なる場合がございますので、ご来店前に店舗にご確認ください。","予約可","","無 近隣にコインパーキングあり","東京メトロ半蔵門線、東急田園都市線【渋谷駅】徒歩６分 京王井の頭線【渋谷駅】西口 徒歩６分 ＪＲ山手線・埼京線【渋谷駅】ハチ公口 徒歩８分 東京メトロ銀座線【渋谷駅】徒歩８分 東京メトロ副都心線、東急東横線【渋谷駅】徒歩10分 神泉駅から309m","https://tblg.k-img.com/restaurant/images/Rvw/78307/640x640_rect_78307841.jpg","初台SC"
"代々木タンネ","3.53","143","6030","ビアホール/ドイツ料理","代々木駅","\4,000～\4,999","\4,000～\4,999","https://tabelog.com/tokyo/A1304/A130403/13020879/","東京都渋谷区代々木1-32-15 第三白倉ビル 1F","1510053","35.682444237889406","139.70215618327998","03-6383-4366","火・水・木・金 17:00 - 23:00 L.O. 料理22:00 ドリンク22:30 土・日・祝日 15:00 - 22:00 L.O. 料理21:00 ドリンク21:30 月","","40席","無","全席禁煙","予約可","","無","JR代々木駅西口改札から徒歩一分 代々木駅から159m","https://tblg.k-img.com/restaurant/images/Rvw/166143/640x640_rect_f3235a1714f484a790573b0618fffeac.jpg","初台SC"
"ぱん屋","3.53","138","5402","パン","西新宿駅","-","-","https://tabelog.com/tokyo/A1304/A130401/13255966/","東京都新宿区西新宿8-15-19 Sakurayama 1F","1600023","35.695590537877656","139.69146948342024","","火・水・金・土 11:00 - 20:00 月・木・日・祝日","","","無","全席禁煙","予約可","","無","丸の内線 西新宿駅から徒歩6分 西武新宿線 西武新宿駅から徒歩13分 西新宿駅から195m","https://tblg.k-img.com/restaurant/images/Rvw/355968/640x640_rect_1f671061e62df5c3ef096a05763c6b5e.jpg","初台SC"
"パレスホテル東京スイーツブティック","3.53","136","2286","ケーキ","新宿三丁目駅","\1,000～\1,999","\1,000～\1,999","https://tabelog.com/tokyo/A1304/A130401/13269599/","東京都新宿区新宿3-14-1 伊勢丹新宿店 本館 B1F","1600022","35.69157363868978","139.70464648453222","03-3352-1111","10:00 - 20:00","","","無","全席禁煙","予約可","","無","新宿三丁目駅から82m","https://tblg.k-img.com/restaurant/images/Rvw/363523/640x640_rect_676f53082cffec93ca36f9ec1fcb43f9.jpg","初台SC"
"焼肉 三百屋","3.53","134","5392","焼肉/ホルモン","下北沢駅","\8,000～\9,999","-","https://tabelog.com/tokyo/A1318/A131802/13306670/","東京都世田谷区北沢2-14-10 阿部ビル 2F","1550031","35.66027578051608","139.66759207188863","03-6450-8529","火・水・木・金・祝前日・祝後日 17:00 - 22:30 L.O. 22:00 土・日・祝日 16:00 - 22:30 L.O. 22:00 月","","38席","有 （4人可、6人可） 個室利用は4名さま以上から最大6名さままでとなります。お一人様あたり1,000円の個室利用料を頂戴いたします。","全席禁煙","予約可","","無","下北沢駅より徒歩約2分 下北沢駅から140m","https://tblg.k-img.com/restaurant/images/Rvw/293306/640x640_rect_9b2a8dc274f21f2f92bd42e036398f23.jpg","初台SC"
"mon atelier","3.53","132","12029","イタリアン/ヨーロッパ料理/イノベーティブ","渋谷駅","\15,000～\19,999","\8,000～\9,999","https://tabelog.com/tokyo/A1303/A130301/13196747/","東京都渋谷区渋谷1-10-12 宮城ビル 2F","1500002","35.66076193790405","139.7048423830591","03-6427-4611","11:30 - 15:00 L.O. 料理13:30 17:30 - 22:00 L.O. 料理20:00","","24席 （完全個室4席、窓際半個室４席、カップルシート２席、ソファー半個室３席、３席、２席、カウンター6席）","有 （2人可、4人可） 4名様までの完全個室が1室、その他全席カーテン半個室でのご用意が可能です。","全席禁煙 ビル全館禁煙","予約可","","無 近隣のコインパーキングをご利用下さい","①JR山手線渋谷駅から徒歩5分 宮益坂を上り、渋谷郵便局を過ぎて2つ目の角を左に曲がりますと、突き当たりにセブンイレブンがあります。 セブンイレブンを背にして向かい側、左手のビルの２階です。 手前の階段を上ってお越し下さい。 ②東京メトロ千代田線表参道駅より徒歩10分 B2出口を出て、青山通り（246号線）を渋谷方面に進みます。 宮益坂上交差点を渡り、右方向の美竹通りを下り、ローソンが見えたら左折。 すぐ左隣のビル2階にございます。階段を上がってお越しください。 渋谷駅から368m","https://tblg.k-img.com/restaurant/images/Rvw/327593/640x640_rect_cd09d56e5d28b216fe2802ad6b023ef3.jpg","初台SC"
"ビストロ パルタジェ","3.53","129","11708","ビストロ/バル/ワインバー","神泉駅","\5,000～\5,999","-","https://tabelog.com/tokyo/A1303/A130301/13207466/","東京都渋谷区神泉町7-14","1500045","35.65603188870862","139.69292590418144","03-6416-1131","月・火・水・木・金・土 17:00 - 23:00 L.O. 22:00 日","","20席 （カウンター：5～6席 テーブル：2名×4～5席 3名×1席）","無","全席禁煙","予約可","","無","渋谷駅マークシティ4F出口より徒歩8分 井の頭線神泉駅より徒歩3分 JR渋谷駅マークシティ4Fの出口をでで道玄坂上の五叉路を 交番と理髪店の間の道(裏渋谷通り)を道なりに400mほど直進して頂き、 右手に「富士氷室」の氷屋さんがある丁字路を右折していただきますと、 30mほど先の右側に当店がございます。 京王井の頭線神泉駅北口を出ていただき、踏み切りを渡り道なりに進んでいただき、突き当たりを右折し、300mほど直進してますと右手に「富士氷室」の氷屋さんがある丁字路を右折していただきますと、30mほど先の右側に当店がございます。 神泉駅から152m","https://tblg.k-img.com/restaurant/images/Rvw/71999/640x640_rect_71999731.jpg","初台SC"
"新宿立吉八寶楼","3.53","124","4811","串揚げ/日本料理","新宿三丁目駅","\5,000～\5,999","\2,000～\2,999","https://tabelog.com/tokyo/A1304/A130401/13303857/","東京都新宿区新宿3-30-11 新宿高野第二ビル B1F","1600022","35.691142772745266","139.70362212158352","050-1721-9494","月・火・水・木・金 11:30 - 15:00 17:00 - 23:00 土 11:00 - 15:00 17:00 - 23:00 日・祝日 11:00 - 15:00 17:00 - 22:00","","34席 （全席カウンター席）","有 （8人可）","全席禁煙","予約可","","無","新宿三丁目駅[B5(南側)]徒歩0分 新宿三丁目駅から120m","https://tblg.k-img.com/restaurant/images/Rvw/277738/640x640_rect_a0605385d5dc543ab8de5f7b1f1fd612.jpg","初台SC"
"ミネバル","3.53","120","9942","スペイン料理/バル/ワインバー","神泉駅","\8,000～\9,999","\4,000～\4,999","https://tabelog.com/tokyo/A1303/A130301/13292506/","東京都渋谷区円山町5-13 ヴィータ道玄坂 1F","1500044","35.65699821358904","139.69470693406666","03-3496-0609","火・水・木・金・土・日・祝日・祝前日・祝後日 12:00 - 15:00 L.O. 14:30 18:00 - 23:00 L.O. 料理22:00 ドリンク22:30 月","","32席","有 （6人可、8人可） 半個室あり ※他のお客様の往来はありませんが閉めきれるドアはありません。 ※最大8名様までご利用可能 ※少人数様からご利用いただけますがその場合日程により使用料がかかる場合がございます。 ※個室のご要望はお電話でのみお受けしております。","全席禁煙","予約可","","無 近隣にコインパーキングあり","渋谷駅徒歩８分 神泉駅徒歩1分 神泉駅から105m","https://tblg.k-img.com/restaurant/images/Rvw/290887/320x320_rect_979b1bcaff32a8515649e10964161d15.jpg","初台SC"
"酒坊主","3.53","101","16885","居酒屋","代々木公園駅","\10,000～\14,999","\10,000～\14,999","https://tabelog.com/tokyo/A1318/A131810/13161202/","東京都渋谷区富ヶ谷1-37-1 ロナーYSビル 2F","1510063","35.66747223789497","139.68976458313742","03-3466-1311","月・火・木・土 17:00 - 22:00 水 18:30 - 22:00 金 18:30 - 23:00 日・祝日 14:00 - 20:00 不定休。 Instagram @sakebozu をご","","15席","無","全席禁煙","完全予約制","","無","代々木八幡駅より徒歩５分 渋谷駅よりバス富ヶ谷下車すぐ 代々木公園駅から197m","https://tblg.k-img.com/restaurant/images/Rvw/305394/640x640_rect_5d8f840410a5a43ad5af8b8efcf14844.jpg","初台SC"
"すし 乾山","3.53","91","11080","寿司","初台駅","\10,000～\14,999","-","https://tabelog.com/tokyo/A1318/A131807/13292526/","東京都新宿区西新宿3-13-14","1600023","35.68533213830699","139.68811704446287","03-6383-3388","月・火・水・木・金・土・日・祝日・祝前日・祝後日 17:00 - 22:30 L.O. 22:00 年末年始は休みです。","","14席 （カウンター6席、テーブル8席）","無","全席禁煙","予約可","","無","都営大江戸線西新宿五丁目駅A2出口から約13分 京王電鉄京王新線初台駅北口から約10分 初台駅から449m","https://tblg.k-img.com/restaurant/images/Rvw/332147/640x640_rect_06ef500ccdc248ceb88a5496f5557caf.jpg","初台SC"
"旬肴ふく堀田","3.53","63","2788","ふぐ/日本料理/海鮮","新宿御苑前駅","\15,000～\19,999","\10,000～\14,999","https://tabelog.com/tokyo/A1304/A130402/13240345/","東京都新宿区新宿1-32-11 アール新宿御苑 101","1600022","35.69078733788721","139.71186958335744","03-6384-1417","11:00 - 14:00 17:00 - 23:00 L.O. 22:30","年中無休","23席","有 （4人可、6人可、8人可、10～20人可） 個室は3部屋ございます。 仕切りを外し２部屋続きにしますと最大で１２人から１４人程お座り頂けます。","全席禁煙 入り口に灰皿をご用意しておりますのでそちらをご利用下さい。","予約可","","無 近隣にコインパーキングがございます。","新宿御苑前駅から徒歩5分 新宿3丁目駅から徒歩10分 新宿御苑前駅から262m","https://tblg.k-img.com/restaurant/images/Rvw/120163/640x640_rect_120163282.jpg","初台SC"
"ロッカビアンカ","3.53","56","5519","イタリアン","笹塚駅","\6,000～\7,999","-","https://tabelog.com/tokyo/A1318/A131808/13187035/","東京都渋谷区笹塚2-1-14 スタープラザ笹塚 1F","1510073","35.67556470868905","139.67046608439446","03-6883-4836","17:00 - 00:00 営業時間・","","22席","無","全席禁煙","予約可","","無","京王電鉄京王線笹塚駅北口より徒歩5分 笹塚駅から342m","https://tblg.k-img.com/restaurant/images/Rvw/51671/640x640_rect_51671681.jpg","初台SC"
"なのりあ","3.53","41","5325","日本料理/居酒屋/創作料理","四谷三丁目駅","\10,000～\14,999","\3,000～\3,999","https://tabelog.com/tokyo/A1309/A130903/13317983/","東京都新宿区四谷4-13-60","1600004","35.689050174647264","139.71699749599597","03-5315-0261","火・水・木・金・祝前日 18:30 - 23:30 土・日・祝日 17:00 - 23:30 月","月曜日","12席 （カウンター8席、個室4?6席）","有 （2人可、4人可、6人可）","全席禁煙","予約可","","無 近隣にコインパーキングあり","丸ノ内線 四谷三丁目駅 ２番出口より徒歩5分 四谷三丁目駅から349m","https://tblg.k-img.com/restaurant/images/Rvw/341811/640x640_rect_433c67e4c4602ff06627149b2d76cc15.jpg","初台SC"
"Legato","3.52","1734","127229","カフェ/イタリアン/ダイニングバー","神泉駅","\4,000～\4,999","\1,000～\1,999","https://tabelog.com/tokyo/A1303/A130301/13005405/","東京都渋谷区円山町3-6 Ｅ・スペースタワー　１５Ｆ","1500044","35.65750213790315","139.69556028303265","050-5443-0493","月・火・水・木・日 11:30 - 15:00 L.O. 14:00 17:30 - 23:30 L.O. 料理22:30 ドリンク23:00 金・土・祝前日 11:30 - 15:00 L.O. 1","無休","220席","有 （2人可、4人可、6人可、8人可、10～20人可） 個室貸切最低保証料金 2～6名様 ￥20.000 7～14名様 ￥50.000 15～30名様（サブダイニングルーム貸切） ￥200,000～ ※クリスマス期間のような特定イベントの際は異なる料金システムとなります","全席禁煙 2010年3月より、グローバルダイニング社のレストランは全て禁煙となりました。","予約可","","有 ビル１Fに立体駐車場あり","JR各線・京王井の頭線・東急東横線・東京メトロ 渋谷駅より徒歩5分 京王井の頭線 神泉駅より徒歩5分 神泉駅から179m","https://tblg.k-img.com/restaurant/images/Rvw/97817/640x640_rect_97817379.jpg","初台SC"
"Jose Luis","3.52","1522","72762","スペイン料理/イノベーティブ","渋谷駅","\5,000～\5,999","\1,000～\1,999","https://tabelog.com/tokyo/A1303/A130301/13240101/","東京都渋谷区渋谷2-24-12 渋谷スクランブルスクエア 13F","1500002","35.65845515871002","139.7021714541994","03-6452-6227","11:00 - 23:00 L.O. 22:00","無休","40席","無","全席禁煙 ビル喫煙室あり","予約可","スペイン料理 百名店 2024","無 近隣施設駐車場有","渋谷駅直結 渋谷駅から95m","https://tblg.k-img.com/restaurant/images/Rvw/152500/640x640_rect_152500218.jpg","初台SC"
"ラーメン龍の家 新宿小滝橋通り店","3.52","1519","50073","ラーメン/つけ麺","西武新宿駅","\1,000～\1,999","\1,000～\1,999","https://tabelog.com/tokyo/A1304/A130401/13094166/","東京都新宿区西新宿7-4-5 富士野ビル 1F","1600023","35.696068738684914","139.69836667458202","03-6304-0899","月・火・水・木・金・土・日・祝日 11:00 - 22:00 ・お並び頂く場合も22:00受付終了となります ・","","18席","無","全席禁煙","予約不可","","無","西武新宿駅北口から 徒歩5分、南口からは 徒歩7分 JR新宿駅西口から 徒歩10分 西武新宿駅から157m","https://tblg.k-img.com/restaurant/images/Rvw/194043/320x320_rect_5ce76874be62a94bad7d34eeec4dcd24.jpg","初台SC"
"ブレッツ カフェ クレープリー 新宿タカシマヤ店","3.52","1340","69649","カフェ/フレンチ/クレープ・ガレット","新宿駅","\2,000～\2,999","\1,000～\1,999","https://tabelog.com/tokyo/A1304/A130401/13039529/","東京都渋谷区千駄ヶ谷5-24-2 新宿タカシマヤ 13F","1510051","35.68786623788601","139.70227278333465","03-5361-1335","11:00 - 23:00 L.O. 22:00","不定休","48席 （店内テーブル48席+テラス40席以上あり）","無","全席禁煙","予約可","","有 髙島屋駐車場￥3000以上のご利用で1時間ご優待","JR新宿駅「新南口」徒歩2分 都営新宿線・大江戸線・京王新線新宿駅徒歩5分 新宿駅から343m","https://tblg.k-img.com/restaurant/images/Rvw/69599/640x640_rect_69599430.jpg","初台SC"
"ブレッツカフェ クレープリー 表参道店","3.52","1329","71892","クレープ・ガレット/フレンチ/カフェ","表参道駅","\2,000～\2,999","\1,000～\1,999","https://tabelog.com/tokyo/A1306/A130602/13001968/","東京都渋谷区神宮前3-5-4","1500001","35.66875463790133","139.71230888313457","03-3478-7855","月・火・水・木・金 11:00 - 23:00 L.O. 22:00 土・日・祝日 11:00 - 22:00 L.O. 21:30","","54席","無","全席禁煙","予約可","","無","東京メトロ「表参道駅」 A2出口より徒歩6分 表参道駅から398m","https://tblg.k-img.com/restaurant/images/Rvw/62998/640x640_rect_62998115.jpg","初台SC"
"4番サード魚真","3.52","1039","84600","居酒屋/海鮮/かに","神泉駅","\4,000～\4,999","-","https://tabelog.com/tokyo/A1303/A130301/13001785/","東京都渋谷区松濤1-29-5 松濤ＣＳコート　１Ｆ","1500046","35.660079337901294","139.69488448305913","03-3464-4477","月・火・水・木・金・土 17:00 - 23:00 L.O. 22:30 日・祝日 17:00 - 22:30 L.O. 22:00","不定休","60席","有 （10～20人可） 個室12名様よりご利用可能","全席禁煙","予約可","","無","京王井の頭線神泉駅から徒歩5分 JR各線・東京メトロ各線・東急東横線渋谷駅から徒歩15分 神泉駅から330m 神泉駅から331m","https://tblg.k-img.com/restaurant/images/Rvw/123565/640x640_rect_123565831.jpg","初台SC"
"十番","3.52","943","31273","中華料理/ラーメン/餃子","東中野駅","\1,000～\1,999","\1,000～\1,999","https://tabelog.com/tokyo/A1319/A131901/13013490/","東京都中野区東中野3-7-26","1640003","35.70714915867279","139.68237413470516","03-3371-0010","月・火・木・金・土・日 11:30 - 14:00 17:00 - 20:00 水","","22席 （カウンター6席、テーブル16席）","無","全席禁煙","予約不可","餃子 百名店 2021","無","JR中央線「東中野」駅(西口)から徒歩2分 東中野駅から159m","https://tblg.k-img.com/restaurant/images/Rvw/188529/640x640_rect_50ec01b5683b59811dc5eeaefcf049af.jpg","初台SC"
"焼鳥 みかど","3.52","912","53719","焼き鳥/居酒屋","新宿三丁目駅","\8,000～\9,999","\6,000～\7,999","https://tabelog.com/tokyo/A1304/A130401/13254421/","東京都新宿区新宿3-31-1 大伸第2ビル 9F","1600022","35.69055883788495","139.7043327833604","03-5315-0947","12:00 - 15:00 17:00 - 23:00","","24席 （貸切希望の場合はお電話にてお問い合わせ下さい。）","有 （2人可、4人可、6人可、8人可、10～20人可、20～30人可） お席に関するお問い合わせもお気軽にお電話下さい♪","全席禁煙","予約可","焼き鳥 百名店 2023","無","東京メトロ丸ノ内線 新宿三丁目駅 徒歩1分 JR山手線 新宿駅 徒歩3分 新宿三丁目駅から61m","https://tblg.k-img.com/restaurant/images/Rvw/207533/640x640_rect_50339be3f77c3b7030cd4d928f457c91.jpg","初台SC"
"メーヤウ","3.52","909","41290","タイ料理","信濃町駅","\1,000～\1,999","\1,000～\1,999","https://tabelog.com/tokyo/A1309/A130901/13000930/","東京都新宿区信濃町21 大門ビル　Ｂ１Ｆ","1600016","35.6826441987003","139.71990222443134","03-3355-0280","月・火・水・木・金・土 11:30 - 15:30 日・祝日","日曜","30席 （カウンター5席、テーブル5席）","無","全席禁煙","予約不可","アジア・エスニック 百名店 2024 / カレー 百名店 2020","無 隣接地にコイン・パーキングあり","ＪＲ中央線（各駅停車）【信濃町駅】徒歩５分 東京メトロ丸ノ内線【四谷三丁目駅】徒歩８分 信濃町駅から292m","https://tblg.k-img.com/restaurant/images/Rvw/288024/640x640_rect_ddae1633b2f3a260c340c8f019f4b417.jpg","初台SC"
"川香苑 本格四川料理","3.52","886","50373","四川料理/居酒屋/小籠包","新宿西口駅","\3,000～\3,999","-","https://tabelog.com/tokyo/A1304/A130401/13043276/","東京都新宿区歌舞伎町1-16-12 蓬麻ビル 2F","1600021","35.69386543788223","139.70238288339516","03-5272-2118","月・火・水・木・金・祝日・祝後日 17:00 - 01:00 土・日 11:00 - 14:30 17:00 - 01:00 祝前日 17:00 - 10:00","年中無休","40席 （うちカウンター7席）","無","全席禁煙","予約可","中国料理 百名店 2021","無 サブナード地下有料駐車場近く","地下鉄メトロ 丸ノ内線【新宿駅】 徒歩２分 【新宿三丁目駅】徒歩４分 西武新宿線【西武新宿駅】徒歩４分 ＪＲ山手線・中央線【新宿駅】東口 徒歩５分 都営地下鉄大江戸線【新宿西口駅】 徒歩８分 歌舞伎町さくら通りの電光掲示門をくぐって２つ先の左側のビル。エレベーターがあるビルの入口に、店の看板があるのが目印。 新宿西口駅から296m","https://tblg.k-img.com/restaurant/images/Rvw/345578/640x640_rect_f7ac28f3feef5ec02600f3a68b1d681f.jpg","初台SC"
"創作和食と美酒 うのさと","3.52","773","61426","居酒屋/海鮮/創作料理","渋谷駅","\5,000～\5,999","-","https://tabelog.com/tokyo/A1303/A130301/13007482/","東京都渋谷区宇田川町36-11","1500042","35.661644537900926","139.6968539830736","03-3496-2087","月・火・水・木・金 17:30 - 23:30 L.O. 料理22:30 ドリンク23:00 土 17:00 - 23:30 L.O. 料理22:30 ドリンク23:00 日・祝日 17:00 - 2","","50席","無","全席禁煙 入口に喫煙スペース有","予約可","","無","JR渋谷駅より徒歩6分 渋谷駅から503m","https://tblg.k-img.com/restaurant/images/Rvw/300612/640x640_rect_b1c8ddf84ee826a1ad42da516f7965fd.jpg","初台SC"
"JAM17 DINING","3.52","757","21652","イタリアン/ステーキ/パスタ","西武新宿駅","\8,000～\9,999","\3,000～\3,999","https://tabelog.com/tokyo/A1304/A130401/13284073/","東京都新宿区歌舞伎町1-29-1 東急歌舞伎町タワー 17F","1600021","35.69589665677559","139.70064881630537","03-6233-8888","11:30 - 22:00 L.O. 料理21:00 ドリンク21:30","","132席","無","全席禁煙","予約可","","有 歌舞伎町タワー共同駐車場","西武新宿線「西武新宿駅」から徒歩1分。 JR各線「新宿駅」東口から徒歩７分、 東京メトロ丸ノ内線「新宿駅」アルタ前B13出口から6分。 西武新宿駅から58m","https://tblg.k-img.com/restaurant/images/Rvw/359445/640x640_rect_54bd038f444cbe17d289460cbf470b61.jpg","初台SC"
"モンシリ","3.52","706","42364","韓国料理/焼肉","新宿三丁目駅","\3,000～\3,999","-","https://tabelog.com/tokyo/A1304/A130401/13056691/","東京都新宿区歌舞伎町1-1-5 ドゥ・ベルフィーユ1F","1600021","35.69428723796171","139.70515171283853","03-5155-7598","15:00 - 01:30","","90席 （小上がり座敷：１６席前後）","無","全席喫煙可 保護者同伴で有れば20歳未満の方も来店可能です。 2020年4月1日より受動喫煙対策に関する法律(改正健康増進法）が施行されており、最新の情報と異なる場合がございますので、ご来店前に店舗にご確認ください。","予約可","","無","東京メトロ丸ノ内線【新宿駅】徒歩５分 東京メトロ丸ノ内線・副都心線、都営地下鉄新宿線【新宿三丁目駅】徒歩６分 西武新宿線【西武新宿駅】徒歩７分 ＪＲ各線【新宿駅】徒歩７分 新宿三丁目駅から381m","https://tblg.k-img.com/restaurant/images/Rvw/42454/640x640_rect_42454838.jpg","初台SC"
"韓感","3.52","680","49245","焼肉/韓国料理/ホルモン","西新宿駅","\4,000～\4,999","～\999","https://tabelog.com/tokyo/A1304/A130401/13049140/","東京都新宿区西新宿7-19-6 東洋ビル　１Ｆ","1600023","35.69504193787937","139.6957560834117","03-3371-3949","月・火・水・木・金 11:30 - 14:30 17:00 - 23:00 L.O. 22:30 土・日・祝日 16:30 - 23:00 L.O. 22:30","","52席 （テーブル14卓 ）","無","全席禁煙","予約可","","無 近隣にコインパーキングあり","丸ノ内線「西新宿駅」徒歩3分 JR「新宿駅」西口徒歩7分 西新宿駅から265m","https://tblg.k-img.com/restaurant/images/Rvw/177524/640x640_rect_e530397fe4ac61749cc65d616733d597.jpg","初台SC"
"焼肉 黒田","3.52","680","24928","焼肉/ダイニングバー/居酒屋","神泉駅","\8,000～\9,999","-","https://tabelog.com/tokyo/A1303/A130301/13235527/","東京都渋谷区円山町1-16 しぶまる館 1F・2F","1500044","35.65967623790161","139.69505028305497","03-6455-2600","月・火・水・木・金・土・日・祝日・祝前日・祝後日 17:00 - 04:00 L.O. 料理02:30 ドリンク03:00","","32席 （1階：全20席、2階：全12席）","有 （2人可、4人可、6人可、8人可、10～20人可） 最大10名様での個室のご案内が可能です ※10名でご利用の場合はお電話にてお問い合わせくださいませ。","分煙（加熱式たばこ限定） 1F(加熱式タバコ専用喫煙席）、2F：完全個室(加熱式タバコ専用喫煙席)、2F：半個室(禁煙席) 2020年4月1日より受動喫煙対策に関する法律(改正健康増進法）が施行されており、最新の情報と異なる場合がございますので、ご来店前に店舗にご確認ください。","予約可","","無 近隣にコインパーキングあり","神泉駅から徒歩4分、渋谷駅から徒歩7分 渋谷コワーキングスペース【WORK COURT(ワークコート)】という建物の向かいの路地を 入ってすぐのところにございます。 繁華街の喧騒から少し外れた閑静な場所にございます。 神泉駅から296m","https://tblg.k-img.com/restaurant/images/Rvw/269275/640x640_rect_91d5134eef6bb990acb2aa41d3423c5b.jpg","初台SC"
"イルキャンティ 本店(笹塚)","3.52","660","34002","イタリアン/ダイニングバー","笹塚駅","\3,000～\3,999","\1,000～\1,999","https://tabelog.com/tokyo/A1318/A131808/13001064/","東京都渋谷区笹塚3-16-2 キャンティビル 1F","1510073","35.67683733788212","139.66809128324718","03-3378-0945","火・水・木・金 11:30 - 14:30 L.O. 14:00 17:30 - 22:30 L.O. 料理21:30 ドリンク22:00 土 11:30 - 14:30 L.O. 14:00 17:","月曜","32席","無","全席禁煙","予約可","","有 専用駐車場5台","京王線 笹塚駅から徒歩6分 笹塚駅から346m","https://tblg.k-img.com/restaurant/images/Rvw/120020/640x640_rect_120020225.jpg","初台SC"
"ホームズパスタ 渋谷本店","3.52","650","42616","パスタ","渋谷駅","-","\1,000～\1,999","https://tabelog.com/tokyo/A1303/A130301/13010478/","東京都渋谷区宇田川町13-16 国際ビル 3F","1500042","35.66143161870694","139.69844403423212","03-3464-4100","月・火・水・木・金・土 11:30 - 23:00 L.O. 22:00 日・祝日 11:30 - 22:00 L.O. 21:00","","20席","無","全席禁煙","予約不可","","無","渋谷駅徒歩５分 渋谷駅から377m","https://tblg.k-img.com/restaurant/images/Rvw/357221/640x640_rect_e7644ad352f104a97b985807e2575a15.jpg","初台SC"
"三国一 西口店","3.52","634","13447","うどん/居酒屋","新宿駅","\1,000～\1,999","～\999","https://tabelog.com/tokyo/A1304/A130401/13024687/","東京都新宿区西新宿1-13-10 西新宿昭和ビル","1600023","35.68997895868823","139.69660973452176","03-3344-3591","月・火・水・木・金 11:00 - 22:00 L.O. 料理21:30 土 11:00 - 15:00 L.O. 料理14:30 17:00 - 21:00 L.O. 料理20:30 日・祝日 11","","135席","有 （6人可、8人可、10～20人可、20～30人可、30人以上可） テーブル個室あり（1室/5名～16名様用） ※個室の詳細はお店にお問い合わせください","全席禁煙 煙が流出しないように仕切り・壁があります","予約可","","無 近隣にコインパーキングあり","JR新宿駅から徒歩2分・大江戸線都庁前駅から徒歩5分 新宿駅から313m","https://tblg.k-img.com/restaurant/images/Rvw/366013/640x640_rect_c7ed203b1fade5236c00854d2bd873bc.jpg","初台SC"
"CONROW 渋谷道玄坂","3.52","591","27866","タイ料理/居酒屋/カレー","神泉駅","\3,000～\3,999","～\999","https://tabelog.com/tokyo/A1303/A130301/13128650/","東京都渋谷区円山町5-20 道玄坂サンクスビル B1F","1500044","35.65725193790339","139.69581688302995","03-6416-1723","月・火・水・木・金 11:30 - 15:00 L.O. 14:30 17:30 - 23:00 L.O. 料理22:00 ドリンク22:30 土・日・祝日 11:30 - 15:00 L.O. 14","","25席","無","分煙（加熱式たばこ限定） ランチタイムは全席禁煙 2020年4月1日より受動喫煙対策に関する法律(改正健康増進法）が施行されており、最新の情報と異なる場合がございますので、ご来店前に店舗にご確認ください。","予約可","","無","渋谷駅より徒歩6分 京王井の頭線、神泉駅より徒歩２分 神泉駅から200m","https://tblg.k-img.com/restaurant/images/Rvw/24904/640x640_rect_24904425.jpg","初台SC"
"珈琲 タイムス","3.52","565","21076","喫茶店/カフェ/バー","新宿駅","～\999","～\999","https://tabelog.com/tokyo/A1304/A130401/13059046/","東京都新宿区新宿3-35-11 タイムスビル 1F","1600022","35.690228637884545","139.7024593833584","03-3354-1948","月・火・水・木・日 08:00 - 22:00 金・土 08:00 - 23:30","無休","81席 （カウンター3席、テーブル78席）","無","全席喫煙可 2020年4月1日より受動喫煙対策に関する法律(改正健康増進法）が施行されており、最新の情報と異なる場合がございますので、ご来店前に店舗にご確認ください。","予約不可","","無","JR新宿駅東南口 徒歩1分 小田急線新宿駅南口 徒歩2分 丸の内線新宿3丁目駅 徒歩2分 新宿駅から219m","https://tblg.k-img.com/restaurant/images/Rvw/360701/640x640_rect_00e485f1eecc0d43d5fa2f4684146178.jpg","初台SC"
"新宿ニューれば屋","3.52","563","40618","焼き鳥/居酒屋/日本酒バー","新宿三丁目駅","\4,000～\4,999","-","https://tabelog.com/tokyo/A1304/A130401/13202109/","東京都新宿区新宿3-8-9 平生ビルディング B1F","1600022","35.69063583788566","139.70671168335952","03-6709-8955","月・火・水・木・金・土 17:00 - 22:30 日・祝日 16:30 - 22:30","","46席","無","全席禁煙 電子タバコも不可","予約可","","無","新宿三丁目C5出口目の前 JR新宿駅より徒歩約10分 都営新宿線新宿三丁目駅より100m 副都心線、丸ノ内線新宿三丁目駅より220m 新宿三丁目駅から166m","https://tblg.k-img.com/restaurant/images/Rvw/61392/320x320_rect_61392474.jpg","初台SC"
"八月の鯨","3.52","550","28227","バー","渋谷駅","\3,000～\3,999","-","https://tabelog.com/tokyo/A1303/A130301/13001917/","東京都渋谷区宇田川町28-13 渋谷門ビル　Ｂ１Ｆ","1500042","35.660516728707435","139.69817342422303","03-3476-7238","18:00 - 04:00","不定休","21席 （カウンター10席、テーブル9～10席）","無","分煙（加熱式たばこ限定） 階によって変わる 2020年4月1日より受動喫煙対策に関する法律(改正健康増進法）が施行されており、最新の情報と異なる場合がございますので、ご来店前に店舗にご確認ください。","予約不可","","無 近隣に駅から遠い方に何件かあり","渋谷駅からセンター街を歩いて、交番を過ぎた左あたり。 渋谷駅から334m","https://tblg.k-img.com/restaurant/images/Rvw/339005/640x640_rect_f75ab100c2d4627358fb18e3d53b6d8a.jpg","初台SC"
"新宿 六","3.52","536","71699","居酒屋/海鮮/ダイニングバー","新宿三丁目駅","\4,000～\4,999","～\999","https://tabelog.com/tokyo/A1304/A130401/13241839/","東京都新宿区新宿6-4-2 コスモス新宿18 M1F","1600022","35.69345973788489","139.70995748338575","03-6384-1748","月・火・水・木・金 11:30 - 15:00 L.O. 14:30 17:00 - 23:00 L.O. 料理22:00 ドリンク22:30 土・日・祝前日 17:00 - 23:00 L.O. 料","","22席 （カウンター：8席 テーブル：10席 半個室：4席）","有 （4人可） 半個室有4名様?5名様","分煙 個室のみ喫煙可 2020年4月1日より受動喫煙対策に関する法律(改正健康増進法）が施行されており、最新の情報と異なる場合がございますので、ご来店前に店舗にご確認ください。","予約可","","無","新宿三丁目駅C7出口から5分 新宿三丁目駅から541m","https://tblg.k-img.com/restaurant/images/Rvw/121038/640x640_rect_121038097.jpg","初台SC"
"横濱家系ラーメン 川島家","3.52","533","7477","ラーメン/つけ麺","渋谷駅","～\999","～\999","https://tabelog.com/tokyo/A1303/A130301/13297493/","東京都渋谷区渋谷2-19-20 宮益坂村瀬ビル 1F","1500002","35.65976392476687","139.70464931434796","03-6450-6313","月・火・水・木・金・土・日・祝日・祝前日・祝後日 24時間営業 年中無休","","15席 （カウンター席）","無 カウンター席15席","全席禁煙","予約不可","","無 お近くのコインパーキングにお止めください","渋谷駅から徒歩3分 【24時間営業しております！！！】 渋谷駅から307m","https://tblg.k-img.com/restaurant/images/Rvw/248690/640x640_rect_b3e05b02c8199d0ba796c070cf05d10b.jpg","初台SC"
"Sushi Bar にぎりて","3.52","515","31408","寿司/バー/海鮮","新宿西口駅","\4,000～\4,999","\2,000～\2,999","https://tabelog.com/tokyo/A1304/A130401/13182746/","東京都新宿区西新宿7-9-15 新宿ダイカンプラザビジネス清田ビル108","1600023","35.69474493788038","139.6983333834069","03-6908-5178","月 12:30 - 14:00 17:00 - 23:00 火・水・木・金 11:30 - 14:00 17:00 - 23:00 土・祝日 11:30 - 22:00 日","","15席 （全席カウンター）","無","全席禁煙","予約可","","有 近隣にコインパーキングあり","・新宿西口（1分） ・新宿(東京メトロ)（3分） ・西武新宿（5分） 新宿西口駅から147m","https://tblg.k-img.com/restaurant/images/Rvw/92990/640x640_rect_92990779.jpg","初台SC"
"みなと屋","3.52","493","29243","たこ焼き/明石焼き/かき氷","笹塚駅","\1,000～\1,999","\1,000～\1,999","https://tabelog.com/tokyo/A1318/A131808/13154898/","東京都渋谷区笹塚2-41-20 岡田ビル 1F","1510073","35.67579663788276","139.66804918323672","03-6383-3120","月・火・木・金 11:00 - 20:00 L.O. 19:30 土・日・祝日 11:00 - 18:00 水","","10席 （4人可能なテーブル席が1席、Max12席）","無","全席禁煙","予約不可","","無","笹塚駅から徒歩5分程度 笹塚駅から233m","https://tblg.k-img.com/restaurant/images/Rvw/107569/640x640_rect_107569921.jpg","初台SC"
"叙々苑 新宿小田急ハルク店","3.52","479","6306","焼肉/日本料理/韓国料理","新宿西口駅","\10,000～\14,999","\3,000～\3,999","https://tabelog.com/tokyo/A1304/A130401/13011894/","東京都新宿区西新宿1-5-1 新宿西口ハルク 8F","1600023","35.692547737881874","139.6986376833845","03-3340-8989","月・火・水・木・金・土・日・祝日・祝前日・祝後日 11:00 - 22:30 L.O. 21:45 ランチタイム 月～金 11:00～16:00 土・日・祝 11:00～15:00","","204席","有 （6人可、8人可、10～20人可、20～30人可、30人以上可） ※個室をご利用の場合は別途、使用料(テーブル個室5％、座敷個室5％)を加算させていただきます。 ※座敷個室はお部屋を繋げて使用することができます。（最大36名）","全席禁煙 喫煙スペースをご利用ください。","予約可","","有 新宿西口駐車場 10,000円以上のご利用で2時間無料","JR新宿駅 西口 徒歩2分／地下鉄新宿駅 B18番出口 徒歩2分 新宿西口駅から123m","https://tblg.k-img.com/restaurant/images/Rvw/279857/640x640_rect_34ac488b61f26eb29c785c64774cd7b2.jpg","初台SC"
"La Fee Delice","3.52","476","44267","ビストロ/ワインバー/クレープ","明治神宮前駅","-","\2,000～\2,999","https://tabelog.com/tokyo/A1306/A130601/13043141/","東京都渋谷区神宮前5-11-13 1F","1500001","35.666655437900765","139.70637678311755","03-5766-4084","月・火・木・金・土・日・祝日・祝前日・祝後日 10:00 - 18:30 L.O. 料理17:45 ドリンク18:00 水","月曜日","20席 （うち8席はテラス席）","無","全席禁煙","予約可","","無","東京メトロ千代田線または副都心線「明治神宮前」徒歩３分。 東京メトロ千代田線または銀座線「表参道」徒歩7分 JR「原宿」徒歩7分 明治神宮前駅から243m","https://tblg.k-img.com/restaurant/images/Rvw/288190/640x640_rect_55869021d03dc1fdb1ff00587cc12ad5.jpg","初台SC"
"アフタヌーンティー・ラブアンドテーブル 表参道","3.52","469","17119","カフェ","表参道駅","\1,000～\1,999","\1,000～\1,999","https://tabelog.com/tokyo/A1306/A130601/13160856/","東京都渋谷区神宮前4-3-2","1500001","35.66709466870734","139.7110074142805","03-6447-1411","10:00 - 20:00 L.O. 19:30","","50席","無","全席禁煙","予約不可","","無","東京メトロ表参道駅より徒歩3分 JR原宿駅より徒歩10分 表参道駅から253m","https://tblg.k-img.com/restaurant/images/Rvw/178075/640x640_rect_453d228366fcd9a7c0b87e1397051e1f.jpg","初台SC"
"Hello! Donuts","3.52","448","10839","ドーナツ","新大久保駅","\1,000～\1,999","-","https://tabelog.com/tokyo/A1304/A130404/13275166/","東京都新宿区百人町2-2-7","1690073","35.7019796386821","139.70128858463968","03-6380-2449","11:00 - 22:00 L.O. 21:30 営業時間・","","","無","全席禁煙","予約不可","","無","新大久保駅から156m","https://tblg.k-img.com/restaurant/images/Rvw/364024/640x640_rect_5e8679f1f4ddde46f75745cc38f93c6f.jpg","初台SC"
"味噌ラーメン百庵 西新宿店","3.52","434","7106","ラーメン","西新宿駅","\1,000～\1,999","～\999","https://tabelog.com/tokyo/A1304/A130401/13275275/","東京都新宿区西新宿8-19-1 小林ビル 1F","1600023","35.69531953809568","139.6906439226086","03-6908-9888","月・火・水・木・金 11:00 - 22:00 L.O. 料理21:30 土・日・祝日 11:00 - 21:00 L.O. 料理20:30","","24席 （カウンター10席 ２名テーブル５ 4名テーブル１）","無","全席禁煙","予約不可","","無 近隣にコインパーキングあり","東京メトロ丸ノ内線【西新宿駅】徒歩４分 都営地下鉄大江戸線【都庁前駅】徒歩９分 西新宿駅から237m","https://tblg.k-img.com/restaurant/images/Rvw/182942/640x640_rect_60b8a5789435451bbda8a00638473b1f.jpg","初台SC"
"neel","3.52","431","30649","カフェ","北参道駅","\2,000～\2,999","\1,000～\1,999","https://tabelog.com/tokyo/A1303/A130301/13252907/","東京都渋谷区神宮前2-19-2","1500001","35.673670637897715","139.71074168318532","03-6885-9157","10:00 - 20:30 L.O. 20:00","不定休","20席","無","分煙 2020年4月1日より受動喫煙対策に関する法律(改正健康増進法）が施行されており、最新の情報と異なる場合がございますので、ご来店前に店舗にご確認ください。","予約不可","","無","原宿駅から徒歩10分/明治神宮前駅から徒歩10分/北参道駅から徒歩10分 北参道駅から699m","https://tblg.k-img.com/restaurant/images/Rvw/141002/640x640_rect_141002912.jpg","初台SC"
"サンデーブランチ 下北沢店","3.52","416","17011","カフェ/ケーキ/パンケーキ","下北沢駅","\1,000～\1,999","\1,000～\1,999","https://tabelog.com/tokyo/A1318/A131802/13004596/","東京都世田谷区北沢2-29-2 フェニキアビル 2F","1550031","35.66299437869588","139.66680200427007","03-5453-3366","月・火・水・木・金・土・日・祝日・祝前日・祝後日 11:00 - 19:30 L.O. 料理18:15 ドリンク18:45","不定休","60席","無","全席禁煙","予約不可","","無","京王井の頭線・小田急線 下北沢駅より172ｍ 下北沢駅から170m","https://tblg.k-img.com/restaurant/images/Rvw/356838/640x640_rect_0f790a44c312e7344314f6399e764b30.jpg","初台SC"
"ラテスト","3.52","380","19211","カフェ","表参道駅","～\999","～\999","https://tabelog.com/tokyo/A1306/A130602/13137443/","東京都渋谷区神宮前3-5-2 1F","1500001","35.668938388706614","139.71238948429814","03-3478-6276","10:00 - 19:00 営業時間・","","35席","無","全席禁煙","予約不可","","無 近隣にコインパーキング多数。","半蔵門線 表参道駅Ａ２出口より徒歩５分。 表参道駅から418m","https://tblg.k-img.com/restaurant/images/Rvw/19664/640x640_rect_19664351.jpg","初台SC"
"ミッケラー トウキョウ","3.52","371","34395","ビアバー","神泉駅","\1,000～\1,999","-","https://tabelog.com/tokyo/A1303/A130301/13208803/","東京都渋谷区道玄坂2-19-11 中村ビル 1F","1500043","35.659471828707424","139.696032144214","03-6427-0793","月・火・水・木 16:00 - 23:30 L.O. 23:30 金 16:00 - 01:00 L.O. 01:00 土 14:00 - 01:00 L.O. 01:00 日・祝日 14:00 - ","","12席","無","全席禁煙","予約可","","無","東京メトロ半蔵門線、東急田園都市線【渋谷駅】徒歩５分 京王井の頭線【渋谷駅】西口 徒歩５分 ＪＲ山手線【渋谷駅】ハチ公口 徒歩７分 東京メトロ銀座線【渋谷駅】徒歩８分 東京メトロ副都心線、東急東横線【渋谷駅】徒歩９分 神泉駅から327m","https://tblg.k-img.com/restaurant/images/Rvw/215052/640x640_rect_e7984ea438ce4785dffcc1144958b2eb.jpg","初台SC"
"THE WASHIN by 上越やすだ","3.52","370","21595","日本料理/海鮮/居酒屋","代々木八幡駅","\8,000～\9,999","\2,000～\2,999","https://tabelog.com/tokyo/A1318/A131810/13261588/","東京都渋谷区代々木5-7-5 ポータルポイント代々木公園 1F","1510053","35.669791837893044","139.68835268316184","03-6407-8837","火・水・木・金・土・日・祝日 11:30 - 15:00 L.O. 料理14:00 ドリンク14:30 17:30 - 22:00 L.O. 料理21:00 ドリンク21:30 月","月曜","62席","有 （2人可、4人可、6人可、8人可、10～20人可） 完全個室で7名以上をご希望の場合は店舗までお問合せ下さい。 完全個室２～6名 3部屋 半個室２～4名 3部屋 ご用意がございます。","全席禁煙","予約可","","無 近隣に有料コインパーキングがございます。","小田急線「代々木八幡駅北口」徒歩1分 千代田線「代々木公園駅」徒歩2分 代々木公園から徒歩4分 代々木上原駅から徒歩9分 渋谷駅よりタクシーで7分 新宿駅よりタクシーで10分 PORTAL POINT Yoyogi-Koen １F 代々木八幡駅から88m","https://tblg.k-img.com/restaurant/images/Rvw/320530/640x640_rect_024bbdafd0a2550ce8ce0ba13ac866e9.jpg","初台SC"
"横浜家系 侍 池尻店","3.52","369","11539","ラーメン","駒場東大前駅","\1,000～\1,999","\1,000～\1,999","https://tabelog.com/tokyo/A1318/A131801/13019928/","東京都世田谷区池尻4-12-14","1540001","35.65548920868928","139.67882498920457","03-3487-8638","火・水・木・金・土 11:00 - 21:00 日 10:00 - 15:00 月","月曜日","11席 （カウンターのみ）","無","全席禁煙","予約不可","","無 近隣にコインパーキングあり","京王井の頭線「駒場東大前駅」より徒歩7分ほど バス停「池尻住宅前」降りてすぐ 駒場東大前駅から591m","https://tblg.k-img.com/restaurant/images/Rvw/220253/640x640_rect_231d4abc707e97fed5921037f542a3cf.jpg","初台SC"
"MOVE CAFE","3.52","347","32111","カフェ/ビアバー/ダイニングバー","新宿三丁目駅","\1,000～\1,999","\1,000～\1,999","https://tabelog.com/tokyo/A1304/A130401/13053673/","東京都新宿区新宿5-16-7 加丸屋ビル2F・3F","1600022","35.69272653788414","139.706144383381","","月・火・水・木・金・土・日・祝日・祝前日・祝後日 10:00 - 19:00 L.O. 18:30","不定休","17席 （テーブル席12席（テーブル5卓）、5名掛けのダイニングテーブル（相席になる場合がございます））","有 （2人可） 半個室で、扉はございません。 ＊3名様までのお席になります。席指定のご予約はできません。","全席禁煙","","","無 近隣にコインパーキングあり","・JR 新宿駅東口から徒歩8分 ・丸井メンズ館のすぐ隣りです ・東京メトロ副都心線「新宿3丁目」駅 E2出口正面 ・↑雨の日は新宿3丁目のE2出口から来ていただくと地上を歩く距離が30mほどですので、雨にあまりぬれずにご来店いただけますのでオススメです 新宿三丁目駅から236m","https://tblg.k-img.com/restaurant/images/Rvw/315108/640x640_rect_ab961546e1553c8dd77e7c98d026c8d9.jpg","初台SC"
"ル サロン ド ニナス 小田急百貨店新宿","3.52","343","17328","カフェ","新宿西口駅","\1,000～\1,999","\2,000～\2,999","https://tabelog.com/tokyo/A1304/A130401/13215518/","東京都新宿区西新宿1-5-1 小田急ハルク　M2F","1600023","35.69254856868724","139.69863843454627","03-6304-5025","月・火・水・木・金・土 10:00 - 20:30 日・祝日 10:00 - 20:00 営業時間・","","102席","無","全席禁煙","予約可","","有","新宿西口駅から123m","https://tblg.k-img.com/restaurant/images/Rvw/150193/640x640_rect_150193367.jpg","初台SC"
"山西亭","3.52","342","25244","中華料理/刀削麺/担々麺","東新宿駅","\2,000～\2,999","～\999","https://tabelog.com/tokyo/A1304/A130401/13178762/","東京都新宿区大久保2-6-10 B1Ｆ","1690072","35.70170073787903","139.70793978347044","03-3202-7808","月・火・水・木・金・土 11:00 - 15:00 17:30 - 23:30 L.O. 23:00 日","","40席 （テーブル20席 個室20席）","有 （6人可、8人可、10～20人可） 4名から8名×１，12名","全席禁煙 店外は喫煙可能","予約可","","無 近隣にコインパーキングあり","副都心線、都営大江戸線 東新宿駅 エレベーター出口から徒歩２分 B1出口から徒歩３分 B2出口から徒歩５分 B3出口から徒歩２分 東新宿駅から422m","https://tblg.k-img.com/restaurant/images/Rvw/296528/640x640_rect_52faddff438a942bf1ddf6934b6b29ac.jpg","初台SC"
"日本料理 「十二颯」 ヒルトン東京","3.52","338","7517","日本料理/寿司/海鮮","西新宿駅","\10,000～\14,999","\4,000～\4,999","https://tabelog.com/tokyo/A1304/A130401/13172871/","東京都新宿区西新宿6-6-2 ヒルトン東京　２Ｆ","1600023","35.69273263787939","139.69122148339156","03-3344-5111","11:30 - 15:00 L.O. 14:30 17:30 - 22:00 L.O. 21:00","","141席","有 （2人可、4人可、6人可、8人可、10～20人可） ■個室3部屋 ルームチャージ：ランチ時 5,000円～ / ディナー時 10,000円～ ■セミプライベートルーム4部屋 ルームチャージ：ランチ時 3,000～円 / ディナー時 5,000～円","全席禁煙","予約可","","有 3,000円以上ご飲食の場合、3時間30分まで無料。（延長250円／30分）","地下鉄丸ノ内線西新宿駅 Ｃ８出口 徒歩2分 地下鉄都営大江戸線都庁前駅 徒歩3分 ＪＲ新宿駅 西口 徒歩10分 西新宿駅から258m 西新宿駅から237m","https://tblg.k-img.com/restaurant/images/Rvw/64541/640x640_rect_64541877.jpg","初台SC"
"煮干しそば 虎愼","3.52","327","7768","ラーメン/つけ麺","中野新橋駅","\1,000～\1,999","\1,000～\1,999","https://tabelog.com/tokyo/A1319/A131903/13148908/","東京都中野区弥生町3-17-2","1640013","35.686734237877964","139.6747846833425","非公開","月・木 11:30 - 15:00 金・土・日 11:30 - 15:00 18:00 - 20:30 祝日 11:30 - 22:10 L.O. 21:30 火・水","","6席 （カウンターのみ）","無","全席禁煙","予約不可","","無 裏手にコインパーキング（３台）。斜め向かいにコインパーキング。","東京メトロ丸ノ内線・中野新橋駅から徒歩10分 都営地下鉄大江戸線・西新宿五丁目駅から徒歩12分 新宿駅西口より京王バス：新宿33系統「永福町行」 または 同バス：新宿32系統「佼成会聖堂前」行で、弥生町３丁目下車すぐ。 中野新橋駅から636m","https://tblg.k-img.com/restaurant/images/Rvw/85326/640x640_rect_85326608.jpg","初台SC"
"洋食 KOBAYA","3.52","306","14575","洋食","新宿御苑前駅","\1,000～\1,999","\1,000～\1,999","https://tabelog.com/tokyo/A1304/A130402/13105049/","東京都新宿区富久町16-14","1620067","35.69171197869221","139.71259061452807","03-3341-8642","月・火・水・木・金 12:00 - 15:00 19:00 - 21:00 L.O. 20:30 土 12:00 - 15:00 日・祝日","","13席","無","全席喫煙可 昼は完全禁煙、夜は喫煙可 2020年4月1日より受動喫煙対策に関する法律(改正健康増進法）が施行されており、最新の情報と異なる場合がございますので、ご来店前に店舗にご確認ください。","予約不可","","無","新宿御苑前駅徒歩6分 新宿御苑前駅から383m","https://tblg.k-img.com/restaurant/images/Rvw/334174/640x640_rect_23a6a258b7c87caec791761133b4ae72.jpg","初台SC"
"さささのさ","3.52","282","14799","居酒屋/海鮮/ろばた焼き","笹塚駅","\4,000～\4,999","-","https://tabelog.com/tokyo/A1318/A131808/13224289/","東京都渋谷区笹塚1-16-5","1510073","35.67226693788527","139.6688678832005","03-6804-8853","17:00 - 00:00 L.O. 料理23:00 ドリンク23:30","不定休","35席 （2階席最大?20名様！！貸切OKです！）","有 （8人可）","全席禁煙","予約可","","無","笹塚駅徒歩２分。 観音通り商店街内 笹塚駅から214m","https://tblg.k-img.com/restaurant/images/Rvw/136704/640x640_rect_136704361.jpg","初台SC"
"銀座 久兵衛 京王プラザホテル店","3.52","263","6292","寿司","都庁前駅","\20,000～\29,999","\8,000～\9,999","https://tabelog.com/tokyo/A1304/A130401/13000776/","東京都新宿区西新宿2-2-1 京王プラザホテル 本館 7F","1600023","35.6899932378822","139.6945756833615","03-3344-0315","11:30 - 14:30 L.O. 14:00 17:00 - 22:00 L.O. 21:30","なし","33席","有 （4人可、6人可、8人可、10～20人可） 10人迄","全席禁煙","予約可","","有","JR線「新宿駅」西口より徒歩5分 京王線・小田急線「新宿駅」徒歩5分 東京メトロ丸ノ内線「新宿駅」徒歩5分 都営地下鉄新宿線「新宿駅」徒歩5分 都営地下鉄大江戸線「都庁前駅」B1出口すぐ 都庁前駅から188m","https://tblg.k-img.com/restaurant/images/Rvw/280347/640x640_rect_15b5b20c5d682d4a4e07f9aa4b02a95b.jpg","初台SC"
"トレヴィーテ","3.52","257","9681","イタリアン/パスタ","南新宿駅","\8,000～\9,999","\3,000～\3,999","https://tabelog.com/tokyo/A1318/A131810/13287420/","東京都渋谷区代々木1-45-3 セントオフィス代々木 1F","1510053","35.68222730657294","139.69838752746475","03-5309-2457","月・火・水・木・金・土・祝日・祝前日・祝後日 11:30 - 14:00 L.O. 13:30 18:00 - 23:00 L.O. 21:30 日","月曜日","18席 （カウンター9席と5名掛けテーブル、2名テーブル２台）","無","全席禁煙","予約可","","無 近隣にコインパーキング有り","JR山手線、中央線、都営大江戸線 代々木駅から徒歩5分 小田急 南新宿駅 徒歩3分 新宿新南口徒歩10分 ハチ公バス 代々木1丁目バス停 徒歩1分 南新宿駅から147m 南新宿駅から148m","https://tblg.k-img.com/restaurant/images/Rvw/224816/640x640_rect_94e2532f690f06ba1ba2ebf5c2e71ec3.jpg","初台SC"
"松木家","3.52","254","20682","すき焼き/ダイニングバー/日本料理","神泉駅","\8,000～\9,999","-","https://tabelog.com/tokyo/A1303/A130301/13007240/","東京都渋谷区円山町6-8 松木家ビル 1F","1500044","35.65717776870845","139.69471328419175","03-3461-2651","月・火・水・木・金・土・祝前日・祝後日 17:30 - 22:00 L.O. 料理21:00 ドリンク21:30 日・祝日","日曜日","44席 （お座敷16席、テーブル14席、BARエリア丸テーブル12席、カウンター席あり）","有 13名から お座敷貸切。","全席禁煙","予約可","すき焼き・しゃぶしゃぶ 百名店 2024","無 近くのコイン・パーキング：円山町7-10に8台収容、ほか","京王井の頭線【神泉駅】徒歩２分 京王井の頭線【渋谷駅】徒歩６分 東京メトロ半蔵門線・東急田園都市線【渋谷駅】徒歩８分 ＪＲ山手線・埼京線【渋谷駅】徒歩９分 渋谷方面からの場合、駅から道玄坂上交番まで歩き、交番右折で徒歩数分。右手にあります。 神泉駅から101m","https://tblg.k-img.com/restaurant/images/Rvw/286884/640x640_rect_9b7309c151e64698c6f23a86413bc31d.jpg","初台SC"
"OGAWA COFFEE LABORATORY 下北沢","3.52","244","14818","コーヒースタンド","下北沢駅","～\999","～\999","https://tabelog.com/tokyo/A1318/A131802/13260375/","東京都世田谷区北沢3-19-20 reload 1-1","1550031","35.66334806869663","139.66987341427148","03-6407-0194","09:00 - 20:00 L.O. 19:30","なし","11席","無","全席禁煙","予約不可","","無","小田急線・京王井の頭線 下北沢駅徒歩約4分 下北沢駅から319m","https://tblg.k-img.com/restaurant/images/Rvw/157770/640x640_rect_157770146.jpg","初台SC"
"ラ・パレット","3.52","236","14707","カフェ/ケーキ","下北沢駅","\1,000～\1,999","\1,000～\1,999","https://tabelog.com/tokyo/A1318/A131802/13007301/","東京都世田谷区北沢2-30-3 サンセルボンビル ２Ｆ","1550031","35.66284239869611","139.66724204426822","03-3465-0740","火・水・木 11:00 - 17:00 L.O. 16:30 土・日 12:00 - 17:00 月・金","月曜日","","無","全席禁煙","予約不可","","無","小田急電鉄小田原線・京王電鉄井の頭線【下北沢駅】東口より徒歩2分 下北沢駅から150m","https://tblg.k-img.com/restaurant/images/Rvw/85309/320x320_rect_2a2224335e408ba1c61bb0c8c8dbb99c.jpg","初台SC"
"ミカサデコ&カフェ 神宮前","3.52","234","17004","カフェ/パンケーキ/イタリアン","明治神宮前駅","-","\1,000～\1,999","https://tabelog.com/tokyo/A1306/A130601/13244998/","東京都渋谷区神宮前6-13-2","1500001","35.66656313790054","139.70543608311726","03-6803-8630","月・火・水・木・金 11:00 - 18:00 L.O. 17:00 土・日・祝日 10:00 - 19:00 L.O. 18:00","","26席","無","全席禁煙","予約不可","","無","東京メトロ千代田線、副都心線「明治神宮前（原宿）駅」7番出口より徒歩約7分 JR山手線「渋谷駅」13番出口より徒歩約10分 明治神宮前駅から401m 明治神宮前駅から227m","https://tblg.k-img.com/restaurant/images/Rvw/358729/640x640_rect_b1a8dd8823412be5f9aed0fcfa6ed0f5.jpg","初台SC"
"HARETOKE","3.52","231","13038","居酒屋/日本酒バー/ステーキ","代々木駅","\4,000～\4,999","\3,000～\3,999","https://tabelog.com/tokyo/A1304/A130403/13196752/","東京都渋谷区千駄ヶ谷5-20-18 シーワイ代々木 1F","1510051","35.68327263788926","139.70331688328753","03-6274-8398","月・火・水・木・金 17:00 - 23:00 L.O. 料理22:00 土・日・祝日 16:00 - 23:00 L.O. 料理22:00","","28席","無","全席禁煙 新型コロナ対策の一環で定期的に空気の入れ替えしています！全席禁煙でよりクリーンな店内になりました！※入り口に灰皿あります","予約可","","無 近隣にコインパーキングあり?","JR代々木駅東口を出て左手に進み、小諸そばさんを右折して30mで右手に見える 日本酒の空瓶が並ぶお店が当店でござい? 代々木駅から128m","https://tblg.k-img.com/restaurant/images/Rvw/134179/640x640_rect_134179234.jpg","初台SC"
"GENTLE Sushi Bar","3.52","231","21590","寿司/海鮮","表参道駅","\15,000～\19,999","\6,000～\7,999","https://tabelog.com/tokyo/A1306/A130602/13251858/","東京都渋谷区神宮前5-47-6 B1F","1500001","35.663825037903095","139.7079912830878","050-3503-7871","月・火・水・木・金 11:30 - 15:00 L.O. 14:00 17:30 - 22:30 L.O. 料理21:30 ドリンク22:00 土 11:30 - 15:30 L.O. 14:30 1","","36席 （カウンター10席、プライベートカウンター6席、個室2部屋（コネクト時最大20名））","有 （4人可、6人可、8人可、10～20人可）","全席禁煙","予約可","","無 近隣にコインパーキングあり","表参道駅B2出口から徒歩7分 表参道駅から430ｍ 表参道駅から436m","https://tblg.k-img.com/restaurant/images/Rvw/258475/640x640_rect_4716e74fcb546314d15f0243df138b47.jpg","初台SC"
"いまここ","3.52","220","23418","日本料理/創作料理/居酒屋","神泉駅","\20,000～\29,999","\8,000～\9,999","https://tabelog.com/tokyo/A1303/A130301/13158104/","東京都渋谷区円山町25-8 1F","1500044","35.65585360870891","139.69348392417922","03-6277-5213","火・水・木・金・土 12:00 - 15:00 L.O. 料理13:00 ドリンク13:30 18:00 - 22:30 L.O. 22:00 月・日","日曜","28席 （カウンター2席／テーブル12席／半個室4席／完全個室10席）","有 （2人可、4人可、6人可、8人可） 半個室あり(最大4名まで）ランチ個室料 2200円（税込）、ディナー個室料5500円 完全個室（別邸）あり（4名?最大10名まで) ランチ個室料 5500円（税込）、ディナー個室料11000円","全席禁煙","予約可","","無 近隣にコインパーキングあり","京王井の頭線【神泉駅】徒歩２分 東京メトロ半蔵門線、東急田園都市線【渋谷駅】徒歩10分 ＪＲ山手線【渋谷駅】ハチ公口 徒歩12分 神泉駅から159m","https://tblg.k-img.com/restaurant/images/Rvw/347287/640x640_rect_7fac1cc8a68c49f895205ee2639a2992.jpg","初台SC"
"マル・デ・クリスチアノ","3.52","217","25403","ポルトガル料理/ヨーロッパ料理","代々木八幡駅","\8,000～\9,999","\6,000～\7,999","https://tabelog.com/tokyo/A1318/A131810/13173123/","東京都渋谷区富ヶ谷1-3-12 サンシティ富ヶ谷 4F","1510063","35.66933773789356","139.68901188315678","03-6804-7923","金 17:00 - 23:00 L.O. 22:00 土・日 12:00 - 15:00 L.O. 14:00 17:00 - 23:00 L.O. 22:00 月・火・水・木","","38席","無","全席禁煙 店外に喫煙スペースあり","予約可","","無","千代田線代々木公園駅より徒歩1分 小田急線代々木八幡駅より徒歩1分 代々木八幡駅から65m","https://tblg.k-img.com/restaurant/images/Rvw/101678/640x640_rect_101678839.jpg","初台SC"
"LATTE ART MANIA TOKYO","3.52","216","9123","カフェ","外苑前駅","-","\1,000～\1,999","https://tabelog.com/tokyo/A1306/A130603/13280352/","東京都港区北青山2-9-13","1070061","35.67120703790111","139.71649208315642","","09:00 - 23:00 営業時間・","","11席 （テーブル11席（2人掛け×5、ソファ×1））","無","全席禁煙","予約不可","","無","東京メトロ銀座線外苑前駅2番出口より徒歩1分 表参道駅より徒歩10分 外苑前駅から151m","https://tblg.k-img.com/restaurant/images/Rvw/351407/640x640_rect_a9ad94f1de9123ef661f4f7d31b721dd.jpg","初台SC"
"パニーニ一番","3.52","216","14132","カフェ/サンドイッチ","千駄ケ谷駅","～\999","～\999","https://tabelog.com/tokyo/A1304/A130403/13156338/","東京都渋谷区千駄ヶ谷1-21-3","1510051","35.67860561869961","139.7096753443977","03-6447-0940","月・火・水・木・金・土・日・祝日・祝前日・祝後日 08:00 - 21:00","","4席 （テーブル2席ベンチ2席）","無","全席禁煙","予約不可","","無","JR総武線 千駄ヶ谷駅 徒歩5分 東京メトロ副都心線 北参道駅 徒歩7分 千駄ケ谷駅から304m","https://tblg.k-img.com/restaurant/images/Rvw/177663/640x640_rect_50736d222924008fe76e883a48b17ffd.jpg","初台SC"
"フリーマン食堂","3.52","209","20279","カフェ/ダイニングバー","幡ケ谷駅","\3,000～\3,999","\1,000～\1,999","https://tabelog.com/tokyo/A1318/A131807/13252896/","東京都渋谷区西原2-27-4","1510066","35.67524373788641","139.67836498322393","03-6317-7262","火・水・木・金 12:00 - 15:00 18:00 - 22:00 土・日・祝日 12:00 - 22:00 月","","20席","無","全席禁煙","予約可","","無","幡ケ谷駅から259m","https://tblg.k-img.com/restaurant/images/Rvw/301330/640x640_rect_14ba3d1e73c5a27fe6e0d61a8d7d1687.jpg","初台SC"
"鮨屋のうおきん 神泉","3.52","206","10947","寿司/海鮮","神泉駅","\8,000～\9,999","-","https://tabelog.com/tokyo/A1303/A130301/13297134/","東京都渋谷区神泉町10-16 さつきビル 1F","1500045","35.65559583223853","139.69291214769171","03-6416-9494","月・火・水・木・金・祝前日・祝後日 18:00 - 20:00 20:30 - 23:00 土・日・祝日 17:00 - 19:00 19:30 - 22:00 月曜日?金曜日 18:00～/20:3","","10席 （カウンター10席のみの店舗です。）","無","全席禁煙 店舗周辺でのお煙草も堅くご遠慮願います。","完全予約制","","無","京王井の頭線 【神泉駅】より徒歩3分程度 JR・東急東横線・田園都市線、東京メトロ半蔵門線【渋谷駅】より徒歩15分程度 神泉駅から198m","https://tblg.k-img.com/restaurant/images/Rvw/250588/640x640_rect_7bff29ce52b699dc0b6431b814e40b3d.jpg","初台SC"
"御山","3.52","201","6103","ラーメン","新宿三丁目駅","-","\1,000～\1,999","https://tabelog.com/tokyo/A1304/A130401/13311422/","東京都新宿区新宿3-8-2 クロスビル 1F","1600022","35.69069013869095","139.70655438452195","","月・火・水・木・金・土・日・祝日・祝前日・祝後日 11:30 - 23:30 L.O. 23:00 【不定休】SNS等をご覧ください","","18席 （カウンター席、テーブル席）","無","全席禁煙","予約不可","","無","新宿三丁目駅 C5出口より徒歩1分 新宿三丁目駅から151m","https://tblg.k-img.com/restaurant/images/Rvw/359617/640x640_rect_151bd0dada97e9cc194da84aa0b7f309.jpg","初台SC"
"coffee＆tea BBB","3.52","196","6099","カフェ/喫茶店","西新宿駅","\1,000～\1,999","\1,000～\1,999","https://tabelog.com/tokyo/A1304/A130401/13052913/","東京都新宿区西新宿8-5-3 渡邊ビル2F","1600023","35.69461486868404","139.6927093745713","03-6427-6450","火・水・木・金 11:00 - 19:00 土 12:00 - 19:00 月・日","","25席 （カウンター5席、テーブル20席）","無","全席禁煙","予約不可","","無","東京メトロ丸ノ内線西新宿駅1番出口よりすぐ ＪＲ新宿駅西口より徒歩10分 医大交差点前 西新宿駅から39m","https://tblg.k-img.com/restaurant/images/Rvw/354573/640x640_rect_cf6b45899f3d25e2287d52cf8d45a94b.jpg","初台SC"
"旨辛タンメン 誠屋 新宿店","3.52","190","4658","ラーメン/つけ麺","西武新宿駅","\1,000～\1,999","\1,000～\1,999","https://tabelog.com/tokyo/A1304/A130401/13292804/","東京都新宿区歌舞伎町1-3-13","1600021","35.69475632868757","139.70406087456476","03-6826-9903","月・火・水・木・金 00:00 - 06:00 11:00 - 15:00 18:00 - 00:00 土・日 00:00 - 07:00 11:00 - 15:00 18:00 - 00:00 営業","","16席 （カウンター12席 テーブル席1卓）","有 （4人可）","全席禁煙","予約可","","無","西武新宿駅から391m","https://tblg.k-img.com/restaurant/images/Rvw/361418/640x640_rect_7ff81b3048a70c053237ce1851c39606.jpg","初台SC"
"CLOVE CAFE&BAKERY","3.52","187","9482","カフェ/パン/ケーキ","表参道駅","\1,000～\1,999","\1,000～\1,999","https://tabelog.com/tokyo/A1306/A130602/13305427/","東京都渋谷区神宮前4-2-14 B1F1F","1500001","35.666479984317164","139.71101764290597","03-6910-5422","月・火・水・木・金・土 08:30 - 21:00 日 09:30 - 21:00","","31席","無","全席禁煙","予約不可","","無 近隣にコインパーキングあり","表参道駅からA2出口徒歩1分 表参道駅から199m","https://tblg.k-img.com/restaurant/images/Rvw/284035/320x320_rect_7e9e535067ad8e3acd7394889ff36e4c.jpg","初台SC"
"燗アガリはなれ","3.52","178","13123","ろばた焼き/居酒屋","西武新宿駅","\5,000～\5,999","-","https://tabelog.com/tokyo/A1304/A130401/13291605/","東京都新宿区西新宿7-8-6 新宿ヴィンテージビル B1F","1600023","35.6958163381798","139.69782016603364","03-6279-1578","17:00 - 23:00","不定休","42席 （カウンター17席、個室5室(25席)）","有 （4人可、6人可、8人可）","全席禁煙","予約可","","無","新宿駅西口 徒歩9分 大江戸線新宿西口駅 徒歩5分 大久保駅 徒歩7分 西武新宿駅から209m","https://tblg.k-img.com/restaurant/images/Rvw/234145/640x640_rect_08f52caf290dc3e6b48078a12fbfeb55.jpg","初台SC"
"POSS COFFEE","3.52","174","6835","カフェ","新宿三丁目駅","\1,000～\1,999","\1,000～\1,999","https://tabelog.com/tokyo/A1304/A130401/13296393/","東京都新宿区新宿2-11-14 1F","1600022","35.690144898396305","139.70788570232642","","10:00 - 18:00 不定休 営業時間・","","","無","全席禁煙","予約不可","","無","新宿三丁目駅から282m","https://tblg.k-img.com/restaurant/images/Rvw/359419/640x640_rect_358eebd6ff56618d0d0633135d919635.jpg","初台SC"
"SHOGUN BURGER TOKYU KABUKICHO TOWER","3.52","173","3018","ハンバーガー","西武新宿駅","\3,000～\3,999","\2,000～\2,999","https://tabelog.com/tokyo/A1304/A130401/13297969/","東京都新宿区歌舞伎町1-29-1 東急歌舞伎町タワー  1F","1600021","35.695883968685855","139.70092962457838","03-6233-9629","11:00 - 23:00","","10席 （テーブル席10席位(内4人席2席、又は3席に出来ます。)）","無","全席禁煙","予約不可","","有 東急歌舞伎町タワーに24時間駐車場あり30分300円上限1,800円(12時間毎)駐車場未提携","西武新宿線 西武新宿駅から徒歩2分 西武新宿線沿いの東急歌舞伎町タワー裏側1階角 西武新宿駅から81m","https://tblg.k-img.com/restaurant/images/Rvw/358946/640x640_rect_bce50c7278dc28002e4a74bc61773c86.jpg","初台SC"
"レストラン シャルム","3.52","160","9668","フレンチ/ビストロ","南新宿駅","\10,000～\14,999","\5,000～\5,999","https://tabelog.com/tokyo/A1304/A130403/13190210/","東京都渋谷区代々木1-45-6 代々木リーフビル 1F","1510053","35.68226413869356","139.69797755444287","03-6276-3389","月・火・木・金・土・日 12:00 - 15:00 L.O. 13:30 18:00 - 22:00 L.O. 20:00 水","水曜日","20席","無 半個室のご利用は、他のご予約状況・ご予算に応じて対応させて頂いています。ご相談ください。","全席禁煙","予約可","","無 近隣にコインパーキング有り","JR代々木駅西口より徒歩５分 都営大江戸線代々木駅A1出口より徒歩５分(閉鎖中) 小田急線南新宿より徒歩５分 新宿駅よりタクシー10分程度 南新宿駅から156m","https://tblg.k-img.com/restaurant/images/Rvw/45984/640x640_rect_45984520.jpg","初台SC"
"emuN","3.52","158","12355","フレンチ","代々木上原駅","\20,000～\29,999","\10,000～\14,999","https://tabelog.com/tokyo/A1318/A131811/13111543/","東京都渋谷区西原3-11-9 蜂章ビル 3F","1510066","35.66940833789059","139.6798738831639","03-6452-2525","火・水・木・金・土・日・祝日・祝前日・祝後日 11:30 - 14:30 L.O. 料理13:00 18:00 - 22:30 L.O. 料理20:00 月","月曜日","18席","有 4名様までご利用可能です。 料金として5,500円を頂戴いたします。","全席禁煙","完全予約制","","無 店舗近隣にコインパーキングあり","東京メトロ千代田線・小田急線 【代々木上原駅】北口１出口から徒歩1分 代々木上原駅から46m","https://tblg.k-img.com/restaurant/images/Rvw/112331/640x640_rect_112331893.jpg","初台SC"
"中華そば マルキ食堂","3.52","144","7222","ラーメン","下北沢駅","-","～\999","https://tabelog.com/tokyo/A1318/A131802/13253791/","東京都世田谷区代田6-12-36 1F","1550033","35.66507947869408","139.66531149429218","03-6804-8315","火・水・木・金・土・日 11:00 - 15:00 月","","5席","無","全席禁煙","予約不可","","無","下北沢駅東口より徒歩10分 下北沢駅から432m","https://tblg.k-img.com/restaurant/images/Rvw/311500/640x640_rect_de9794fb371d7cf79fc46287d233c0db.jpg","初台SC"
"すし芦舟","3.52","142","15998","寿司/おでん/日本料理","初台駅","\6,000～\7,999","-","https://tabelog.com/tokyo/A1318/A131807/13221873/","東京都渋谷区本町2-17-14 小泉ビル 1F","1510071","35.682944637882336","139.6809317832999","03-3374-3216","月・火・水・木・金・土・日・祝日・祝前日・祝後日 16:00 - 23:00 L.O. 22:00 不定休","","12席 （全席カウンター）","無","全席禁煙","予約可","","無","初台 徒歩10分 幡ヶ谷 徒歩10分 初台駅から561m","https://tblg.k-img.com/restaurant/images/Rvw/253924/640x640_rect_018b579709c571e36e6cf766cf64e81b.jpg","初台SC"
"cafe 2u","3.52","133","5050","カフェ","東中野駅","\1,000～\1,999","\1,000～\1,999","https://tabelog.com/tokyo/A1319/A131901/13251674/","東京都中野区東中野1-52-2","1640003","35.70494868867516","139.68543937468075","03-6279-3523","月・火・金 12:00 - 19:30 土・日 11:00 - 19:00 水・木","","6席 （カウンター2席、テーブル4席）","無","全席禁煙 もれなく禁煙","予約不可","","無","東中野駅から211m","https://tblg.k-img.com/restaurant/images/Rvw/164517/640x640_rect_ba7684d8ea013a4eaaf2fd13604ba515.jpg","初台SC"
"ディアログ","3.52","131","13044","ビストロ/バル/ワインバー","東北沢駅","\10,000～\14,999","\5,000～\5,999","https://tabelog.com/tokyo/A1318/A131802/13156558/","東京都世田谷区北沢3-23-21 1F","1550031","35.664976768695546","139.66972710428803","03-6804-8820","月・日 12:00 - 14:30 L.O. 14:00 18:00 - 22:00 L.O. 21:00 木・金・土 12:00 - 14:30 L.O. 14:00 18:00 - 23:00 L","火","18席 （テーブル18席（現在カウンター席はご案内しておりません。））","無","全席禁煙 外テーブルに灰皿をご用意しております。","予約可","","無 駐輪場もございません。","小田急線・京王井の頭線 下北沢駅 中央口・東口 徒歩7分 小田急線 東北沢駅 西口 徒歩 6分 下北沢駅中央口・東口をでる 右手にオオゼキを見つつ前方に進み 正面やや左の一番街に入る。 左手モスバーガーさんをそのまま通り過ぎ 突き当たって（納豆せんだい屋さんを）右 そのままいくと、（以前踏切のあった）交差点に突き当たる。 ここが大きな通り・茶沢通り なので左 道なりにすすみ、ファミリーマートさん、お地蔵さんを通り過ぎると 左手におみせ。 東北沢駅から306m","https://tblg.k-img.com/restaurant/images/Rvw/293719/640x640_rect_963842e8189463e7d1c45ff162618cca.jpg","初台SC"
"青山 鮨 かねさか","3.52","130","6954","寿司","外苑前駅","\30,000～\39,999","\10,000～\14,999","https://tabelog.com/tokyo/A1306/A130603/13250598/","東京都港区北青山2-14-4 THE AOYAMA GRAND HOTEL 19F","1070061","35.66961734870727","139.7157992743026","03-6271-5427","火・水・木・金・土・日 11:30 - 14:30 L.O. 13:00 17:30 - 22:00 L.O. 21:00 月","","18席","無","全席禁煙","予約可","","有 ビル共用","東京メトロ銀座線【外苑前駅】徒歩２分 東京メトロ銀座線・千代田線・半蔵門線【表参道駅】徒歩８分 外苑前駅から198m","https://tblg.k-img.com/restaurant/images/Rvw/363438/640x640_rect_480a010919a8a1abcb5848ab4a9cf379.jpg","初台SC"
"オー・ペシェ・グルマン","3.52","120","15961","フレンチ/ワインバー/ビストロ","幡ケ谷駅","\6,000～\7,999","-","https://tabelog.com/tokyo/A1318/A131808/13112703/","東京都渋谷区幡ヶ谷2-24-2 須原屋ビル　１Ｆ","1510072","35.67612128868927","139.67223584439887","03-6276-6332","月・水・木・金・土 18:00 - 22:30 日 18:00 - 23:00 火","火曜日","15席 （カウンター8席・２名がけテーブル席1つ・奥にソファー席あり。（5名様まで））","無","全席禁煙 玄関先での喫煙場所でお願いしております。ご協力お願い致します。","予約可","","無 裏にコインパーキングあり。","幡ヶ谷駅と笹塚駅の中間。 各駅から歩いて８分程の、 新宿方向の甲州街道沿いです。 幡ケ谷駅から449m","https://tblg.k-img.com/restaurant/images/Rvw/42895/640x640_rect_42895236.jpg","初台SC"
"コ．トゥ．タモ．ペヴァ","3.52","92","5229","ロシア料理","東中野駅","\3,000～\3,999","\1,000～\1,999","https://tabelog.com/tokyo/A1319/A131901/13151562/","東京都中野区東中野1-15-3 東ビル 1F","1640003","35.70241264088052","139.68557004636577","03-6325-7116","月・火・水・木・金・土 12:00 - 14:20 18:00 - 21:30 日","","12席","無","全席禁煙","予約可","","無","JR東中野駅から徒歩10分 中野坂上駅から徒歩10分 東中野駅から460m","https://tblg.k-img.com/restaurant/images/Rvw/292192/640x640_rect_a96035d30860345b40944f15fcc9e76a.jpg","初台SC"
"キガルニワショク弾","3.52","89","10073","日本料理","代々木上原駅","\10,000～\14,999","-","https://tabelog.com/tokyo/A1318/A131811/13200682/","東京都渋谷区上原1-33-12 2F","1510064","35.66921313869635","139.68069061432314","03-6804-8935","火・水・木・金・土・日 17:00 - 23:30 月","","","無","全席禁煙","予約可","","無","代々木上原駅から92m","https://tblg.k-img.com/restaurant/images/Rvw/97765/320x320_rect_97765768.jpg","初台SC"
"Luna e Gatto","3.52","84","7146","イタリアン/パスタ/イノベーティブ","神泉駅","\10,000～\14,999","\5,000～\5,999","https://tabelog.com/tokyo/A1303/A130301/13299438/","東京都渋谷区神泉町9-12 カサデチェーロ 101","1500045","35.65513449757055","139.69319131241446","03-5990-4991","月・火・木・金・土・日・祝日・祝前日・祝後日 17:30 - 01:00 L.O. 料理23:30 水","","10席 （カウンタ―のみ）","無","全席禁煙","予約可","","無","井の頭線 神泉駅から徒歩4分 渋谷マークシティから徒歩10分 神泉駅から241m","https://tblg.k-img.com/restaurant/images/Rvw/302955/640x640_rect_0f8a762db81920f722c9fcd2d597137d.jpg","初台SC"
"Pigeon","3.52","73","10482","フレンチ","代々木上原駅","\15,000～\19,999","\6,000～\7,999","https://tabelog.com/tokyo/A1318/A131811/13221675/","東京都渋谷区上原3-1-3 タカタビル 1F","1510064","35.667788220239636","139.6816464108391","03-6427-7615","火・水・木・金・土・日・祝日・祝前日・祝後日 11:30 - 15:00 L.O. 料理13:30 ドリンク14:00 18:00 - 22:00 L.O. 料理19:30 ドリンク21:00 月","月曜","12席","無","全席禁煙","完全予約制","","無","代々木上原駅より徒歩3分 代々木八幡駅より徒歩9分 代々木上原駅から223m","https://tblg.k-img.com/restaurant/images/Rvw/88283/640x640_rect_88283125.jpg","初台SC"
"Shot Bar ゾートロープ","3.52","72","7708","バー","新宿西口駅","\3,000～\3,999","-","https://tabelog.com/tokyo/A1304/A130401/13026543/","東京都新宿区西新宿7-10-14 ガイアビル３Ｆ","1600023","35.69450833788057","139.69847138340438","03-3363-0162","月・火・水・木・金・土 17:00 - 23:00 日・祝日","","16席 （カウンター9席、テーブル8席）","無","全席禁煙","予約可","","無","JR新宿駅・西口徒歩6分 西武新宿駅徒歩4分 新宿西口駅から118m","https://tblg.k-img.com/restaurant/images/Rvw/20377/640x640_rect_20377932.jpg","初台SC"
"日本料理 さくま","3.52","35","2462","日本料理/海鮮","新宿御苑前駅","\30,000～\39,999","-","https://tabelog.com/tokyo/A1304/A130402/13241141/","東京都新宿区四谷4-24 滝沢ビル 1F","1600004","35.689672748694534","139.71579100450518","03-6273-0566","11:00 - 21:00 営業時間・","","","無","全席禁煙","完全予約制","","無","新宿御苑前駅から474m","https://tblg.k-img.com/restaurant/images/Rvw/338746/640x640_rect_af4d68b766b282a39f22bb72d50c76ef.jpg","初台SC"
"PIZZERIA CAPOLI","3.51","2933","167781","ピザ/イタリアン/パスタ","新宿駅","\3,000～\3,999","\1,000～\1,999","https://tabelog.com/tokyo/A1304/A130401/13123990/","東京都新宿区新宿4-1-9 新宿ユースビルPAX B1F","1600022","35.68893233788539","139.70247768334528","03-5363-1787","月・火・水・木・金 11:00 - 15:00 17:00 - 22:30 土 11:00 - 16:00 16:00 - 22:30 日・祝日 11:00 - 16:00 16:00 - 22:00","","66席 （平日・土日祝日ともに半分ほどフリー席を設けております）","無","全席禁煙","予約可","ピザ 百名店 2021","無 近隣にコインパーキングあり","JR新宿駅 東南口 徒歩１分 地下鉄副都心線 新宿三丁目 徒歩３分 新宿駅から272m","https://tblg.k-img.com/restaurant/images/Rvw/16715/640x640_rect_16715562.jpg","初台SC"
"麺匠 竹虎 本店","3.51","1532","47372","ラーメン/つけ麺/居酒屋","西武新宿駅","\1,000～\1,999","～\999","https://tabelog.com/tokyo/A1304/A130401/13060368/","東京都新宿区歌舞伎町2-36-3 新宿アシベ会館","1600021","35.69590883788094","139.70243078341576","03-5292-5825","月・火・水・木・金・土 11:00 - 09:00 L.O. 08:30 日 11:00 - 05:30 L.O. 05:00","無休","26席 （カウンター6席、6人テーブル×2、4人テーブル×2。）","有 （2人可、4人可、6人可）","全席禁煙","予約不可","","無 近くの有料駐車場：ハイジア駐車場248台収容、新宿東宝ビル157台収容、ほか","西武新宿線【西武新宿駅】徒歩４分 東京メトロ丸ノ内線【新宿駅】徒歩６分 ＪＲ中央線他【新宿駅】東口 徒歩７分 都営地下鉄大江戸線【新宿西口駅】徒歩８分 西武新宿駅から213m","https://tblg.k-img.com/restaurant/images/Rvw/301343/640x640_rect_843728858a95bf42d8a33a5f2521128a.jpg","初台SC"
"RODEO & Cafe","3.51","1491","95938","イタリアン/カフェ/バル","渋谷駅","\6,000～\7,999","\1,000～\1,999","https://tabelog.com/tokyo/A1303/A130301/13228696/","東京都渋谷区宇田川町35-1 1F","1500042","35.661610237901","139.69701708307315","03-6455-2562","月・火・水・木・金・土 11:30 - 14:30 17:00 - 23:00 L.O. 料理22:00 ドリンク22:30 日 11:30 - 14:30 17:00 - 22:00 L.O. 料理","","70席 （カウンター９席 テーブル６１席）","無","全席禁煙","予約可","","無 東急ハンズ 近隣コインパーキングをご利用下さい。","ＪＲ渋谷駅から徒歩５分 １０９の右を東急百貨店本店方面へ本店を右へ ファミリーマートを右へ進み 左に１００円ショップダイソーの 横を入ります。(右に吉本無限大∞ホール) 渋谷駅から488m","https://tblg.k-img.com/restaurant/images/Rvw/104155/640x640_rect_104155074.jpg","初台SC"
"新宿中村屋 manna","3.51","1134","30465","カレー/洋食/インドカレー","新宿駅","\2,000～\2,999","\2,000～\2,999","https://tabelog.com/tokyo/A1304/A130401/13174647/","東京都新宿区新宿3-26-13 新宿中村屋ビル B2F","1600022","35.6918663786888","139.70218555453692","03-5362-7501","月・火・水・木・金・土 11:00 - 22:00 L.O. 21:30 日・祝日 11:00 - 21:00 L.O. 20:30","","120席 （テーブル120席）","無","全席禁煙","予約不可","","無 近隣に路上パーキングあり","JR線をご利用の方 新宿駅東口から徒歩2分 東京メトロ丸の内線をご利用の方 新宿駅A6出入口直結 新宿駅から256m","https://tblg.k-img.com/restaurant/images/Rvw/325605/640x640_rect_cb7b6cf39809ba4bf2ce2606cab9b18a.jpg","初台SC"
"おひつ膳 田んぼ 代々木本店","3.51","1041","52385","日本料理/おにぎり/うなぎ","南新宿駅","\2,000～\2,999","\1,000～\1,999","https://tabelog.com/tokyo/A1304/A130403/13000681/","東京都渋谷区代々木1-41-9 DMK代々木ビル 1F","1510053","35.682405248694074","139.69988998444293","03-3320-0727","08:00 - 20:00 営業時間・","","27席","無","全席禁煙","予約不可","","無 近くのコイン・パーキング：代々木1-4-1に10台収容、1-4-8に4台収容、ほか","ＪＲ中央線・山手線【代々木駅】西口 徒歩３分 都営地下鉄大江戸線【代々木駅】徒歩３分 小田急小田原線【南新宿駅】徒歩３分 南新宿駅から166m","https://tblg.k-img.com/restaurant/images/Rvw/79220/640x640_rect_79220199.jpg","初台SC"
"GINGER GRASS modern thai vietnamese","3.51","1000","54296","タイ料理/ベトナム料理/ワインバー","代々木駅","\5,000～\5,999","\1,000～\1,999","https://tabelog.com/tokyo/A1304/A130401/13223381/","東京都渋谷区代々木2-2-1 小田急サザンタワー 1F","1510053","35.68640873788636","139.70047988332118","03-6630-0004","月・火・水・木・金・土・祝前日 11:00 - 23:00 日・祝日 11:00 - 22:00","","109席 （テラス席 6席）","有 （10～20人可） 16名様までご利用できる個室が１つあります。詳しくはお問合せくださいませ。","全席禁煙 ビル４Fに喫煙スペースあり","予約可","","有 小田急サザンタワーセンチュリーホテルの地下駐車場をご利用ください。","JR各線新宿駅「新南」改札より徒歩３分 都営地下鉄新宿線・大江戸線、京王新線【新宿駅】A1出口徒歩１分 小田急小田原線【新宿駅】南口徒歩３分 サザンタワー１階、サザンタワー口より入った場合、エスカレーターで１つお下がりください。 代々木駅から313ｍ 代々木駅から318m","https://tblg.k-img.com/restaurant/images/Rvw/311735/640x640_rect_9f041fb2f24fa0a5f48d0e2ae8dc4ee6.jpg","初台SC"
"キッチン ハセガワ","3.51","996","75554","ハンバーグ/洋食/イタリアン","神泉駅","\4,000～\4,999","\1,000～\1,999","https://tabelog.com/tokyo/A1303/A130301/13158274/","東京都渋谷区円山町22-16 1F","1500044","35.65678863790322","139.6943651830263","03-6416-1081","月・火・水・木・金・土・日・祝日・祝前日・祝後日 11:30 - 15:30 L.O. 15:00 17:00 - 23:00 L.O. 料理22:00 ドリンク22:30","不定休","22席 （カウンター6席、テーブル１６席(４人用×４卓)）","無","全席禁煙","予約不可","","無 近くのコイン・パーキング：円山町17に8台収容、ほか","京王井の頭線【神泉駅】徒歩２分 東京メトロ半蔵門線、東急田園都市線【渋谷駅】徒歩８分 ＪＲ山手線【渋谷駅】ハチ公口／南口 徒歩10分 東京メトロ銀座線【渋谷駅】徒歩11分 （マークシティー内を抜けると最短です） 神泉駅から88m","https://tblg.k-img.com/restaurant/images/Rvw/195078/640x640_rect_fec20257c8e0c0da9196ccd97aa8518e.jpg","初台SC"
"魚真 渋谷店","3.51","903","66837","居酒屋/寿司/かに","神泉駅","\5,000～\5,999","-","https://tabelog.com/tokyo/A1303/A130301/13001781/","東京都渋谷区道玄坂2-25-5 島田ビル 1F","1500043","35.66017443790175","139.696493783059","03-3464-3000","月・火・水・木・金・土・日・祝日・祝前日・祝後日 17:00 - 23:00","なし","50席 （カウンター18席/テーブル37席/小上がり8?10席）","無 7名様から10名様位までの半個室ございます。","全席禁煙","予約可","","無","東京メトロ半蔵門線、東急田園都市線【渋谷駅】徒歩４分 京王井の頭線【渋谷駅】西口 徒歩５分 ＪＲ山手線・埼京線【渋谷駅】ハチ公口 徒歩６分 東京メトロ銀座線【渋谷駅】徒歩７分 東京メトロ副都心線、東急東横線【渋谷駅】徒歩８分 神泉駅から414m","https://tblg.k-img.com/restaurant/images/Rvw/139763/640x640_rect_139763961.jpg","初台SC"
"shiari samgyetang","3.51","862","35078","韓国料理/薬膳","表参道駅","\3,000～\3,999","\2,000～\2,999","https://tabelog.com/tokyo/A1306/A130602/13286336/","東京都渋谷区神宮前3-4-3 パークサイド表参道 1F","1500001","35.66850483790164","139.71273188313177","03-6826-9498","11:00 - 22:00 L.O. 21:30 年末年始は","","13席 （カウンター13席）","無","全席禁煙","予約可","","無","東京メトロ銀座線他 表参道駅A2出口 徒歩5分 表参道駅から370m","https://tblg.k-img.com/restaurant/images/Rvw/210400/640x640_rect_7f87f388ac9525bdd15c04f68b080461.jpg","初台SC"
"焼肉牛宮城 別邸","3.51","767","24441","焼肉/ホルモン","渋谷駅","\10,000～\14,999","\5,000～\5,999","https://tabelog.com/tokyo/A1303/A130301/13262853/","東京都渋谷区宇田川町12-9 ジュール渋谷 5F","1500042","35.66145543790144","139.69807208307085","03-6416-5591","11:30 - 22:30 L.O. 22:00 年末年始 ◆ワンランク上の和牛焼肉 厳選した神戸牛の希少部位を職人が絶妙に火入れ。 とろける脂と濃い旨みが広がる、上質な和牛焼肉を堪能。 ◆洗練された","","74席","有 （2人可、4人可、6人可、8人可、10～20人可） 基本的に壁で囲われておりますが、一部すだれでの仕切りあり。 詳しくはお問い合わせください。","全席禁煙 建物が禁煙でございます。最寄りの喫煙所にてお願いいたします。","予約可","","無 近隣にコインパーキング複数あり","各線【渋谷駅】徒歩４分 ・井の頭通り沿い、宇田川交番を過ぎて右に路地がある角のビルです 渋谷駅から403m","https://tblg.k-img.com/restaurant/images/Rvw/214679/640x640_rect_1ee5977076f8178d2f1b41d31c2c0a29.jpg","初台SC"
"MOJA","3.51","762","43894","カフェ/アメリカ料理/ダイニングバー","渋谷駅","\2,000～\2,999","\1,000～\1,999","https://tabelog.com/tokyo/A1303/A130301/13166764/","東京都渋谷区渋谷1-11-1 2F","1500002","35.66106233790374","139.70452328306231","03-6418-8144","11:00 - 23:00 L.O. 料理22:00 ドリンク22:30","","124席","無","全席禁煙","予約可","","無 近隣にコインパーキングあり","JR・東急東横線・東京メトロ「渋谷駅」より徒歩7分 東京メトロ「表参道駅」より徒歩12分 渋谷駅から363m","https://tblg.k-img.com/restaurant/images/Rvw/346607/640x640_rect_c49e4126377f0567610f978b0c598a91.jpg","初台SC"
"GENTLE Dining","3.51","747","73343","イタリアン/スペイン料理/ワインバー","表参道駅","\8,000～\9,999","\3,000～\3,999","https://tabelog.com/tokyo/A1306/A130602/13251857/","東京都渋谷区神宮前5-47-6 1F","1500001","35.663815216316266","139.70798190660327","050-3503-7871","月・火・水・木・金 11:30 - 15:00 L.O. 14:00 17:30 - 22:30 L.O. 料理21:30 ドリンク22:00 土 11:30 - 15:30 L.O. 14:30 1","","123席 （Dining80席、バーカウンター7席、テラス16席、個室最大20席）","有 （4人可、6人可、8人可） 【個室】部屋数：1部屋、 収容人数：最大12名、","全席禁煙","予約可","","無 近隣にコインパーキングあり","表参道駅B2出口から徒歩7分 表参道駅から430ｍ 表参道駅から437m","https://tblg.k-img.com/restaurant/images/Rvw/303992/320x320_rect_cce72e7bc0ca1c797580d614670d80f2.jpg","初台SC"
"南国酒家 原宿本店","3.51","720","27796","中華料理/ラーメン/小籠包","原宿駅","\8,000～\9,999","\1,000～\1,999","https://tabelog.com/tokyo/A1306/A130601/13001136/","東京都渋谷区神宮前6-35-3 コープオリンピア　１Ｆ・Ｂ１Ｆ","1500001","35.66908563789833","139.7035115831441","03-3400-0031","月・火・水・木・金 11:30 - 15:30 17:00 - 21:30 土・日・祝日 11:30 - 21:30 【ラストオーダー】は曜日や時間帯によって異なります。 詳細はホームページをご覧くだ","","568席 （個室大小多数ご用意しております。※各個室は別途「室料」を頂戴しております。）","有 （6人可、8人可、10～20人可、20～30人可、30人以上可） 南国酒家 原宿本店にはホール席の他、大小様々な個室（別途室料）を12室ご用意しております。皆様の語らいを素敵に演出するお部屋をご用意しております。 ※個室の詳細（収容人数・室料）はホームページに記載しております。 ※写真の席数・レイアウトは一例です。個室の席数・レイアウト等は変更可能です。","全席禁煙 ※喫煙ブースあり","予約可","","無 ※近隣にコインパーキングあり","◆JR山手線［原宿駅］表参道方面「東口」 徒歩2分 ◆東京メトロ［千代田線］［副都心線］ 明治神宮前駅1番出口 徒歩1分／6番出口 徒歩1分 原宿駅から151m","https://tblg.k-img.com/restaurant/images/Rvw/58851/640x640_rect_58851027.jpg","初台SC"
"天秀","3.51","675","49207","天ぷら/日本料理/天丼","新宿西口駅","\10,000～\14,999","\5,000～\5,999","https://tabelog.com/tokyo/A1304/A130401/13017455/","東京都新宿区西新宿7-12-21","1600023","35.69400707545291","139.69714447211948","03-5386-3630","月・火・水・木・金 11:30 - 13:30 L.O. 13:30 17:00 - 22:00 L.O. 21:00 土・祝日 17:00 - 22:00 L.O. 21:00 日","","18席 （カウンター10席、テーブル8席）","無","全席禁煙 店舗入り口に灰皿設置有り","予約可","天ぷら 百名店 2022","無 近隣にコインパーキング有","ＪＲ新宿駅 西口より徒歩７分 大江戸線 新宿西口駅より徒歩５分 新宿西口駅から186m","https://tblg.k-img.com/restaurant/images/Rvw/84022/640x640_rect_84022449.jpg","初台SC"
"萬馬軒 新宿南口店","3.51","653","13325","ラーメン/つけ麺","新宿駅","\1,000～\1,999","\1,000～\1,999","https://tabelog.com/tokyo/A1304/A130401/13247915/","東京都新宿区新宿3-34-4 第84東京ビル 1F","1600022","35.690286736968275","139.70269307148783","03-3354-2266","月・火・水・木・金・土・日・祝日・祝前日・祝後日 11:00 - 23:00","","13席 （カウンター席のみ）","無","全席禁煙","予約不可","","無","JR新宿駅 東南口 徒歩2分 新宿三丁目駅 徒歩3分 新宿三丁目駅から210m","https://tblg.k-img.com/restaurant/images/Rvw/135044/320x320_rect_135044316.jpg","初台SC"
"ボネラン","3.51","610","58862","ビストロ","明治神宮前駅","\6,000～\7,999","\3,000～\3,999","https://tabelog.com/tokyo/A1306/A130601/13253740/","東京都渋谷区神宮前5-10-1 GYRE 4F GYREFOOD","1500001","35.66746223790044","139.70686258312534","03-6803-8677","火・水・木・金・土・日 11:00 - 16:00 L.O. 14:00 17:00 - 22:00 L.O. 21:00 月","月曜日","40席 （テラス６席１８席、ダイニング１２席４０名）","無","全席禁煙","予約可","","有 施設GYREの地下駐車場有","原宿駅徒歩8分、表参道駅徒歩８分 明治神宮前駅から201m","https://tblg.k-img.com/restaurant/images/Rvw/146835/640x640_rect_146835462.jpg","初台SC"
"ピエール・エルメ・パリ 伊勢丹新宿","3.51","608","17117","ケーキ/マカロン/洋菓子","新宿三丁目駅","\1,000～\1,999","-","https://tabelog.com/tokyo/A1304/A130401/13025129/","東京都新宿区新宿3-14-1 伊勢丹新宿店 本館 B1F","1600022","35.69162093868976","139.70470818453265","03-3352-1111","10:00 - 20:00","","（イートインスペースなし）","無","全席禁煙","予約可","スイーツ 百名店 2019","有","東京メトロ丸ノ内線・副都心線・都営新宿線「新宿三丁目駅」B3・B4・B5出口直結 新宿三丁目駅から86m","https://tblg.k-img.com/restaurant/images/Rvw/93741/640x640_rect_93741576.jpg","初台SC"
"牛たん 荒 新宿西口店","3.51","602","36067","牛タン/居酒屋/食堂","新宿駅","\3,000～\3,999","-","https://tabelog.com/tokyo/A1304/A130401/13118210/","東京都新宿区西新宿1-16-4 井門西新宿ビル B2F","1600023","35.68892333788398","139.69801458334834","03-5339-7203","","","45席","有 （10～20人可） ※個室の詳細はお店にお問い合わせください","全席禁煙","予約可","","無","ＪＲ 新宿駅 徒歩2分 新宿駅から243m","https://tblg.k-img.com/restaurant/images/Rvw/260001/640x640_rect_cb2a01f5415c1127a1dca7b27c696741.jpg","初台SC"
"日本油党 渋谷総本部","3.51","557","10394","油そば・まぜそば","渋谷駅","-","\1,000～\1,999","https://tabelog.com/tokyo/A1303/A130301/13283276/","東京都渋谷区宇田川町24-10 横田ビル 1F","1500042","35.660543918707845","139.69950272422238","03-6712-7520","月・火・水・木・日 11:00 - 23:00 金・土・祝前日 11:00 - 07:00 営業時間・","","","無","","予約不可","","無","渋谷駅から240m","https://tblg.k-img.com/restaurant/images/Rvw/201197/640x640_rect_59f33b92cc289ab81de89680e0f97703.jpg","初台SC"
"NO MEAT, NO LIFE.1st","3.51","556","54786","焼肉/ホルモン/バル","西武新宿駅","\5,000～\5,999","-","https://tabelog.com/tokyo/A1304/A130401/13162573/","東京都新宿区歌舞伎町1-11-1 中野ビル 2F","1600021","35.69467943788183","139.7027771834031","03-6233-7714","火・水・木・金・土・日・祝日・祝前日 17:00 - 23:00 L.O. 料理22:00 月","","18席","無","全席禁煙 全面禁煙席","予約可","焼肉 百名店 2018","有 近くにパーキング有り","ＪＲ 新宿駅 東口 徒歩5分 西武新宿線 西武新宿駅 中央口 徒歩4分 西武新宿駅から293m","https://tblg.k-img.com/restaurant/images/Rvw/186188/640x640_rect_85da1b1087ab348b559fc06dfb1463aa.jpg","初台SC"
"おにやんま 渋谷パルコ店","3.51","520","11965","うどん","渋谷駅","～\999","-","https://tabelog.com/tokyo/A1303/A130301/13241218/","東京都渋谷区宇田川町15-1 渋谷PARCO B1F","1500042","35.66214233790123","139.69881068307726","","","","22席","無","全席禁煙","予約不可","","無","渋谷駅から417m","https://tblg.k-img.com/restaurant/images/Rvw/330088/640x640_rect_439c20b9bf3788d3953503ee01c2c766.jpg","初台SC"
"GOOD LUCK CURRY 渋谷店","3.51","470","12917","カレー/インドカレー/アジア・エスニック","渋谷駅","\1,000～\1,999","\1,000～\1,999","https://tabelog.com/tokyo/A1303/A130301/13248615/","東京都渋谷区宇田川町15-1 渋谷パルコ B1F","1500042","35.6621504087065","139.6985058142393","03-5422-3170","11:30 - 21:00","","25席","無","全席禁煙 喫煙所がPARCO内にございます。","予約不可","","有","各線渋谷駅から徒歩4分 渋谷PARCO B1F 渋谷駅から483m 渋谷駅から434m","https://tblg.k-img.com/restaurant/images/Rvw/344295/640x640_rect_e0767b0db4fac03e78eef45df5a6bea4.jpg","初台SC"
"ソムタムダー トウキョウ","3.51","462","28820","タイ料理","代々木駅","\4,000～\4,999","-","https://tabelog.com/tokyo/A1304/A130403/13212998/","東京都渋谷区代々木1-58-10 松井ビル 1F","1510053","35.68453863788751","139.70038288330235","03-3379-5379","月・火・水・金・土 11:30 - 15:00 L.O. 14:15 17:00 - 23:00 L.O. 22:00 木 11:30 - 15:00 L.O. 14:00 17:00 - 23:00","","39席 （うちカウンター9席）","無","全席禁煙","予約可","","無","代々木駅から173m","https://tblg.k-img.com/restaurant/images/Rvw/78250/320x320_rect_904241f93d7c7b943d88dfeb776e5fc0.jpg","初台SC"
"道玄坂バンバン","3.51","451","38396","イタリアン/カレー/ビストロ","神泉駅","\5,000～\5,999","-","https://tabelog.com/tokyo/A1303/A130301/13296182/","東京都渋谷区道玄坂2-20-9 リアライズ道玄坂ビル 2F","1500043","35.65957851335906","139.69586366364317","03-6455-3312","月・火・水・木・日・祝日 17:00 - 23:00 L.O. 料理22:00 ドリンク22:30 金・土 17:00 - 23:30 L.O. 料理22:30 ドリンク23:00","","38席 （カウンター10席、テーブル28席）","無","全席禁煙","予約可","","無","渋谷駅5分 神泉駅から327m","https://tblg.k-img.com/restaurant/images/Rvw/327146/640x640_rect_ebeb5c94e32a18cb17ed08df2bdfed83.jpg","初台SC"
"酒膳 穂のほまれ 西新宿店","3.51","450","29597","海鮮/日本料理/居酒屋","西新宿駅","\5,000～\5,999","\1,000～\1,999","https://tabelog.com/tokyo/A1304/A130401/13297091/","東京都新宿区西新宿1-26-2 新宿野村ビル B1F","1600023","35.692950490715454","139.69536494633266","03-5989-0003","月・火・水・木・金 11:30 - 14:00 17:00 - 23:00 土・日・祝日 12:00 - 22:00 不定休あり","","72席","有 （4人可、6人可、8人可）","全席禁煙 喫煙ブースあり","予約可","","有 新宿野村ビル駐車場をご利用頂けます（330台）","JR・小田急線・京王線「新宿」駅西口 徒歩7分 東京メトロ丸ノ内線「西新宿」駅2番出口 徒歩4分 都営地下鉄大江戸線「都庁前」駅B2出口 徒歩3分 西新宿駅から266m","https://tblg.k-img.com/restaurant/images/Rvw/251527/640x640_rect_bce8afcf92aa1ab9a9ed3e4d5aa98a7a.jpg","初台SC"
"LUG Hatagaya","3.51","448","30514","カフェ/レストラン","幡ケ谷駅","\5,000～\5,999","\1,000～\1,999","https://tabelog.com/tokyo/A1318/A131807/13122023/","東京都渋谷区幡ヶ谷2-19-1 カーサ幡ヶ谷 1F","1510072","35.67679666868959","139.67460651440402","03-6300-4616","水・木・金・土・日・祝日・祝前日・祝後日 08:00 - 23:00 月・火","","31席 （テーブル13席、ソファ12席、カウンター6席）","無","全席禁煙 渋谷区の条例により付近での喫煙も不可","予約可","","無 付近にコインパーキングあり","京王電鉄京王新線幡ヶ谷駅北口より徒歩3分 幡ケ谷駅から222m","https://tblg.k-img.com/restaurant/images/Rvw/72763/640x640_rect_72763619.jpg","初台SC"
"パティスリー・サダハルアオキ・パリ 新宿伊勢丹店","3.51","435","9993","ケーキ/マカロン/パン","新宿三丁目駅","～\999","-","https://tabelog.com/tokyo/A1304/A130401/13032302/","東京都新宿区新宿3-14-1 伊勢丹新宿店 B1F","1600022","35.69168412868966","139.70451315453343","03-3352-1111","10:00 - 20:00","不定休","","無","全席禁煙","予約可","","有","都営地下鉄、東京メトロ 新宿三丁目 新宿三丁目駅から98m","https://tblg.k-img.com/restaurant/images/Rvw/148834/640x640_rect_148834324.jpg","初台SC"
"つけそば 黒門","3.51","427","10263","つけ麺/ラーメン","新宿西口駅","\1,000～\1,999","～\999","https://tabelog.com/tokyo/A1304/A130401/13001022/","東京都新宿区西新宿7-10-12","1600023","35.694311388685996","139.69824114456435","03-3366-7588","月・火・水・木・金・土 11:00 - 22:30 日","","20席 （カウンター８席、テーブル席４卓１２席の計２０席）","無","全席喫煙可 2020年4月1日より受動喫煙対策に関する法律(改正健康増進法）が施行されており、最新の情報と異なる場合がございますので、ご来店前に店舗にご確認ください。","予約不可","","無","最寄り駅は都営地下鉄大江戸線「新宿西口駅」D５番出口より 稚樹に出て「小滝橋通り」の横断歩道を東京都民銀行側に渡る。 その横の脇道に入ると角地にお店が見えてくる。 駅からは徒歩５分程度の距離。 新宿西口駅から114m","https://tblg.k-img.com/restaurant/images/Rvw/331197/640x640_rect_33ae674522613a389e6be2f34765926d.jpg","初台SC"
"焼き鳥 陀らく","3.51","410","40888","焼き鳥/日本料理/鳥料理","渋谷駅","\6,000～\7,999","-","https://tabelog.com/tokyo/A1303/A130301/13089763/","東京都渋谷区道玄坂2-6-8 B1F・2F","1500043","35.658788637903406","139.6989103830433","03-6416-1035","火・水・木・金・土・祝日・祝前日・祝後日 17:00 - 21:30 月・日","日曜日","10席","無","全席禁煙","完全予約制","焼鳥 百名店 2018","無","渋谷駅から徒歩５分 渋谷駅から225m","https://tblg.k-img.com/restaurant/images/Rvw/102774/640x640_rect_102774277.jpg","初台SC"
"セクワガル","3.51","401","7257","ネパール料理/居酒屋/焼き鳥","大久保駅","\3,000～\3,999","～\999","https://tabelog.com/tokyo/A1304/A130404/13239526/","東京都新宿区北新宿3-1-3 クラウンビル 1F","1690074","35.702101166755256","139.69468569254195","080-6460-9912","月・火・水・木・金・土・日・祝日・祝前日 11:30 - 23:30 L.O. 23:00","なし","65席","無","全席喫煙可 2020年4月1日より受動喫煙対策に関する法律(改正健康増進法）が施行されており、最新の情報と異なる場合がございますので、ご来店前に店舗にご確認ください。","予約可","","無","JR大久保駅3分（SNSで話題のネパール料理自動回転炭火串焼き） 大久保駅から311m","https://tblg.k-img.com/restaurant/images/Rvw/253315/320x320_rect_6913c4a41dd02c7dc84f043fabae4e33.jpg","初台SC"
"永楽","3.51","398","24120","中華料理/ラーメン","新宿西口駅","\1,000～\1,999","-","https://tabelog.com/tokyo/A1304/A130401/13062374/","東京都渋谷区本町2-47-2","1510071","35.68608981868685","139.6845520844909","03-3376-7307","火・水・木・金・土 11:00 - 14:00 L.O. 13:50 17:00 - 21:00 L.O. 20:50 日・祝日 11:00 - 14:00 L.O. 13:50 17:00 - 20","","17席 （カウンター３席 テーブル２席×５ ４席）","無","全席禁煙","予約可","","無","京王新線初台駅、 都営大江戸線西新宿五丁目駅 徒歩7分 西新宿五丁目駅から416m","https://tblg.k-img.com/restaurant/images/Rvw/366659/640x640_rect_3a51c32f759203931a9d45b447b20218.jpg","初台SC"
"鳥とサワー 鳥どシ 渋谷店","3.51","364","33250","居酒屋/鳥料理/バル","渋谷駅","\3,000～\3,999","-","https://tabelog.com/tokyo/A1303/A130301/13267448/","東京都渋谷区道玄坂1-13-5 MSTビル 1F","1500043","35.65742988374111","139.69859222811112","03-6427-8555","月・火・水・木 17:00 - 23:00 L.O. 料理22:00 ドリンク22:30 金・祝前日 17:00 - 23:30 L.O. 料理22:30 ドリンク23:00 土 16:00 - 23","","8席 （【総席数50席】カウンター２名様×6卓、テーブル４名様×6卓、６名様×2卓）","無","全席禁煙 店外に喫煙スペース有","予約可","","無 近隣にコインパーキング有","渋谷駅から徒歩3分 渋谷駅から309m","https://tblg.k-img.com/restaurant/images/Rvw/281119/640x640_rect_f1de572cd9276ac8ba0f88d794ef479c.jpg","初台SC"
"Fresh Seafood Bistro SARU","3.51","341","31086","ビストロ/イタリアン/シーフード","代々木八幡駅","\6,000～\7,999","\2,000～\2,999","https://tabelog.com/tokyo/A1318/A131811/13161461/","東京都渋谷区元代々木町10-8 代々木上原tt 1F","1510062","35.67015973789161","139.6845727831682","03-6804-9825","月・火・水・木 12:00 - 14:30 L.O. 料理13:30 ドリンク14:00 17:00 - 23:00 L.O. 料理22:00 ドリンク22:30 金 12:00 - 14:30 L.","","17席 （テーブル13席、カウンター4席）","無","全席禁煙 店舗内外で全面禁煙","予約可","","無","小田急線 / 東京メトロ千代田線 代々木上原駅から徒歩5分 小田急線 / 東京メトロ千代田線 代々木八幡駅から徒歩5分 小田急線/東京メトロ千代田線の代々木上原駅東口を出て正面にある「１００円ショップ 」の坂を左に下り、すぐの十字路を右に曲がりそのまままっすぐ3分くらい歩いた右手にお店はあります。 お店までには右手にココカラファイン、左手にカクヤスを通り過ぎた先、右手の青いテントが当店の目印です。 代々木八幡駅から432m","https://tblg.k-img.com/restaurant/images/Rvw/237590/640x640_rect_b9b081e343bf307edfa35f39d22b080d.jpg","初台SC"
"アンドサンドイッチ","3.51","319","15972","サンドイッチ/カフェ","新宿御苑前駅","\1,000～\1,999","\1,000～\1,999","https://tabelog.com/tokyo/A1304/A130402/13216867/","東京都新宿区新宿1-5-7 スキラ御苑 1F","1600022","35.688113568693936","139.71080721449295","03-6709-9455","火・水・木・金 09:00 - 16:00 土・日 09:00 - 17:00 月","","16席 （カウンター4席）","無","全席禁煙","予約可","","無 近隣にコインパーキングあり","JR「新宿駅」より、徒歩13分 東京メトロ 丸ノ内線・副都心線「新宿三丁目駅」より、徒歩7分 東京メトロ 丸ノ内線「新宿御苑前駅」より、徒歩1分 新宿御苑前駅から56m","https://tblg.k-img.com/restaurant/images/Rvw/272226/640x640_rect_0b2b6482de157fc6cc9d40c5014a3387.jpg","初台SC"
"ABEBE BAKERY","3.51","311","10650","ドーナツ/パン","西武新宿駅","～\999","-","https://tabelog.com/tokyo/A1304/A130401/13297851/","東京都新宿区大久保1-17-7 メゾン豊ビル 1F","1690072","35.698340729273376","139.70248662474393","","11:00 - 21:00 営業時間・","","","無","","予約不可","","無","西武新宿駅から325m","https://tblg.k-img.com/restaurant/images/Rvw/364199/640x640_rect_ca759c129457efb506a92e679a0f4834.jpg","初台SC"
"Cafe Kitsune Shibuya","3.51","293","7922","カフェ","渋谷駅","\1,000～\1,999","\1,000～\1,999","https://tabelog.com/tokyo/A1303/A130301/13249509/","東京都渋谷区神宮前6-20-10 RAYARD MIYASHITA PARK North 2F","1500001","35.66240425870737","139.7017393142396","03-6712-5322","月・火・水・木・金・土・日・祝日・祝前日・祝後日 11:00 - 21:00 L.O. 20:30","不定休","21席 （カウンター7席、テーブル14席）","無","全席禁煙","予約不可","","有","渋谷駅より徒歩約5分 渋谷駅から376m","https://tblg.k-img.com/restaurant/images/Rvw/360794/640x640_rect_8cf848a0afe58bc3b9deecb226e3ace0.jpg","初台SC"
"とんくる","3.51","286","7898","ラーメン","笹塚駅","\1,000～\1,999","\1,000～\1,999","https://tabelog.com/tokyo/A1318/A131808/13151488/","東京都渋谷区笹塚2-11-7","1510073","35.6751813378832","139.66816668323042","03-5388-4186","月・火・水・木・金・土 11:00 - 15:30 17:30 - 20:00 日・祝日","","12席","無","全席禁煙","予約不可","","無","笹塚駅から172m","https://tblg.k-img.com/restaurant/images/Rvw/132073/640x640_rect_132073365.jpg","初台SC"
"Bicerin 新宿タカシマヤ店","3.51","274","8302","カフェ/チョコレート/イタリアン","新宿駅","\2,000～\2,999","\1,000～\1,999","https://tabelog.com/tokyo/A1304/A130403/13223589/","東京都渋谷区千駄ヶ谷5-24-2 新宿タカシマヤ 3F","1510051","35.68766425869161","139.70262218449415","03-5269-0008","月・火・水・木・金・土・日・祝日・祝前日・祝後日 10:30 - 19:30 L.O. 19:00 休業日や年末年始の営業時間は髙島屋に準じます","","50席","無","全席禁煙","予約可","","有","新宿駅から359m 新宿駅から380m","https://tblg.k-img.com/restaurant/images/Rvw/90854/640x640_rect_90854002.jpg","初台SC"
"Friend in Hand","3.51","273","20015","カフェ","表参道駅","\1,000～\1,999","\2,000～\2,999","https://tabelog.com/tokyo/A1306/A130602/13300298/","東京都港区北青山3-6-20 9F","1070061","35.66438271993622","139.7114938061468","","09:00 - 00:00 L.O. 23:30 営業時間・","","","無","分煙 2020年4月1日より受動喫煙対策に関する法律(改正健康増進法）が施行されており、最新の情報と異なる場合がございますので、ご来店前に店舗にご確認ください。","予約不可","","無","表参道駅から徒歩30秒 表参道駅から127m","https://tblg.k-img.com/restaurant/images/Rvw/367513/640x640_rect_71223ef0d150457f82ee9c5124aa58c7.jpg","初台SC"
"Marked 渋谷","3.51","271","11513","カフェ","渋谷駅","\1,000～\1,999","\1,000～\1,999","https://tabelog.com/tokyo/A1303/A130301/13271289/","東京都渋谷区渋谷1-23-21 渋谷キャスト 1F","1500002","35.66258460870771","139.70315888424042","03-6427-3855","09:00 - 18:30 営業時間・","","","無","全席禁煙","予約可","","無","渋谷駅から徒歩2分(B1出口) 渋谷駅から426m","https://tblg.k-img.com/restaurant/images/Rvw/186220/320x320_rect_304e9125d973844abe84f9ead1f6051e.jpg","初台SC"
"ちいかわベーカリー","3.51","263","1805","パン","明治神宮前駅","\1,000～\1,999","\1,000～\1,999","https://tabelog.com/tokyo/A1306/A130601/13302215/","東京都渋谷区神宮前4-30-3 東急プラザ表参道「オモカド」 3F","1500001","35.66872704606628","139.70595430622083","非公開","月・火・水・木・金・土・日・祝日・祝前日・祝後日 11:00 - 20:00 完全予約制（WEB事前予約・ローソンチケット）","","","無","全席禁煙","完全予約制","","無 東急プラザ 表参道 「オモカド」地下の駐車場ご利用時でサービスが適用となります。","明治神宮前駅から76m／原宿駅から徒歩約5分 明治神宮前駅から76m","https://tblg.k-img.com/restaurant/images/Rvw/311266/320x320_rect_25b2c43d7a8aed1ef032f4106e0232ab.jpg","初台SC"
"焼肉幸家 新宿御苑前店","3.51","239","12538","焼肉/ホルモン","新宿御苑前駅","\6,000～\7,999","\1,000～\1,999","https://tabelog.com/tokyo/A1304/A130402/13258486/","東京都新宿区新宿1-18-9 パディアイル･カテリーナ 1F","1600022","35.68998833788751","139.71128068334977","03-6457-7006","月・火・水・木・金 11:00 - 15:00 L.O. 14:30 17:00 - 23:00 L.O. 22:00 土・日・祝日 11:00 - 23:00 [土・日・祝日] ★通し営業★ ＃ラン","","24席","無","全席禁煙","予約可","","無 店の前にコインパーキングがあります。","新宿御苑前駅A3出口より徒歩2分 新宿三丁目駅C8出口より徒歩7分 新宿駅より徒歩15分 新宿御苑前駅から160m","https://tblg.k-img.com/restaurant/images/Rvw/309259/640x640_rect_48170c11de9cbb760b81e4c51398fa24.jpg","初台SC"
"なぎ","3.51","232","25360","日本酒バー/立ち飲み/日本料理","神泉駅","\3,000～\3,999","-","https://tabelog.com/tokyo/A1303/A130301/13160127/","東京都渋谷区道玄坂2-20-7 渋谷妙見屋ビル 1F","1500043","35.65948203790211","139.69623798305219","03-6416-5257","月・火・水・木・金・土 17:00 - 00:00 日・祝日","","20席 （全部立飲み上限20名、カウンターとテーブルあり）","無","分煙 テラス席のみ喫煙可 2020年4月1日より受動喫煙対策に関する法律(改正健康増進法）が施行されており、最新の情報と異なる場合がございますので、ご来店前に店舗にご確認ください。","予約不可","","無 近くのコイン・パーキング：道玄坂2-26-1に62台収容、ほか","京王井の頭線【渋谷駅】西口 徒歩４分 東京メトロ半蔵門線、東急田園都市線【渋谷駅】徒歩５分 ＪＲ山手線・埼京線【渋谷駅】ハチ公口 徒歩７分 東京メトロ銀座線【渋谷駅】徒歩８分 東京メトロ副都心線、東急東横線【渋谷駅】徒歩９分 神泉駅から341m","https://tblg.k-img.com/restaurant/images/Rvw/346864/640x640_rect_b7231c28f2293d9bef6f23b6c9f35e8b.jpg","初台SC"
"和牛テールのお店 ease","3.51","229","15951","ビストロ/イタリアン/ステーキ","新宿三丁目駅","\5,000～\5,999","-","https://tabelog.com/tokyo/A1304/A130401/13030250/","東京都新宿区新宿3-7-7 十字屋ビル　B1F","1600022","35.69104199671337","139.7062855161399","03-3358-7701","月・火・水・木・土 17:00 - 23:30 金 17:00 - 00:30 日・祝日","","16席 （カウンター6席 テーブル10席）","無","全席禁煙","予約可","","無 ※当ビル隣にコインパーキング有り。","新宿三丁目駅 徒歩1分/JR新宿駅 東口 徒歩8分 新宿三丁目駅から127m","https://tblg.k-img.com/restaurant/images/Rvw/256005/640x640_rect_5ad4a64e8442d9ec5f22ad3c36e0226f.jpg","初台SC"
"横濱家系ラーメン 六代目 野中家","3.51","205","2147","ラーメン","代々木駅","\1,000～\1,999","\1,000～\1,999","https://tabelog.com/tokyo/A1304/A130403/13306914/","東京都渋谷区代々木1-36-5","1510053","35.68375113869369","139.70132848445553","","月・火・水・日 11:00 - 23:00 木・金・土 11:00 - 02:00 営業時間・","","21席 （カウンター13席 4人掛けテーブル2卓）","無","全席禁煙","予約不可","","無","代々木駅から72m","https://tblg.k-img.com/restaurant/images/Rvw/362451/640x640_rect_128083457e454dcd000fdaec2b43334d.jpg","初台SC"
"Winebar TORON","3.51","202","9672","イタリアン/ワインバー/バル","新宿三丁目駅","\6,000～\7,999","\2,000～\2,999","https://tabelog.com/tokyo/A1304/A130401/13280918/","東京都新宿区新宿5-11-28 Star heim 1F","1600022","35.69243153788493","139.70804848337673","03-6380-6260","月・火・水・木・金 17:00 - 23:00 L.O. 料理22:00 土・日・祝日 12:00 - 23:00 L.O. 料理22:00 ラスト入店22時 12月12日（金）をもちまして しばらく","","18席 （カウンター６席／テーブル２人掛け×2、４人掛け×2、予備椅子２脚）","無","全席禁煙 外に灰皿有","予約可","","無","都営地下鉄新宿線【新宿三丁目駅】C7出口より徒歩３分 東京メトロ丸ノ内線・副都心線【新宿三丁目駅】徒歩６分 東京メトロ丸の内線 【新宿御苑駅】徒歩６分 JR東日本【新宿駅】徒歩１０分 新宿三丁目駅から334m","https://tblg.k-img.com/restaurant/images/Rvw/224740/640x640_rect_c09cfa0689231f25d1bf24e6dfc1b646.jpg","初台SC"
"ブンダン","3.51","201","23710","カフェ","駒場東大前駅","-","\1,000～\1,999","https://tabelog.com/tokyo/A1318/A131801/13146659/","東京都目黒区駒場4-3-55 日本近代文学館","1530041","35.662903937895095","139.68104428309738","03-6407-0554","火・水・木・金・土 09:30 - 16:20 月・日・祝後日","","","無","全席禁煙","予約不可","","無 近隣のコインパーキングをご利用くださいませ。","京王井の頭線「駒場東大前」駅徒歩8分 小田急線「東北沢」駅徒歩10分 小田急線「代々木上原」駅徒歩12分 駒場公園内 駒場東大前駅から532m","https://tblg.k-img.com/restaurant/images/Rvw/91064/640x640_rect_91064274.jpg","初台SC"
"澤神","3.51","200","6229","つけ麺","新中野駅","\1,000～\1,999","\1,000～\1,999","https://tabelog.com/tokyo/A1319/A131902/13090671/","東京都中野区中央5-15-4 錦ビル　１F","1640011","35.69757692867298","139.66386708462142","050-1548-6383","月・火・水・木・金 11:00 - 14:30 日 11:00 - 15:00 土","","10席 （カウンター10席）","無","全席禁煙","予約不可","","無","新中野駅杉山公園側出口から東高円寺方向に徒歩7分。 青梅街道沿い、スーパー三徳となり。 新中野駅から474m","https://tblg.k-img.com/restaurant/images/Rvw/326924/640x640_rect_d403603335fb0ff7bfb1958ceba7bade.jpg","初台SC"
"やおりんカフェ 新宿店","3.51","186","1150","カフェ","新宿駅","～\999","～\999","https://tabelog.com/tokyo/A1304/A130401/13298593/","東京都新宿区新宿3-38-1 JR新宿駅中央東口改札","1600022","35.69067566868911","139.70077810452585","090-4225-4443","06:15 - 22:00 営業時間・","","","無","","予約不可","","無","新宿駅から75m","https://tblg.k-img.com/restaurant/images/Rvw/360041/640x640_rect_1b742b388f73d9d5cf7c910895ced492.jpg","初台SC"
"マーラータン","3.51","182","15010","四川料理/火鍋","東新宿駅","\3,000～\3,999","-","https://tabelog.com/tokyo/A1304/A130401/13051085/","東京都新宿区大久保1-3-22 ヴァン・ヴェール新宿","1690072","35.69999363788003","139.70768738345333","03-5285-1900","月・火・水・木・金・土 17:30 - 00:00 L.O. 23:30 日・祝日 17:00 - 23:00 L.O. 22:00","不定休","25席","無","全席禁煙","予約可","","無","副都心線、東新宿駅出てすぐ、大江戸線、東新宿駅出て明治通り沿い高田馬場方面に徒歩3分です 東新宿駅から231m","https://tblg.k-img.com/restaurant/images/Rvw/38723/320x320_rect_38723573.jpg","初台SC"
"ストロベリーフィールズ","3.51","178","10710","カフェ/フルーツパーラー","西新宿駅","-","-","https://tabelog.com/tokyo/A1304/A130401/13060864/","東京都新宿区西新宿6-2-16 ストロベリーフィールズ","1600023","35.693767337879635","139.69402758340001","03-3342-3931","平日のみ営業 営業時間・","","16席","無","全席喫煙可 2020年4月1日より受動喫煙対策に関する法律(改正健康増進法）が施行されており、最新の情報と異なる場合がございますので、ご来店前に店舗にご確認ください。","予約可","","無","・東京メトロ丸の内線｢西新宿｣駅 徒歩1分 西新宿駅から115m","https://tblg.k-img.com/restaurant/images/Rvw/25362/320x320_rect_de085352af013be39090a363dd2f0d6e.jpg","初台SC"
"手打蕎麦 ごとう","3.51","169","10237","そば/日本料理/日本酒バー","代々木上原駅","\3,000～\3,999","\1,000～\1,999","https://tabelog.com/tokyo/A1318/A131811/13049982/","東京都渋谷区上原1-35-9 吉野ビル　１Ｆ","1510064","35.66965093869635","139.68156228432693","03-6906-8639","月・火・木・金・土 12:00 - 14:30 17:00 - 21:30 日 12:00 - 14:30 水","水曜日","15席 （カウンター3、テーブル5名席×1、4名席×1(2名席×2)、3名席×1）","無 ランチタイムは未就学児をお連れのお客様歓迎（17時迄）ですが 大変狭い店内の為、ベビーカーや車イスでの入店は出来ません。 ディナータイム(17時以降)は未就学児をお連れのお客様の入店はお控え下さい。予め御了承下さい。 また、お席のご予約の受付につきましては下記の備考欄をお読み下さい。","全席禁煙","予約可","","無 近隣有料駐車場多数有","小田急線、千代田線『代々木上原駅』南2番出口を出て、左手横の路地に入り20メートル左手です。 代々木上原駅から182m","https://tblg.k-img.com/restaurant/images/Rvw/162501/640x640_rect_162501011.jpg","初台SC"
"ミヤザキ商店 はなれ","3.51","166","16078","焼き鳥","幡ケ谷駅","\3,000～\3,999","-","https://tabelog.com/tokyo/A1318/A131807/13270525/","東京都渋谷区幡ヶ谷1-2-7 松井ビル 1F","1510072","35.67713863869027","139.6774371644055","03-6276-3883","17:00 - 02:00 L.O. 01:00","不定休","","無","分煙（加熱式たばこ限定） 21:00以降は喫煙可とのこと 2020年4月1日より受動喫煙対策に関する法律(改正健康増進法）が施行されており、最新の情報と異なる場合がございますので、ご来店前に店舗にご確認ください。","予約可","","無","京王新線幡ヶ谷駅徒歩1分未満 南側出口より出て甲州街道沿いに初台方面へ歩いてすぐ 幡ケ谷駅から44m","https://tblg.k-img.com/restaurant/images/Rvw/340174/640x640_rect_188e331494d1660aea0b33bfe7ddd0ff.jpg","初台SC"
"魔女の一撃カレー","3.51","160","4076","カレー","中野坂上駅","\1,000～\1,999","\1,000～\1,999","https://tabelog.com/tokyo/A1319/A131903/13246587/","東京都中野区本町2-47-3","1640012","35.696132208679266","139.680751324595","090-1269-7812","月・火・水・木・金 11:30 - 15:30 17:30 - 21:00 土 11:30 - 15:30 日・祝日","","","無","全席禁煙","予約不可","","無","中野坂上駅から165m","https://tblg.k-img.com/restaurant/images/Rvw/356223/640x640_rect_3d3bc1829d6d1be586290f669df3fca7.jpg","初台SC"
"そらとくもと 東京代々木上原","3.51","152","10041","ベーグル","代々木上原駅","-","-","https://tabelog.com/tokyo/A1318/A131811/13178150/","東京都渋谷区上原3-2-3 1F","1510064","35.66736673789233","139.6812755831423","080-2050-1220","金・土・日 09:00 - 16:00 月・火・水・木","","","無","全席禁煙","予約可","","無","代々木上原 代々木上原駅から232m","https://tblg.k-img.com/restaurant/images/Rvw/330128/640x640_rect_84f9b0833b0d0c9f708117f4978b1fa9.jpg","初台SC"
"炭火焼大衆酒場 御厨 笹塚店","3.51","148","8386","肉料理/居酒屋/海鮮","笹塚駅","\4,000～\4,999","-","https://tabelog.com/tokyo/A1318/A131808/13212620/","東京都渋谷区笹塚1-24-3 カステーロササヅカ 1F","1510073","35.67215193788533","139.66877088319941","03-6407-0221","月・火・水・木・金・土 17:30 - 00:00 L.O. 23:00 日","","23席 （カウンター13席、テーブル10席）","無","分煙 禁煙席のご利用の際は、店頭の灰皿をお使いください。 2020年4月1日より受動喫煙対策に関する法律(改正健康増進法）が施行されており、最新の情報と異なる場合がございますので、ご来店前に店舗にご確認ください。","予約可","","無 近隣にコインパーキングあり","京王電鉄京王新線笹塚駅南口より徒歩５分 笹塚駅から219m","https://tblg.k-img.com/restaurant/images/Rvw/124873/640x640_rect_124873408.jpg","初台SC"
"ル・シァレ","3.51","125","10710","カフェ/パン","代々木八幡駅","-","\1,000～\1,999","https://tabelog.com/tokyo/A1318/A131810/13012557/","東京都-渋谷区富ケ谷2-43-13","1510063","35.66772290869892","139.6857875443045","03-3468-2456","火・水・木・金・土・日 10:00 - 18:00 L.O. 17:30 月","","12席 （4席テーブル×1、6席テーブル×1、2席オープンテラス×1）","無","全席禁煙","予約不可","","無","代々木八幡駅から徒歩8分 代々木八幡駅から399m","https://tblg.k-img.com/restaurant/images/Rvw/34718/640x640_rect_34718210.jpg","初台SC"
"焼肉 うしかね","3.51","122","5178","焼肉/ホルモン/居酒屋","新宿御苑前駅","\4,000～\4,999","\1,000～\1,999","https://tabelog.com/tokyo/A1304/A130402/13230987/","東京都新宿区新宿1-18-7 1F","1600022","35.6898208378876","139.71121108334813","03-5357-7529","火・水・木・金・土・日 11:30 - 14:00 L.O. 13:30 17:00 - 23:00 L.O. 料理22:15 ドリンク22:30 月","","28席 （カウンター4席、テーブル24席）","無","全席禁煙","予約可","","無 近隣にコインパーキングあり","新宿御苑前駅より徒歩2分 新宿三丁目駅より徒歩7分 新宿駅より徒歩15分 新宿御苑前駅から141m","https://tblg.k-img.com/restaurant/images/Rvw/106169/640x640_rect_106169382.jpg","初台SC"
"Bar Bellustar","3.51","95","5221","バー","西武新宿駅","\6,000～\7,999","-","https://tabelog.com/tokyo/A1304/A130401/13284023/","東京都新宿区歌舞伎町1-29-1 東急歌舞伎町タワー 45F","1600021","35.69589665677559","139.70064881630537","03-6233-8455","月・火・水・木・金 17:00 - 00:00 L.O. 23:30 土・日・祝日 13:30 - 00:00 L.O. 23:30","","58席","無","全席禁煙","予約可","","有 ご飲食利用の際： (1) 3,000 円以上の利用で 1 時間まで無料 (2) 5,000 円以上の利用で 2 時間まで無料 (3) 10,000 円以上の利用で3 時間まで無料※詳しくはホテルまで","【最寄駅】 西武新宿線「西武新宿駅」から徒歩1分 都営大江戸線「新宿西口駅」から徒歩6分 JR各線・??急線・京王線・東京メトロ 丸ノ内線 「新宿駅」から徒歩7分 東京メトロ 丸ノ内線/副都?線 ・ 都営新宿線 「新宿三丁目駅」から徒歩8分 西武新宿駅から58m","https://tblg.k-img.com/restaurant/images/Rvw/208780/640x640_rect_13415e5b91c7e79df68566ae0d6f0f51.jpg","初台SC"
"Bread Ship","3.51","88","3349","パン/スイーツ/サンドイッチ","幡ケ谷駅","\1,000～\1,999","\1,000～\1,999","https://tabelog.com/tokyo/A1318/A131807/13310433/","東京都渋谷区幡ヶ谷1-33-3 田中ビル 1F","1510072","35.67648958869053","139.67693977439927","03-6681-5820","水・木・金 08:00 - 19:00 土・日・祝日 09:00 - 19:00 月・火","祝日","","無","全席禁煙","予約可","","無","京王新線幡ヶ谷駅から徒歩1分 幡ケ谷駅から89m","https://tblg.k-img.com/restaurant/images/Rvw/313305/640x640_rect_cde2ac59199a93cf0c3e3ae36f45e417.jpg","初台SC"
"bricolage BAGEL & co.","3.51","86","3672","ベーグル","渋谷駅","-","-","https://tabelog.com/tokyo/A1303/A130301/13287233/","東京都渋谷区道玄坂1-12-1 東急フードショー しぶちか B1F デリゾーン","1500043","35.65922538870907","139.70070461420823","03-3477-4457","10:00 - 21:00","","","無","","予約不可","","無","渋谷駅から65m","https://tblg.k-img.com/restaurant/images/Rvw/211259/640x640_rect_fabc6082f90c828132a98902893b0ce7.jpg","初台SC"
"カレー専門店 B","3.51","81","4697","カレー/インドカレー","東新宿駅","-","\1,000～\1,999","https://tabelog.com/tokyo/A1304/A130401/13312181/","東京都新宿区新宿6-20-6","1600022","35.69759807234237","139.71259469030994","03-3351-9489","火・水・木・金・土・日・祝日 11:30 - 15:00 月","","15席 （カウンター9席、テーブル6席）","無","全席禁煙","予約不可","","無 近隣にパーキングメーターあり","大江戸線 東新宿駅／若松河田駅 副都心線 東新宿駅 徒歩5分 東新宿駅から466m","https://tblg.k-img.com/restaurant/images/Rvw/315119/640x640_rect_287fd5e6d86fb0296decd7995ef0d11b.jpg","初台SC"
"たく庵","3.51","77","11714","居酒屋","四谷三丁目駅","\10,000～\14,999","-","https://tabelog.com/tokyo/A1309/A130903/13113268/","東京都新宿区四谷3-13-1 大高ビル B1Ｆ","1600004","35.68760924869682","139.71887840448218","03-3357-0543","","土曜日","11席 （カウンター7席、小上がり4席）","無","全席禁煙 （外で喫煙になります）","予約可","","無","四谷三丁目駅徒歩2分 四谷三丁目駅から163m","https://tblg.k-img.com/restaurant/images/Rvw/77929/320x320_rect_77929507.jpg","初台SC"
"鮨よしかわ 海道 新宿","3.51","64","2958","寿司/海鮮/日本料理","西新宿駅","\10,000～\14,999","-","https://tabelog.com/tokyo/A1304/A130401/13310859/","東京都新宿区西新宿7-19-7 サンローゼ新宿 101","1600023","35.695200260017884","139.69593396215916","03-5937-3588","月・火・水・木・金・土・日・祝日・祝前日・祝後日 18:00 - 22:30 年末年始はお休みです。 18時～、20時半～のみご予約可能です。","","16席 （カウンター16席）","無","全席禁煙","完全予約制","","無 近隣にコインパーキングあり","新宿駅徒歩10分 西新宿駅から286m","https://tblg.k-img.com/restaurant/images/Rvw/308289/640x640_rect_09213939208d91aef78e54f71c4d6272.jpg","初台SC"
"和食 静流","3.51","47","6925","日本料理","代々木八幡駅","\6,000～\7,999","-","https://tabelog.com/tokyo/A1318/A131810/13104805/","東京都渋谷区富ヶ谷1-3-12 サンシティ富ヶ谷 3F","1510063","35.669303818698936","139.68901025431822","03-3481-6708","","","12席 （カウンターのみ）","無","全席禁煙","予約可","","無","東京メトロ千代田線 代々木公園駅 1番出口より徒歩すぐ 小田急線 代々木八幡駅 南口より徒歩すぐ 代々木八幡駅から69m","https://tblg.k-img.com/restaurant/images/Rvw/337811/640x640_rect_c37ae412066835bc684ea89897fe28b8.jpg","初台SC"
"廻転鮨 銀座おのでら 本店","3.50","1411","101376","回転寿司","表参道駅","\4,000～\4,999","\4,000～\4,999","https://tabelog.com/tokyo/A1306/A130602/13264172/","東京都渋谷区神宮前5-1-6 イルパラッツィーノ表参道 1F","1500001","35.665759137902555","139.71014518310582","050-3085-1700","10:30 - 22:30 21:30が最終入店となります。 混雑状況により、21:30前でも受付・チケット発券を終了させていただく場合がございます。 あらかじめご了承くださいませ。 店舗改修のため休","","70席 （カウンター30席 4人掛けテーブル4か所 6人掛けテーブル2か所 6人用個室2か所 計70席 ※個室は4名様から12名様まで対応可能です。）","有 （4人可、6人可、8人可、10～20人可） ご予約は承っておりません。ご了承くださいませ。","全席禁煙","予約不可","","無","地下鉄各線・表参道駅Ａ１出口の階段を上り、原宿駅方面へ２０メートルほど直進。 すぐ左手に、ブランドの「COACH」と「BOSS」がありますので、そちらの路地を左に入りますと、すぐ右前に「廻転鮨銀座おのでら」の立ち看板が見えます。（路地から１５メートルほど） 徒歩１分の距離にございます。 表参道駅から224m","https://tblg.k-img.com/restaurant/images/Rvw/167160/640x640_rect_495afdbc96271c35b707058ac0883a8e.jpg","初台SC"
"サラベス ルミネ新宿店","3.50","1297","47965","カフェ/パンケーキ","新宿駅","\2,000～\2,999","\2,000～\2,999","https://tabelog.com/tokyo/A1304/A130401/13148788/","東京都新宿区新宿3-38-2 ルミネ新宿LUMINE2 2Ｆ","1600022","35.689682037884324","139.70063008335416","03-5357-7535","09:00 - 22:00 L.O. 21:00","無休","62席","無","全席禁煙","予約不可","","有 新宿駅東口､都庁第一本庁舎､大安ビル各駐車場ルミネ3千円以上(合算可)2時間無料","京王線 ルミネ新宿店直通 JR・小田急線・京王線「新宿駅」南口徒歩1分 京王新線・都営新宿線・都営大江戸線「新宿駅」京王新線口徒歩1分 新宿駅から92m","https://tblg.k-img.com/restaurant/images/Rvw/258037/640x640_rect_f3a69ad651198d2862c9fa1c0c998277.jpg","初台SC"
"伝統韓国料理 松屋","3.50","1121","60312","韓国料理/冷麺","東新宿駅","\4,000～\4,999","\3,000～\3,999","https://tabelog.com/tokyo/A1304/A130404/13000028/","東京都新宿区大久保1-1-17 ひかり荘　１Ｆ","1690072","35.698716138685455","139.70533152460388","03-3200-5733","11:00 - 23:00 L.O. 22:00 営業時間・","","","無","全席禁煙 外の入口にて禁煙可","予約可","","無 近隣にコインパーキングあり","副都心線「東新宿」A1出口より、徒歩5分 JR新大久保駅より 徒歩10分 東新宿駅から212m","https://tblg.k-img.com/restaurant/images/Rvw/278056/640x640_rect_5b3cc496898d803656b8e877b83629b7.jpg","初台SC"
"雷庵","3.50","1121","76230","そば/日本料理/居酒屋","渋谷駅","\10,000～\14,999","\4,000～\4,999","https://tabelog.com/tokyo/A1303/A130301/13193603/","東京都渋谷区渋谷1-4-13 董友ビル 1F","1500002","35.661322437903635","139.70468688306485","03-5778-3379","月・火・水・木・金・土・日・祝日・祝前日・祝後日 11:30 - 15:00 L.O. 料理14:00 ドリンク14:30 17:30 - 22:30 L.O. 料理21:30 ドリンク22:00","無休","58席","有 ◆未就学のお子様同伴のお客様は、個室をご利用くださいますようお願いいたします。 ◆6名様の個室を２部屋用意。つなげると12名様の個室になります。 個室のご予約はお電話にて承ります。(ランチ・ディナー共に個室チャージ料1部屋5,000円)","全席禁煙 喫煙ブース完備","予約可","","無","東急・東京メトロ渋谷 B1出口より 徒歩2分 JR渋谷駅 宮益坂出口より 徒歩7分 渋谷駅から393m","https://tblg.k-img.com/restaurant/images/Rvw/118917/640x640_rect_118917614.jpg","初台SC"
"biodinamico","3.50","1071","86176","イタリアン/パスタ/ダイニングバー","渋谷駅","\6,000～\7,999","\1,000～\1,999","https://tabelog.com/tokyo/A1303/A130301/13096558/","東京都渋谷区神南1-19-14 クリスタルポイントビル 3F","1500041","35.66280503790108","139.69964218308334","03-3462-6277","月・火・水・木・金 11:30 - 14:30 L.O. 14:00 18:00 - 21:30 L.O. 料理20:00 ドリンク21:00 土・日・祝日 11:30 - 14:30 L.O. 料理","無休","50席","有 （2人可、4人可、6人可、8人可） 2～8名様まで。別途3300円頂戴いたします。","全席禁煙","予約可","Tabelog Award 2018 Bronze / イタリアン 百名店 2023","無","JR・東京メトロ「渋谷駅」より徒歩7分 渋谷駅から448m","https://tblg.k-img.com/restaurant/images/Rvw/360566/640x640_rect_9372280906f4d2bb25a359bae9ec2b0e.jpg","初台SC"
"なきざかな 新宿店","3.50","1068","108175","海鮮/居酒屋/日本酒バー","新宿駅","\5,000～\5,999","-","https://tabelog.com/tokyo/A1304/A130401/13035698/","東京都新宿区新宿3-35-10 ローヤルプリンスビル B1F","1600022","35.690095337884586","139.70229488335718","03-6240-8224","月・火・水・木・金 17:00 - 23:00 L.O. 22:00 土・日・祝日 16:00 - 23:00 L.O. 22:00","","40席","有 （8人可）","全席禁煙","予約可","","無","①JR東日本 新宿駅 東南口 徒歩1分 ②都営地下鉄新宿線 新宿駅 東南口・A8 徒歩1分 ③京王線 新宿駅 東南口 徒歩1分 新宿駅から206m","https://tblg.k-img.com/restaurant/images/Rvw/238746/640x640_rect_4ea95286f0c543aff0977c4dd475c831.jpg","初台SC"
"JINNAN CAFE 渋谷","3.50","880","45192","カフェ","渋谷駅","\1,000～\1,999","\1,000～\1,999","https://tabelog.com/tokyo/A1303/A130301/13130801/","東京都渋谷区神南1-17-5 クーラビル１F・B1F","1500041","35.66305073790103","139.69994138308562","03-5728-3786","月・火・水・木・金 11:00 - 23:00 L.O. 22:00 土・日・祝日 10:00 - 23:00 L.O. 22:00","なし","150席 （テラス・地下エリア含む）","無","全席禁煙","予約可","","無 公共駐車場をご利用ください","渋谷駅から徒歩約７分 渋谷駅から465m","https://tblg.k-img.com/restaurant/images/Rvw/307009/640x640_rect_b365e28ec0347b2519c881011387e9c2.jpg","初台SC"
"炭火焼食堂 こがね屋","3.50","789","50806","居酒屋/肉料理/食堂","西武新宿駅","\3,000～\3,999","～\999","https://tabelog.com/tokyo/A1304/A130401/13078681/","東京都新宿区西新宿7-8-11 大黒ビル　１Ｆ","1600023","35.69581603787965","139.6981862834178","050-1720-2974","月・火・水・木 11:15 - 14:30 L.O. 料理14:00 17:30 - 22:30 L.O. 料理21:30 ドリンク22:00 金 11:15 - 14:30 L.O. 料理14:00","","35席 （ご予約最大２４名様承ります。）","無","分煙（加熱式たばこ限定） 夜の時間帯のみ全席、加熱式たばこ限定で可。 2020年4月1日より受動喫煙対策に関する法律(改正健康増進法）が施行されており、最新の情報と異なる場合がございますので、ご来店前に店舗にご確認ください。","予約可","定食 百名店 2021","無","東京メトロ丸の内線「西新宿駅」より徒歩5分 各線「新宿駅」より徒歩10分 西新宿駅から30m 西武新宿駅から177m","https://tblg.k-img.com/restaurant/images/Rvw/176295/640x640_rect_6dd8b2da7b2a2945d83e856a9fffa7e7.jpg","初台SC"
"鮨のだり半","3.50","765","59177","寿司/海鮮","代々木駅","\4,000～\4,999","-","https://tabelog.com/tokyo/A1304/A130403/13161175/","東京都渋谷区千駄ヶ谷5-20-11 第1シルバービル 1F","1510051","35.68338563788915","139.70321678328872","03-6457-7871","月・火・水・木・金・土・日 16:00 - 23:30 L.O. 23:00 祝日 16:00 - 22:30 L.O. 22:00","なし","60席","無","全席喫煙可 2020年4月1日より受動喫煙対策に関する法律(改正健康増進法）が施行されており、最新の情報と異なる場合がございますので、ご来店前に店舗にご確認ください。","予約可","","無","JR代々木駅東口 徒歩1分 地下鉄大江戸線代々木駅A2出口 徒歩3分 代々木駅から113m","https://tblg.k-img.com/restaurant/images/Rvw/84851/640x640_rect_84851965.jpg","初台SC"
"炭火焼き リリー 渋谷店","3.50","753","56126","居酒屋/寿司/日本酒バー","渋谷駅","\5,000～\5,999","-","https://tabelog.com/tokyo/A1303/A130301/13290905/","東京都渋谷区道玄坂1-14-9 ソシアル道玄坂","1500043","35.657349345265125","139.6980344193304","03-6416-9763","月・火・水・木・金 17:00 - 23:30 L.O. 料理22:30 ドリンク23:00 土・日・祝日 16:00 - 23:30 L.O. 料理22:30 ドリンク23:00","","47席 （店内47席 外6席）","無 大変恐れ入りますが、お席のご指定はお受けいたしかねます。 あらかじめご了承くださいませ。","全席喫煙可 電子タバコのみ喫煙可になります。 2020年4月1日より受動喫煙対策に関する法律(改正健康増進法）が施行されており、最新の情報と異なる場合がございますので、ご来店前に店舗にご確認ください。","予約可","","無 近隣のパーキングをご利用ください","JR渋谷駅徒歩4分 井の頭線渋谷駅徒歩1分 渋谷駅から356m","https://tblg.k-img.com/restaurant/images/Rvw/225274/640x640_rect_1d90614a281e95e65a9ed5e05ab6a90b.jpg","初台SC"
"下北六角","3.50","710","52608","居酒屋/海鮮/日本料理","下北沢駅","\4,000～\4,999","\1,000～\1,999","https://tabelog.com/tokyo/A1318/A131802/13269450/","東京都世田谷区北沢2-11-15 ミカン下北 A街区 205","1550031","35.66144943789179","139.66776988309203","03-6450-9177","月・火・水・木・金・土・日・祝日・祝前日・祝後日 11:30 - 14:30 L.O. 13:30 17:00 - 23:00 L.O. 22:30","","26席 （テーブル席、カウンター席。別途テラスに16?20席。）","無","全席禁煙 施設内、喫煙スペースをご利用いただけます。","予約可","","無","京王井の頭線・小田急小田原線 下北沢駅 徒歩１分 京王井の頭線高架下「下北ミカンミカン下北 A街区 205」 駅目の前です！ ■系列店■ 旬を味わう和食酒場『三茶呑場 マルコ』 イタリアン・フレンチをベースにしたおしゃれな隠れ家『ニューマルコ』 本格的な和食・割烹を楽しむスタンド酒場『コマル』 町の“アイコン食堂”『食堂かど』 スタイリッシュに日本の美味しいを味わう『下北六角』 居酒屋以上 割烹未満の創作和食『虎ノ門 楽?』 昼は街の洋食店、夜は彩り豊かなワイン酒場『洋食 api』 ---------------- 下北沢駅から54m","https://tblg.k-img.com/restaurant/images/Rvw/305336/640x640_rect_125cee497306f6e2c495398beb7e1fe0.jpg","初台SC"
"tar 渋谷店","3.50","647","70483","イタリアン/ピザ/ダイニングバー","神泉駅","\5,000～\5,999","-","https://tabelog.com/tokyo/A1303/A130301/13301578/","東京都渋谷区円山町7-5 GP Dogenzaka 2F","1500044","35.65773841577908","139.69491216072018","050-1725-4472","月 17:00 - 23:00 火・水・木・金・祝前日・祝後日 17:00 - 23:00 L.O. 料理22:00 ドリンク22:30 土・日・祝日 16:00 - 23:00 L.O. 料理22:","","16席 （【総席数50席】カウンター2名様用×6卓、テーブル2名様用×3卓、テーブル4名様用×5卓、ソファー4名様用×2卓）","無","全席禁煙","予約可","","無","渋谷駅アベニュー口より徒歩3分 神泉駅から129m","https://tblg.k-img.com/restaurant/images/Rvw/267753/640x640_rect_8ad39745f164338fb49f6934f6951231.jpg","初台SC"
"叙々苑 新宿中央東口店","3.50","625","9848","焼肉/日本料理/韓国料理","新宿駅","\10,000～\14,999","\3,000～\3,999","https://tabelog.com/tokyo/A1304/A130401/13017369/","東京都新宿区新宿3-27-10 武蔵野ビル　７Ｆ","1600022","35.691262048689126","139.70197087453093","03-5360-8989","11:00 - 21:45 L.O. 21:45","","248席 （テーブル席：28卓 114席 カウンター席：4卓 8席 和風特別個室：9室 56席 二階席：16卓 70席）","有 （2人可、4人可、6人可、8人可、10～20人可） ※和風特別個室をご利用の場合は別途、個室使用料(5%)を加算させていただきます。（2名～24名）","全席禁煙 喫煙室をご利用ください。","予約可","","無","新宿駅中央東口より徒歩5分 新宿駅から201m","https://tblg.k-img.com/restaurant/images/Rvw/279857/640x640_rect_34ac488b61f26eb29c785c64774cd7b2.jpg","初台SC"
"ジランドール by アラン デュカス","3.50","577","15507","フレンチ","都庁前駅","\15,000～\19,999","\10,000～\14,999","https://tabelog.com/tokyo/A1304/A130401/13004205/","東京都新宿区西新宿3-7-1-2 新宿パークタワー パーク ハイアット 東京 41F","1600023","35.6861235386887","139.69040734448714","03-5323-3459","月・火・水・木・金・土・日・祝日・祝前日・祝後日 12:00 - 15:30 L.O. 料理14:30 17:30 - 21:30 L.O. 料理20:30","","136席 （テーブル席/バーカウンター）","無","全席禁煙","予約可","","有","・JR新宿駅南口より徒歩12分 ・都営大江戸線 都庁前駅より徒歩8分 都庁前駅から537m","https://tblg.k-img.com/restaurant/images/Rvw/366970/640x640_rect_e52c5b821349399f1cf8d82fa219f7df.jpg","初台SC"
"アイランド・ヴィンテージ・コーヒー 表参道店","3.50","572","15110","カフェ/ハワイ料理","明治神宮前駅","\1,000～\1,999","\1,000～\1,999","https://tabelog.com/tokyo/A1306/A130601/13178497/","東京都渋谷区神宮前6-1-10 富士鳥居ビル 2F","1500001","35.66764289870561","139.7066544142891","03-6434-1202","10:00 - 20:00 営業時間・","","70席","無","全席禁煙","予約不可","","無","東京メトロ千代田線明治神宮前（原宿）駅徒歩3分。 東京メトロ千代田線表参道駅徒歩4分。 JR原宿駅竹下口から徒歩10分。 明治神宮前駅から174m","https://tblg.k-img.com/restaurant/images/Rvw/221764/640x640_rect_4f73a6eb279b94994799658841034960.jpg","初台SC"
"IL LUPINO PRIME","3.50","540","54747","イタリアン/ステーキ/ダイニングバー","表参道駅","\15,000～\19,999","\5,000～\5,999","https://tabelog.com/tokyo/A1306/A130602/13272082/","東京都港区北青山3-4-3 ののあおやま 2F","1070061","35.66787601870766","139.7135597042866","03-6804-5661","月・火・水・木・金・土・日・祝日 11:30 - 23:30 L.O. 22:30","","142席","有 （2人可、4人可、6人可、8人可、10～20人可） ランチ ー11:30~14:00 ー 1名様~最大８名様まで 最低保証飲食代 5万円 1名様~最大18名様まで 最低保証飲食代 10万円 ディナー ー上記以降のお時間ー 1名様~最大８名様まで 最低保証飲食代 15万円 1名様~最大18名様まで 最低保証飲食代 30万円","全席禁煙","予約可","","無 近隣にコインパーキングあり（提携駐車場なし）","表参道駅A3出口より徒歩5分 表参道駅から315m","https://tblg.k-img.com/restaurant/images/Rvw/348466/640x640_rect_73f04d9ddeb6cd4b8db2f98ee0f576bc.jpg","初台SC"
"京焼肉 京之介","3.50","532","11627","焼肉/ホルモン/牛タン","渋谷駅","\8,000～\9,999","\2,000～\2,999","https://tabelog.com/tokyo/A1303/A130301/13298671/","東京都渋谷区道玄坂2-25-10 ベニー清建ビル 2F","1500043","35.660270406090895","139.69713991468353","03-4500-0482","月・火・水・木・金・土・日・祝日・祝前日・祝後日 12:00 - 15:00 L.O. 14:30 17:00 - 23:30 L.O. 料理22:30 ドリンク23:00 ランチについては、火曜日～","","32席","有 （2人可、4人可、6人可、8人可、10～20人可）","分煙（加熱式たばこ限定） 2020年4月1日より受動喫煙対策に関する法律(改正健康増進法）が施行されており、最新の情報と異なる場合がございますので、ご来店前に店舗にご確認ください。","予約可","","有 近隣にコインパーキングあり","東京メトロ渋谷駅3a出口から徒歩2分 JR渋谷駅 ハチ公出口から徒歩5分 【H&M渋谷店】の向かい側にございます。 渋谷駅から450m 渋谷駅から408m","https://tblg.k-img.com/restaurant/images/Rvw/304092/640x640_rect_260e2762c5a8b146248e7ef1dfdca7d5.jpg","初台SC"
"ビストロ ロジウラ","3.50","525","81984","ビストロ/ワインバー/フレンチ","渋谷駅","\8,000～\9,999","\2,000～\2,999","https://tabelog.com/tokyo/A1303/A130301/13134601/","東京都渋谷区宇田川町11-2 １Ｆ","1500042","35.662419008705974","139.6973844042428","03-6416-3083","火・水・木・金・土 08:00 - 14:00 L.O. 13:00 18:00 - 23:00 L.O. 料理22:00 ドリンク22:30 月・日","","18席 （カウンター７席、テーブル8席）","無","全席禁煙 禁煙ですが、店のすぐ外で喫煙可。テラス席も可。","予約可","","無 近隣にコインパーキング有り。","JR渋谷駅から徒歩8分 千代田線代々木公園駅から徒歩15分 渋谷駅から522m","https://tblg.k-img.com/restaurant/images/Rvw/335445/320x320_rect_ffb0582c18478e464f0d0125de583211.jpg","初台SC"
"中国料理 「王朝」 ヒルトン東京","3.50","517","11611","中華料理/四川料理/飲茶・点心","西新宿駅","\10,000～\14,999","\5,000～\5,999","https://tabelog.com/tokyo/A1304/A130401/13172872/","東京都新宿区西新宿6-6-2 ヒルトン東京　２Ｆ","1600023","35.69272173787937","139.6911083833915","03-3344-5111","月・火・水・木・金・土・日・祝日・祝前日・祝後日 11:30 - 15:00 L.O. 14:30 17:30 - 22:00 L.O. 21:00","無休","224席 （19種類の椅子と25 種類のテーブルを配置）","有 （4人可、6人可、8人可、10～20人可、20～30人可、30人以上可） ■個室4部屋 室料：ランチ10,000円～、ディナー15,000円～ ■セミプライベートルーム2部屋 室料：ランチ5,000円、ディナー10,000円","全席禁煙","予約可","","有 3,000円以上ご飲食の場合、3時間30分まで無料。（延長300円／30分）","地下鉄丸ノ内線西新宿駅 Ｃ８出口 徒歩2分 地下鉄都営大江戸線都庁前駅 徒歩3分 ＪＲ新宿駅 西口 徒歩10分 西新宿駅から258m 都庁前駅から258m 西新宿駅から245m","https://tblg.k-img.com/restaurant/images/Rvw/76214/640x640_rect_76214430.jpg","初台SC"
"君のハンバーグを食べたい 渋谷店","3.50","501","11478","ハンバーグ","渋谷駅","\1,000～\1,999","\1,000～\1,999","https://tabelog.com/tokyo/A1303/A130301/13301975/","東京都渋谷区宇田川町13-16 コクサイビルA館 2F","1500042","35.66139280833523","139.6984164236588","03-6416-0103","11:00 - 22:00 L.O. 21:00 不定休（年末年始・社内勉強会・台風・大雪など）","","50席","無","全席禁煙","予約不可","","無","渋谷駅から376m 渋谷駅から376m","https://tblg.k-img.com/restaurant/images/Rvw/307304/640x640_rect_030551bdadf94d74f95af694d30934d1.jpg","初台SC"
"築地とときち 新宿三丁目店","3.50","491","41676","居酒屋/海鮮/日本酒バー","新宿三丁目駅","\6,000～\7,999","-","https://tabelog.com/tokyo/A1304/A130401/13023849/","東京都新宿区新宿3-6-13 大喜ビル 1F","1600022","35.69110723788509","139.70589058336486","03-3341-7666","月・火・水・木・金 17:30 - 22:30 土 17:00 - 22:30 祝日 17:00 - 21:45 日","日曜日","29席 （テーブル25席、カウンター4席）","無","全席禁煙","予約可","","無","新宿三丁目駅 徒歩3分 新宿三丁目駅から94m","https://tblg.k-img.com/restaurant/images/Rvw/225835/640x640_rect_f871ab660174ea755b38776503b07cc4.jpg","初台SC"
"カフェ&ミール ムジ 新宿","3.50","489","10451","カフェ/オーガニック/ケーキ","新宿三丁目駅","\1,000～\1,999","\1,000～\1,999","https://tabelog.com/tokyo/A1304/A130401/13053848/","東京都新宿区新宿3-15-15 新宿ピカデリー B1","1600022","35.69264455913755","139.70376981795016","03-5367-2726","月・火・水・木・金・土・日・祝日 11:00 - 21:00 L.O. 20:30","不定休","130席","無","全席禁煙","予約不可","","無","各線【新宿駅】東口・東南口より徒歩5分 西武新宿線【西武新宿駅】より徒歩8分 東京メトロ丸の内線・副都心線【新宿三丁目駅】B7・8出口より徒歩1分 新宿三丁目駅から223m","https://tblg.k-img.com/restaurant/images/Rvw/367335/640x640_rect_5f8324384dae46fe27a2d013e458c7e5.jpg","初台SC"
"新宿ホルモン","3.50","475","31040","ホルモン/焼肉/居酒屋","新宿三丁目駅","\4,000～\4,999","-","https://tabelog.com/tokyo/A1304/A130401/13000894/","東京都新宿区新宿3-12-3 藤原第二ビル　１Ｆ","1600022","35.6917918786901","139.7060781245334","03-3353-4129","17:00 - 23:00 L.O. 22:00","無休","28席 （カウンター12席、テーブル4つ）","無","全席喫煙可 2020年4月1日より受動喫煙対策に関する法律(改正健康増進法）が施行されており、最新の情報と異なる場合がございますので、ご来店前に店舗にご確認ください。","予約可","","無","東京メトロ「新宿三丁目駅」徒歩2分 ＪＲ「新宿駅」徒歩8分 新宿三丁目駅から148m","https://tblg.k-img.com/restaurant/images/Rvw/16425/640x640_rect_16425452.jpg","初台SC"
"uni","3.50","435","35964","カフェ","明治神宮前駅","-","～\999","https://tabelog.com/tokyo/A1306/A130601/13248343/","東京都渋谷区神宮前5-10-1 GYRE 4F","1500001","35.66746111870579","139.70686254428708","03-6803-8699","月・日 11:00 - 20:00 火・水・木・金・土 11:00 - 00:00 【CAFE】11:00?19:00(L.O18:30) 【BAR】19:00?24:00(L.O23:30) 営業時","","","無","全席禁煙","予約不可","","有","表参道駅A1出口より徒歩4分 明治神宮前駅4番出口より徒歩3分 明治神宮前駅から201m","https://tblg.k-img.com/restaurant/images/Rvw/346661/640x640_rect_c59df7a79c9b9b10965009fd06bee90f.jpg","初台SC"
"むさしの森 Diner 新宿中央公園店","3.50","407","10074","カフェ","都庁前駅","\2,000～\2,999","\1,000～\1,999","https://tabelog.com/tokyo/A1304/A130401/13247800/","東京都新宿区西新宿2-11-5","1600023","35.69107834868549","139.69020148453734","03-5909-0588","07:00 - 22:00 営業時間・","","","無","全席禁煙","予約不可","","有","都庁前駅から227m","https://tblg.k-img.com/restaurant/images/Rvw/137355/640x640_rect_137355590.jpg","初台SC"
"中国料理 南園","3.50","403","8464","中華料理","都庁前駅","\15,000～\19,999","\6,000～\7,999","https://tabelog.com/tokyo/A1304/A130401/13000774/","東京都新宿区西新宿2-2-1 京王プラザホテル 本館 2F","1600023","35.690310037881936","139.6943731833649","03-3344-0111","月・火・水・木・金 11:30 - 15:00 L.O. 料理14:30 17:00 - 22:00 L.O. 料理21:00 土・日・祝日 11:30 - 22:00 L.O. 料理21:00","","139席 （ホール139席・個室7室）","有 （2人可、4人可、6人可、8人可、10～20人可、20～30人可、30人以上可） ※個室のご利用には別途室料を頂戴いたします","全席禁煙","予約可","","有 収容台数 509台（車椅子ご利用者専用駐車場は、南館B1階ロットナンバー601/2台）","・新宿駅西口（JR・私鉄・地下鉄）より徒歩5分 ・都庁前駅（都営大江戸線）よりB1出口階段を上がってすぐ ※ベビーカーや車椅子等をご利用の場合は、エレベーターがあるA4出口よりお越しください 都庁前駅から161m","https://tblg.k-img.com/restaurant/images/Rvw/364981/640x640_rect_11430b74cb3e34fcd8dde41a097b2c08.jpg","初台SC"
"カクニマル","3.50","374","44526","居酒屋","神泉駅","\4,000～\4,999","-","https://tabelog.com/tokyo/A1303/A130301/13218029/","東京都渋谷区道玄坂1-19-6","1500043","35.65673083870917","139.69606799418628","03-6416-3132","17:30 - 23:30 営業時間・","","","無","分煙 2020年4月1日より受動喫煙対策に関する法律(改正健康増進法）が施行されており、最新の情報と異なる場合がございますので、ご来店前に店舗にご確認ください。","予約可","","無","神泉駅から231m","https://tblg.k-img.com/restaurant/images/Rvw/358262/640x640_rect_b8867faf70b7836a84194a060a224f7a.jpg","初台SC"
"NO MEAT,NO LIFE. 6x","3.50","355","7648","焼肉/ホルモン/肉バル","西武新宿駅","\6,000～\7,999","-","https://tabelog.com/tokyo/A1304/A130401/13265938/","東京都新宿区歌舞伎町1-13-10 第15金嶋ビル B1F","1600021","35.69438453788198","139.70264388340024","03-5273-1129","月・火・水・木・金・土・日・祝日・祝前日・祝後日 17:00 - 23:00 L.O. 料理22:00 ドリンク22:30","なし","16席 （6名テーブル・4名テーブル・2名テーブル）","無","全席禁煙","予約可","","無","JR新宿駅東口 徒歩5分 西武新宿駅 徒歩4分 西武新宿駅から303m","https://tblg.k-img.com/restaurant/images/Rvw/186187/640x640_rect_85da1b1087ab348b559fc06dfb1463aa.jpg","初台SC"
"十二社通り 地鶏焼とりや","3.50","324","24480","焼き鳥/居酒屋/鳥料理","初台駅","\8,000～\9,999","-","https://tabelog.com/tokyo/A1304/A130401/13006732/","東京都新宿区西新宿3-7-27 セントヒルズ西新宿 B1F","1600023","35.68490383788409","139.6903562833131","03-3345-3433","月・火・水・木・金 17:30 - 00:00 L.O. 料理23:00 ドリンク23:30 土・日・祝日 17:00 - 23:00 L.O. 料理22:00 ドリンク22:30","年中無休","25席 （個室【3～6名様】、テーブル席【2～6名様】、カウンター席【9席】）","有 3名以上から","全席禁煙","予約可","","無 近くに有料パーキング有り","大江戸線都庁前駅A５出口8分 小田急線参宮橋駅8分 初台駅から501m","https://tblg.k-img.com/restaurant/images/Rvw/135583/640x640_rect_135583797.jpg","初台SC"
"バー&ラウンジ ZATTA ヒルトン東京","3.50","301","7235","バー/カフェ/ケーキ","都庁前駅","\5,000～\5,999","\3,000～\3,999","https://tabelog.com/tokyo/A1304/A130401/13172873/","東京都新宿区西新宿6-6-2 ヒルトン東京　２Ｆ","1600023","35.69254712550104","139.6910697660631","03-3344-5111","月・火・水・木・日 11:00 - 23:00 L.O. 料理22:00 ドリンク22:30 金・土・祝前日 11:00 - 00:00 L.O. 料理22:00 ドリンク23:30","","65席","無","全席禁煙 館内別フロアーに喫煙所がございます。","予約可","","有 3,000円以上ご飲食の場合、3時間30分まで無料。（延長250円／30分）","地下鉄丸ノ内線西新宿駅 Ｃ８出口 徒歩2分 地下鉄都営大江戸線都庁前駅 徒歩3分 ＪＲ新宿駅 西口 徒歩10分 西新宿駅から258m 都庁前駅から258m","https://tblg.k-img.com/restaurant/images/Rvw/350213/640x640_rect_de611fac31926a9ee47f2f44c8fcc8ae.jpg","初台SC"
"ウズナ オムオム","3.50","298","21283","カフェ/パンケーキ","明治神宮前駅","-","\2,000～\2,999","https://tabelog.com/tokyo/A1306/A130601/13046132/","東京都渋谷区神宮前5-17-8 原宿XS203号　2F","1500001","35.665864937900984","139.70540918311022","03-3499-2337","月・火・水・木・金・土・日・祝日・祝前日・祝後日 11:00 - 18:00 L.O. 17:00 年末年始はお休みです","","18席 （テーブル席12席、カウンター席2席、テラス席4席）","無","全席禁煙","予約不可","","無","東京メトロ「明治神宮前駅」から徒歩10分 JR山手線「原宿駅」表参道口から徒歩13分 ・10 minutes on foot from Meiji-Jingumae Station (Tokyo Metro) ・13 minutes on foot from Harajuku Station (JR Yamanote Line, Omotesando Exit) 明治神宮前駅から304m","https://tblg.k-img.com/restaurant/images/Rvw/187850/640x640_rect_b3fc79f37e9ba4943e7b5723f2e9e319.jpg","初台SC"
"LUCKY ALEXANDER CHINA","3.50","293","26174","中華料理/ラーメン","神泉駅","\4,000～\4,999","\1,000～\1,999","https://tabelog.com/tokyo/A1318/A131801/13284430/","東京都目黒区駒場1-16-9 片桐ビル 1F","1530041","35.65559073790206","139.68833458301842","03-6804-7352","月・火・水・木・日 12:00 - 15:30 L.O. 15:00 17:30 - 22:30 L.O. 料理21:30 ドリンク22:00 金・土・祝前日 12:00 - 15:30 L.O. 1","","29席 （全席テーブル）","無","全席禁煙","予約可","","無 近隣にコインパーキングあり","渋谷駅バス停から渋51若林折返所行きバスにて 「松見坂下」バス停から徒歩1分 京王井の頭線「駒場東大前駅」東口から徒歩8分 京王井の頭線「神泉駅」南口から徒歩10分 東急田園都市線「池尻大橋駅」北口から徒歩10分 JR渋谷駅徒歩20分 神泉駅から513m","https://tblg.k-img.com/restaurant/images/Rvw/236548/320x320_rect_fba8dfb96b5bc2433e813883296d9e61.jpg","初台SC"
"Henderson","3.50","273","51540","ビストロ/フレンチ","神泉駅","\6,000～\7,999","-","https://tabelog.com/tokyo/A1303/A130301/13296149/","東京都渋谷区宇田川町41-28 茂木ビル 1F","1500042","35.662950916485855","139.69506579685654","050-1792-6650","月・火・水・木・祝日 18:00 - 23:30 L.O. 22:30 金 18:00 - 23:00 L.O. 22:30 土 16:00 - 22:30 L.O. 21:30 日","","22席 （カウンター6席、テーブル16席）","無","全席禁煙 テラス席には灰皿がございます。","予約可","","無","渋谷駅から徒歩8分 代々木八幡駅から徒歩14分 神泉駅から643m","https://tblg.k-img.com/restaurant/images/Rvw/315618/640x640_rect_97f87c15a917a387481cca83b33a5862.jpg","初台SC"
"TruffleBAKERY ルミネ新宿店","3.50","271","4313","カフェ","新宿駅","\1,000～\1,999","\1,000～\1,999","https://tabelog.com/tokyo/A1304/A130401/13310407/","東京都新宿区西新宿1-1-5 ルミネ新宿 1F","1600023","35.68863903869001","139.69953308450616","","08:00 - 21:00","","63席","無","全席禁煙","予約不可","","有 提携駐車場あり。①新宿駅東口駐車場②都庁第一本庁舎駐車場③JR新宿ミライナタワー駐車場※当日のお買い上げレシート合計3,000円以上で2時間まで駐車無料","新宿駅から196m","https://tblg.k-img.com/restaurant/images/Rvw/364081/640x640_rect_d41da356b59db60bdf6cd16d5586ad8e.jpg","初台SC"
"かつ精","3.50","268","9182","とんかつ/食堂","新宿御苑前駅","\2,000～\2,999","\1,000～\1,999","https://tabelog.com/tokyo/A1304/A130402/13006682/","東京都新宿区新宿1-18-10 カテリーナ柳通ビル　１Ｆ","1600022","35.68997109098009","139.71148568912807","03-3341-5756","月・火・水・木・金 11:30 - 14:00 土・日・祝日","","19席","無","全席禁煙","予約不可","","無","丸の内線 新宿御苑駅 徒歩３分 新宿御苑前駅から165m","https://tblg.k-img.com/restaurant/images/Rvw/361897/640x640_rect_da80124b670c013e5b8fc260df648970.jpg","初台SC"
"Bistro Kojiya","3.50","260","20399","ビストロ/フレンチ/ワインバー","新宿三丁目駅","\6,000～\7,999","\3,000～\3,999","https://tabelog.com/tokyo/A1304/A130401/13168419/","東京都新宿区新宿5-10-5 プログレス新宿 1F","1600022","35.69227543788512","139.708272683375","03-5269-6515","火・水・木・金・土・日 11:30 - 15:00 L.O. 13:00 18:00 - 23:00 L.O. 20:30 月","","22席","無","全席禁煙 テラスにて喫煙スペースあり","完全予約制","","無","JR新宿駅東口 徒歩10分 / 新宿三丁目駅 徒歩3分 / 新宿御苑前駅 徒歩5分 新宿三丁目駅から343m","https://tblg.k-img.com/restaurant/images/Rvw/287822/640x640_rect_c26ed47349b268c656e2e70919745690.jpg","初台SC"
"肉玉そば おとど 新宿2丁目店","3.50","258","7023","ラーメン/つけ麺/油そば・まぜそば","新宿三丁目駅","～\999","～\999","https://tabelog.com/tokyo/A1304/A130401/13271202/","東京都新宿区新宿2-6-3 藤和新宿コープ 1F","1600022","35.689980868691656","139.7073610345142","03-6709-8720","11:00 - 06:00 L.O. 料理05:45","不定休","20席 （カウンター5、テーブル15）","無","全席禁煙","予約不可","","無","新宿3丁目駅から徒歩3分 新宿三丁目駅から243m","https://tblg.k-img.com/restaurant/images/Rvw/366939/640x640_rect_459fd63e17c12c70e924e92bc64da430.jpg","初台SC"
"ダ・オッジ","3.50","251","23514","ピザ/ワインバー/イタリアン","下北沢駅","\4,000～\4,999","-","https://tabelog.com/tokyo/A1318/A131802/13142484/","東京都世田谷区代沢2-29-2 MART下北沢 1F","1550032","35.65909133789356","139.6685872830676","03-5779-8577","火・水・木・金 17:00 - 23:30 L.O. 22:30 土・日・祝日 15:00 - 23:30 L.O. 22:30 月","月曜","26席","無","全席禁煙","予約可","ピザ 百名店 2019","無","小田急線・京王井の頭線 下北沢駅南西口徒歩5分 南西口改札を出て左折→そのまま道なりに進んでミスタードーナツさんが見えてくるのでそれを右手に見ながら下北沢南口商店街を直進→餃子の王将さん手前を左折→魚真さんを通り越し→茶沢通りを渡ったお店 下北沢駅から295m","https://tblg.k-img.com/restaurant/images/Rvw/103166/640x640_rect_103166378.jpg","初台SC"
"しろう","3.50","247","18651","そば","表参道駅","\4,000～\4,999","\1,000～\1,999","https://tabelog.com/tokyo/A1306/A130602/13043678/","東京都渋谷区神宮前3-5-1","1500001","35.66905164870662","139.71261640429913","03-5414-2311","月・火・金・土・日・祝日・祝前日・祝後日 11:30 - 15:30 L.O. 14:50 17:30 - 21:00 L.O. 料理20:00 ドリンク20:30 水・木","","18席 （カウンター4席、テーブル席・個室あり）","有 （2人可、4人可） 個室利用料6,600円より","全席禁煙","予約可","","無 近隣にコインパーキング有り","地下鉄表参道駅A2出口 徒歩6分 地下鉄外苑前駅3番出口 徒歩6分 表参道駅から431m","https://tblg.k-img.com/restaurant/images/Rvw/326386/640x640_rect_f663c57b1100d9a6da8662574fe68100.jpg","初台SC"
"アバウトライフコーヒーブリュワーズ 渋谷一丁目","3.50","234","10480","カフェ","渋谷駅","\1,000～\1,999","\1,000～\1,999","https://tabelog.com/tokyo/A1303/A130301/13271315/","東京都渋谷区渋谷1-17-1 all day place shibuya 1F","1500002","35.66150903790302","139.70315408306777","03-6451-1716","08:00 - 18:00 営業時間・","","20席","無","全席禁煙","予約不可","","無","渋谷駅から319m","https://tblg.k-img.com/restaurant/images/Rvw/318555/640x640_rect_8f345c32181206dfe39cc203055a9f89.jpg","初台SC"
"ホルモン千葉 渋谷店","3.50","210","28344","ホルモン/焼肉","神泉駅","\5,000～\5,999","-","https://tabelog.com/tokyo/A1303/A130301/13247826/","東京都渋谷区道玄坂2-14-17","1500043","35.65871905870787","139.69592142420646","03-3461-2933","火・水・木・金・土・日 17:00 - 23:00 L.O. 22:00 月","","","無","全席禁煙","予約可","","無","神泉駅から263m","https://tblg.k-img.com/restaurant/images/Rvw/363720/640x640_rect_784f8599a76426f5f5a22ebb869e6f61.jpg","初台SC"
"KOFFEE MAMEYA","3.50","201","17050","コーヒースタンド","表参道駅","\1,000～\1,999","\1,000～\1,999","https://tabelog.com/tokyo/A1306/A130602/13204760/","東京都渋谷区神宮前4-15-3","1500001","35.668377198706494","139.71089683429352","03-5413-9422","10:00 - 18:00 営業時間・","","","無","全席禁煙","予約不可","","無","表参道駅から徒歩６分 明治神宮前駅から徒歩８分 原宿駅から徒歩１０分 表参道駅から385m","https://tblg.k-img.com/restaurant/images/Rvw/77233/640x640_rect_77233533.jpg","初台SC"
"ホルモン千葉 新宿店","3.50","198","21044","ホルモン/焼肉","新宿三丁目駅","\4,000～\4,999","-","https://tabelog.com/tokyo/A1304/A130401/13261173/","東京都新宿区新宿3-10-7 鳥松ビル 1F","1600022","35.69142033869046","139.70650665452936","03-6455-3215","月・水・木・金・日 17:00 - 22:00 土 16:00 - 22:00 火","","14席 （カウンター14席）","無","全席禁煙","予約可","","無","新宿三丁目駅から158m","https://tblg.k-img.com/restaurant/images/Rvw/332399/640x640_rect_d60d396e338d8a07ecf5aab0a1d388a2.jpg","初台SC"
"山田屋","3.50","195","14295","ラーメン/中華料理","西新宿五丁目駅","\1,000～\1,999","\1,000～\1,999","https://tabelog.com/tokyo/A1304/A130401/13066030/","東京都新宿区西新宿4-11-18","1600023","35.689731128684976","139.6859053545267","03-3375-1906","月・火・水・木・金 11:00 - 15:00 17:00 - 21:00 土 11:00 - 15:00 17:00 - 20:00 日・祝日","","18席 （うち小上がり4席）","無","全席喫煙可 2020年4月1日より受動喫煙対策に関する法律(改正健康増進法）が施行されており、最新の情報と異なる場合がございますので、ご来店前に店舗にご確認ください。","予約不可","","無","都営大江戸線西新宿五丁目駅Ａ１出口：徒歩３分 西新宿五丁目駅から134m","https://tblg.k-img.com/restaurant/images/Rvw/365797/640x640_rect_1ab6c37a135ee3027160b4722979b8a9.jpg","初台SC"
"CAFE FLIGHT LOUNGE","3.50","178","4307","カフェ/バー","下北沢駅","\4,000～\4,999","\2,000～\2,999","https://tabelog.com/tokyo/A1318/A131802/13248034/","東京都世田谷区北沢2-24-5 シモキタフロント 4F","1550031","35.66220078869666","139.66770379426143","03-6407-1996","月・火・水・木・金・土・日・祝日・祝前日・祝後日 10:00 - 22:30 L.O. 21:30 不定休","","16席 （窓際席9席、BARカウンター席7席）","無","全席禁煙","予約可","","無","電車 下北沢駅 小田急線 東口、中央口 徒歩1分 京王井の頭線 中央口 徒歩1分 シモキタフロント4階（エレベーター有） 下北沢駅から92m","https://tblg.k-img.com/restaurant/images/Rvw/290615/640x640_rect_24ff3639035ed548647a019b2a30c940.jpg","初台SC"
"Cafe BOLT","3.50","172","6336","カフェ","代々木上原駅","～\999","～\999","https://tabelog.com/tokyo/A1318/A131811/13265441/","東京都渋谷区上原1-18-7 第五大貴ビル 1F","1510064","35.66855753789205","139.6827314831533","03-6407-8757","08:00 - 17:30 営業時間・","","","無","全席禁煙","予約不可","","無","代々木上原駅東口から徒歩3分 代々木上原駅から279m","https://tblg.k-img.com/restaurant/images/Rvw/334856/640x640_rect_efa58bb31c86543066ab449de4450b21.jpg","初台SC"
"渋谷 すしき","3.50","168","8362","寿司/海鮮","渋谷駅","\10,000～\14,999","\10,000～\14,999","https://tabelog.com/tokyo/A1303/A130301/13275479/","東京都渋谷区道玄坂1-7-9 Y-placeビル 3F","1500043","35.65757073790426","139.6991871830308","03-6455-3030","12:00 - 15:00 17:00 - 23:00 誠に勝手ながら18:15?19:15はご予約を受け付けておりません。 予めご了承ください","","15席 （カウンター8席、個室1室（7席））","有 （4人可、6人可） 個室は3名様よりご予約を承っております。17:00以降2名様ご利用は別途料金を頂いております。 ペット連れのお客様につきましては個室のご案内になります。 ※2名様でペット連れのお客様はお電話にてご予約下さい。 コースを召し上がらないお子様連れのお客様も個室でのご案内になります。","全席禁煙 喫煙ルームあり","予約可","","無 近隣にコインパーキングあり","【井の頭線渋谷駅より徒歩2分】 【JR線渋谷駅より徒歩6分】 お車のお越しでしたら、当店住所に設定の上お越しください。すぐ近くにコインパーキングがございます。 渋谷駅から256m","https://tblg.k-img.com/restaurant/images/Rvw/215914/640x640_rect_74e0a53de700bede1db8dec4c5472951.jpg","初台SC"
"メンドコロ 天鳳","3.50","167","5574","ラーメン/汁なし担々麺","中野坂上駅","\1,000～\1,999","\1,000～\1,999","https://tabelog.com/tokyo/A1319/A131903/13277105/","東京都中野区中央2-30-5 ハイムタカラ 1F","1640011","35.69790473787228","139.6792056834522","03-6304-0294","月・火・水・木・金 11:30 - 15:00 18:00 - 22:00 土 11:00 - 15:00 18:00 - 22:00 日 11:00 - 15:00 営業時間・","","","無","全席禁煙","予約不可","","無","中野坂上駅より徒歩3分 中野坂上駅から283m","https://tblg.k-img.com/restaurant/images/Rvw/363618/640x640_rect_5ca07438ad924cd2efce41b1cea1239e.jpg","初台SC"
"吉野","3.50","163","13629","うなぎ/焼き鳥/親子丼","代々木公園駅","\6,000～\7,999","\2,000～\2,999","https://tabelog.com/tokyo/A1318/A131810/13053778/","東京都渋谷区神山町40-1 鈴井ビル１F","1500047","35.665051428702846","139.69279134427265","03-3468-8811","月・火・水・木・金 11:30 - 14:00 17:30 - 21:00 L.O. 料理20:30 土 17:30 - 21:00 L.O. 料理20:30 日・祝日","","18席 （カウンター10席、テーブル4人掛け×2）","無","全席禁煙","予約可","","無 徒歩１分以内にコイン・パーキングあり","東京メトロ千代田線 代々木公園駅 2番出口徒歩6分 代々木公園駅から457m","https://tblg.k-img.com/restaurant/images/Rvw/256371/640x640_rect_1e6121f76377f2d6d097de8739a1d9c3.jpg","初台SC"
"ステーキ てっぺい HARAJUKU","3.50","144","7818","ダイニングバー/ステーキ","明治神宮前駅","\6,000～\7,999","\1,000～\1,999","https://tabelog.com/tokyo/A1306/A130601/13274959/","東京都渋谷区神宮前6-6-2 原宿ベルピア B1F","1500001","35.667518818705396","139.70573043428848","03-6427-7977","","","26席 （カウンター6席、テーブル20席）","有 （8人可） 半個室あり","全席禁煙","予約可","","無","東京メトロ明治神宮前駅から徒歩3分 明治神宮前駅から131m","https://tblg.k-img.com/restaurant/images/Rvw/359163/640x640_rect_fab2c2425ad9fa2e51d2756571c84bc3.jpg","初台SC"
"Restaurant Bellustar","3.50","143","5920","フレンチ/イノベーティブ","西武新宿駅","\20,000～\29,999","\10,000～\14,999","https://tabelog.com/tokyo/A1304/A130401/13284024/","東京都新宿区歌舞伎町1-29-1 東急歌舞伎町タワー 45F","1600021","35.69596893788027","139.7004192834178","03-6233-7388","12:00 - 15:00 L.O. 14:00 17:30 - 22:00 L.O. 21:00","無休","36席 （個室8席を含む）","有 （2人可、4人可、6人可、8人可） 人数により個室料発生","全席禁煙","予約可","","有 東急歌舞伎町タワーの駐車場をご利用ください/ご飲食利用の際： (1) 3,000 円以上の利用で 1 時間まで無料 (2) 5,000 円以上の利用で 2 時間まで無料","【最寄駅】 西武新宿線「西武新宿駅」から徒歩1分 都営大江戸線「新宿西口駅」から徒歩6分 JR各線・??急線・京王線・東京メトロ 丸ノ内線 「新宿駅」から徒歩7分 東京メトロ 丸ノ内線/副都?線 ・ 都営新宿線 「新宿三丁目駅」から徒歩8分 西武新宿駅から58m 西武新宿駅から36m","https://tblg.k-img.com/restaurant/images/Rvw/341306/640x640_rect_8b19b8a1aacb051a8798f6ea8c3d5ef8.jpg","初台SC"
"渋谷 鮨らぼ","3.50","140","12203","寿司/日本料理/海鮮","渋谷駅","\10,000～\14,999","\6,000～\7,999","https://tabelog.com/tokyo/A1303/A130301/13284556/","東京都渋谷区渋谷1-6-4 せいこうビル 1F","1500002","35.660808037904246","139.705605983059","03-6427-1212","月・火・金・土・日 12:00 - 14:30 17:00 - 22:00 木 17:00 - 22:00 水","","15席 （最大席数 貸切の場合）","無 カウンター個室はあります。","全席禁煙","予約可","","無","渋谷駅から徒歩約10分 渋谷駅から431m","https://tblg.k-img.com/restaurant/images/Rvw/205739/640x640_rect_766b9559994da3acb711c65b0b93ac8b.jpg","初台SC"
"ドーカン","3.50","139","5824","ケーキ/ジェラート・アイスクリーム","東中野駅","～\999","～\999","https://tabelog.com/tokyo/A1319/A131901/13004346/","東京都中野区東中野3-2-2","1640003","35.70643241867289","139.68128145469868","03-5386-3666","11:00 - 19:00 営業時間・","","2席 （店内と店外にベンチあり）","無","全席禁煙","予約不可","","無","JR総武線「東中野」駅(西口)より、徒歩３分 東中野駅から228m","https://tblg.k-img.com/restaurant/images/Rvw/363780/640x640_rect_27ac9404e95340232ef5fad41f5c686d.jpg","初台SC"
"博多もつ鍋 前田屋 新宿東口店","3.50","139","10352","もつ鍋/海鮮/居酒屋","新宿西口駅","\4,000～\4,999","\2,000～\2,999","https://tabelog.com/tokyo/A1304/A130401/13316733/","東京都新宿区新宿3-23-12 パンドラビル 3F","1600022","35.69338093868751","139.70114008455292","03-6380-6978","月・火・水・木・金・祝前日・祝後日 17:00 - 00:00 L.O. 料理23:00 ドリンク23:30 土・日・祝日 11:00 - 14:30 L.O. 14:00 17:00 - 00:00","","40席 （カウンター6席、テーブル28席、個室6席）","有 （4人可、6人可）","全席禁煙","予約可","","無 近隣にコインパーキングあり","新宿駅東口から徒歩5分 新宿西口駅から183m","https://tblg.k-img.com/restaurant/images/Rvw/340242/640x640_rect_3828d06326916f4250a5d24f9585d8d8.jpg","初台SC"
"麺堂にしき 西武新宿店","3.50","137","2445","ラーメン/つけ麺","西武新宿駅","\1,000～\1,999","\1,000～\1,999","https://tabelog.com/tokyo/A1304/A130401/13309089/","東京都新宿区百人町1-5-4 東都ビル 1F","1690073","35.698271948684315","139.7008647046025","03-6822-7890","18:00 - 15:00 仕込み等で営業時間が前後する場合等SNSでお知らせいたします。年末年始、夏休み等連休いただく場合がございます。","","9席","無","全席禁煙","予約不可","","無","西武新宿線 新宿駅 徒歩2分 JR山手線 新大久保駅 徒歩7分 JR中央・総武線 大久保駅 徒歩6分 JR 新宿駅 徒歩11分 西武新宿駅から245m","https://tblg.k-img.com/restaurant/images/Rvw/367059/640x640_rect_84263adb7139a816dc2e4491787cb302.jpg","初台SC"
"フードブティック・ポピンズ","3.50","123","1923","ケーキ/パン","都庁前駅","\1,000～\1,999","-","https://tabelog.com/tokyo/A1304/A130401/13027443/","東京都新宿区西新宿2-2-1 京王プラザホテル 本館 2F","1600023","35.69030504868731","139.69437570452658","03-3344-0111","08:00 - 21:00 営業時間・","","（イートインなし）","無","全席禁煙","予約可","","有","JR新宿駅西口下車 徒歩5分。 都営大江戸線 都庁前B1出口 徒歩1分 都庁前駅から161m","https://tblg.k-img.com/restaurant/images/Rvw/291541/640x640_rect_f85a56843f8ecb40339fa59041b8d44a.jpg","初台SC"
"串徳","3.50","117","15437","串揚げ/居酒屋","神泉駅","\10,000～\14,999","-","https://tabelog.com/tokyo/A1303/A130301/13001722/","東京都渋谷区道玄坂2-19-3 ライオンズマンション道玄坂 1F","1500043","35.65905112870784","139.6964892642094","090-3459-0394","月・火・水・木・金・土 17:30 - 22:30 L.O. 22:30 日","","14席 （カウンター16席）","無","全席禁煙","予約可","","無 近くのコイン・パーキング：道玄坂2-26-1に62台収容、ほか","京王井の頭線【渋谷駅】西口 徒歩４分 東京メトロ半蔵門線、東急田園都市線【渋谷駅】徒歩５分 ＪＲ山手線・埼京線【渋谷駅】ハチ公口 徒歩７分 東京メトロ銀座線【渋谷駅】徒歩８分 東京メトロ副都心線、東急東横線【渋谷駅】徒歩９分 神泉駅から327m","https://tblg.k-img.com/restaurant/images/Rvw/50615/320x320_rect_50615754.jpg","初台SC"
"炭焼うな富士 東京オペラシティ店","3.50","109","2628","うなぎ/日本料理/海鮮","初台駅","\6,000～\7,999","\5,000～\5,999","https://tabelog.com/tokyo/A1318/A131807/13314048/","東京都新宿区西新宿3-20-2 東京オペラシティ 53F","1600023","35.68299640632321","139.6868297245973","03-6457-5266","月・火・水・木・金・土・日・祝日・祝前日 11:00 - 14:30 L.O. 料理14:00 17:00 - 22:00 L.O. 料理21:00","","90席","有 （4人可、6人可、8人可）","全席禁煙","予約可","","有 新国立劇場・東京オペラシティビルの駐車場をご利用ください","京王新線 初台駅から徒歩 約2分 （東口から東京オペラシティに直結） 初台駅から175m","https://tblg.k-img.com/restaurant/images/Rvw/343522/640x640_rect_93f64e6b6607184626085492328f8118.jpg","初台SC"
"喫茶 壁と卵","3.50","101","7055","喫茶店/カレー/スイーツ","幡ケ谷駅","\1,000～\1,999","～\999","https://tabelog.com/tokyo/A1318/A131807/13259112/","東京都渋谷区幡ヶ谷2-11-7 プエブロM 1F","1510072","35.67867623788355","139.67623718326007","","月・木・金・土・日 11:30 - 19:30 L.O. 19:00 火・水","","","無","全席禁煙","予約不可","","無 近隣にコインパーキングあり","幡ケ谷駅から168m","https://tblg.k-img.com/restaurant/images/Rvw/341026/640x640_rect_b6d21044d949fd206022a3a6f4203cd7.jpg","初台SC"
"炭火焼料理屋 倉乃介 東新宿","3.50","90","5869","日本料理/海鮮/ろばた焼き","東新宿駅","\8,000～\9,999","\1,000～\1,999","https://tabelog.com/tokyo/A1304/A130401/13218671/","東京都新宿区新宿7-11-5 坂本マンション 202","1600022","35.698040837882644","139.71202888343058","03-5155-3699","月・火・水・木・金 11:30 - 14:00 18:00 - 23:00 L.O. 21:00 土・祝日 17:00 - 23:00 L.O. 21:00 日","","18席","無","全席禁煙","予約可","","無 敷地内にコインパーキングあり","副都心線・大江戸線 東新宿駅 A2出口より徒歩5分 丸ノ内線・都営新宿線 新宿三丁目 E1出口より徒歩13分 東新宿駅から414m","https://tblg.k-img.com/restaurant/images/Rvw/82341/640x640_rect_82341203.jpg","初台SC"
"ツヴァイ ヘルツェン","3.50","88","8615","洋食/オムライス","初台駅","\8,000～\9,999","-","https://tabelog.com/tokyo/A1318/A131807/13016530/","東京都渋谷区本町1-54-4","1510071","35.68288580868875","139.6840997244589","03-3377-7902","18:00 - 23:00 営業時間・","","9席 （カウンター5席、テーブル4席）","無","全席禁煙","完全予約制","","無","京王新線初台駅中央改札北口徒歩3分 初台駅から296m","https://tblg.k-img.com/restaurant/images/Rvw/71700/640x640_rect_71700562.jpg","初台SC"
"シャンブル・アヴェク・ヴュ","3.50","82","8916","ビストロ/フレンチ","駒場東大前駅","\8,000～\9,999","\2,000～\2,999","https://tabelog.com/tokyo/A1318/A131801/13102573/","東京都渋谷区富ヶ谷2‐18‐16 スカイガーデン代々木公園１F","1510063","35.663491228701155","139.68437608426277","03-3467-6613","火・水・木・金・土 11:30 - 14:30 17:30 - 22:00 日 11:30 - 14:30 17:30 - 21:00 月","","20席 （4名卓×5）","無","全席禁煙","予約可","","無","小田急線 代々木上原駅、代々木八幡駅、東北沢駅 より徒歩10分 千代田線 代々木公園駅 より徒歩10分 井の頭線 駒場東大前駅 より徒歩10分 駒場東大前駅から527m","https://tblg.k-img.com/restaurant/images/Rvw/367520/640x640_rect_a981660771a94b9081b44795472c3b31.jpg","初台SC"
"umedaya","3.50","74","14383","ビストロ/洋食/スペイン料理","東新宿駅","\4,000～\4,999","～\999","https://tabelog.com/tokyo/A1304/A130401/13254826/","東京都新宿区大久保1-1-9 新宿フラワーハイホーム 107","1690072","35.6984637386858","139.7059224746009","03-6380-3872","火・水・木・金 17:00 - 23:00 土・日・祝日 15:00 - 17:30 18:00 - 21:00 月","月曜","10席","無","全席禁煙 お店入り口に喫煙スペース有り","予約可","","無 近隣にコインパーキングあり","副都心線東新宿駅から徒歩2分 ＪＲ新大久保駅から徒歩10分くらい 東新宿駅から152m","https://tblg.k-img.com/restaurant/images/Rvw/149293/640x640_rect_149293720.jpg","初台SC"
"酔香樓","3.50","68","3286","中華料理/飲茶・点心","代々木公園駅","\8,000～\9,999","\1,000～\1,999","https://tabelog.com/tokyo/A1318/A131810/13062360/","東京都渋谷区神山町6-2","1500047","35.664899024276856","139.6940827332499","03-3467-2432","月・火・水・木・金・土・祝日 11:30 - 15:00 L.O. 14:30 17:00 - 21:30 L.O. 21:00 日","","50席 （個室（6～8名用円卓×２）、個室（12名用）、個室（8名用）、2名用テーブル席×8）","有 （6人可、8人可、10～20人可） ※個室のご利用につきましては、コースご利用のお客様のみとさせて頂きますのでご了承下さいませ。 20名様以上から貸し切りでのご予約もお承ります。 詳しくはお店までお問合せくださいませ。 個室（6～8名用円卓×２）2卓を合わせて最大16名まで可能。","全席禁煙","予約可","","無 目の前にコインパーキングあり","JR線渋谷駅徒歩1３分 東急ハンズ渋谷店より徒歩約4分 千代田線代々木公園駅徒歩8分（2番出口） 京王バスNHK西口放送センター下車徒歩0分（目の前） 代々木公園駅から524m","https://tblg.k-img.com/restaurant/images/Rvw/332227/640x640_rect_ae9e6137f89ccd3901aa0f5c68601dcb.jpg","初台SC"
"小菊","3.50","59","6867","日本料理/海鮮","明治神宮前駅","\3,000～\3,999","-","https://tabelog.com/tokyo/A1306/A130601/13014555/","東京都渋谷区神宮前2-31-7 ビラ・グロリア　Ｂ１Ｆ","1500001","35.67314229870298","139.70935791434275","03-3478-1993","月・火・木・金 17:30 - 22:30 水・土・日","","18席 （カウンター10席、テーブル2卓）","無","全席禁煙","予約可","","無","明治神宮前駅から633m","https://tblg.k-img.com/restaurant/images/Rvw/214654/640x640_rect_28902f81bda0cea5814f55c991d6b66c.jpg","初台SC"
"カルボナリ党","3.50","58","3322","イタリアン/パスタ/ダイニングバー","新中野駅","\8,000～\9,999","\2,000～\2,999","https://tabelog.com/tokyo/A1319/A131902/13265919/","東京都中野区中央5-6-29","1640011","35.69783173786823","139.6663637834605","080-2441-8008","月・火・水・金・土・日・祝日・祝前日・祝後日 11:30 - 14:00 17:30 - 22:00 木","木曜日","13席 （カウンター5席、テーブル8席）","無","全席禁煙 外になってますが携帯灰皿で対応しています。","予約可","","無","丸の内線新中野駅 出口１，2より徒歩2分 JR中野駅 南口徒歩10分 新中野駅から251m","https://tblg.k-img.com/restaurant/images/Rvw/168851/640x640_rect_99e9d7df33eccd5ecdc1e2ec58c07d36.jpg","初台SC"
"gout-temps","3.50","52","3201","ステーキ/イタリアン","東中野駅","\8,000～\9,999","-","https://tabelog.com/tokyo/A1319/A131901/13300810/","東京都中野区東中野1-55-4 os melia","1640003","35.70611018867422","139.68478049469297","03-6908-9448","火・水・木・金 17:30 - 22:30 L.O. 料理21:30 土 17:00 - 22:30 L.O. 料理21:30 日・祝日 17:00 - 21:00 L.O. 料理20:00 月","","26席","無","全席禁煙","予約可","","無","JR総武線 東中野駅 西口 徒歩1分 大江戸線 東中野駅 徒歩3分 東中野駅から92m","https://tblg.k-img.com/restaurant/images/Rvw/264775/640x640_rect_d42307e0e2a38dacc9ea476926409b19.jpg","初台SC"
"EMERADA","3.50","25","1136","インド料理","幡ケ谷駅","\4,000～\4,999","-","https://tabelog.com/tokyo/A1318/A131807/13313588/","東京都渋谷区幡ヶ谷2-48-2 英ビル 2F","1510072","35.679530938688615","139.67698808442995","","トレーニング営業中の為、インスタのストーリーで営業日確認 営業時間・","","","無","","予約可","","無","幡ケ谷駅から249m","https://tblg.k-img.com/restaurant/images/Rvw/357780/640x640_rect_30d2c4bfc8f0f5245e8ec77dd8c21715.jpg","初台SC"
"アカシア 新宿本店","3.49","2663","92615","洋食/コロッケ","新宿西口駅","\1,000～\1,999","～\999","https://tabelog.com/tokyo/A1304/A130401/13000920/","東京都新宿区新宿3-22-10","1600022","35.6931630686878","139.7016141345504","03-3354-7511","11:00 - 19:30","","40席","無","全席禁煙 2016年8月より全面禁煙","予約不可","","無","･東京メトロ｢新宿｣駅 徒歩1分 ･東京メトロ｢新宿三丁目｣駅 徒歩2分 ･JR｢新宿｣駅 東口徒歩3分 ･都営大江戸線｢新宿西口｣ 徒歩3分 新宿西口駅から230m","https://tblg.k-img.com/restaurant/images/Rvw/136753/640x640_rect_136753996.jpg","初台SC"
"王ろじ","3.49","2382","93200","とんかつ/カレー","新宿三丁目駅","\2,000～\2,999","\1,000～\1,999","https://tabelog.com/tokyo/A1304/A130401/13000860/","東京都新宿区新宿3-17-21","1600022","35.69195463868923","139.70370647453674","03-3352-1037","月・火・木・日 11:15 - 14:00 金・土 11:15 - 14:00 18:00 - 19:00 水","","34席 （1階はカウンター4席、テーブル18席、地下の席は12席）","無","全席禁煙","予約不可","とんかつ 百名店 2021","無","東京メトロ新宿三丁目駅B5出口から徒歩2分 JR・小田急・京王・東京メトロ新宿駅から徒歩5分 新宿三丁目駅から163m","https://tblg.k-img.com/restaurant/images/Rvw/152303/640x640_rect_152303737.jpg","初台SC"
"豚珍館","3.49","2205","70475","とんかつ/食堂","新宿駅","～\999","～\999","https://tabelog.com/tokyo/A1304/A130401/13000809/","東京都新宿区西新宿1-13-8 高橋ビル　２Ｆ","1600023","35.68957103788318","139.69678808335573","03-3348-5774","月・火・水・木・金 11:00 - 15:00 17:00 - 21:30 土 11:00 - 15:00 17:00 - 22:00 日・祝日","","30席 （カウンター4席、テーブル26席）","無","全席禁煙","予約不可","とんかつ 百名店 2018","無","「新宿」駅(中央西口)から徒歩5分 （S2・S3出口から徒歩0分） 新宿駅から307m","https://tblg.k-img.com/restaurant/images/Rvw/119488/640x640_rect_119488823.jpg","初台SC"
"海底撈火鍋 新宿店","3.49","2174","78338","火鍋/中華料理","西武新宿駅","\3,000～\3,999","\1,000～\1,999","https://tabelog.com/tokyo/A1304/A130401/13213528/","東京都新宿区歌舞伎町1-21-1 第二東亜会館ビル 6F","1600021","35.695247137881","139.7013098834099","03-6278-9799","月・火・水・木・金・土・日・祝日・祝前日・祝後日 11:00 - 07:00 L.O. 06:30","なし","353席","有 （8人可、10～20人可） 個室は2つあり、10名,８名、8名のお席となります。 8名席はコネクト可能なので、最大16名まで着席可能です。","全席禁煙","予約可","","無","ＪＲ 新宿駅 東口 徒歩4分 地下鉄丸ノ内線 新宿駅 B12番出口 徒歩4分 京王線 新宿駅 東口 徒歩4分 西武新宿線 西武新宿駅 徒歩1分 都営大江戸線 新宿西口駅 D3番出口 徒歩5分 西武新宿駅から149m","https://tblg.k-img.com/restaurant/images/Rvw/313826/640x640_rect_3941ec0fbf4a1ea2513dbf9098b4e266.jpg","初台SC"
"鳥竹 総本店","3.49","2162","91343","焼き鳥/うなぎ/居酒屋","渋谷駅","\3,000～\3,999","\1,000～\1,999","https://tabelog.com/tokyo/A1303/A130301/13001702/","東京都渋谷区道玄坂1-6-1 1F","1500043","35.65804006870927","139.6989832241975","03-3461-1627","月・火・水・木・金・土・日・祝日・祝前日・祝後日 12:00 - 23:00 L.O. 22:00","なし","128席 （1F（カウンター/テーブル）、2F（テーブル）、B1（座敷））","無","全席禁煙 4/1より全席禁煙","予約可","焼鳥 百名店 2021","無 近くの有料駐車場：渋谷マークシティ駐車場210台収容、ほか","京王井の頭線【渋谷駅】西口 徒歩１分 ＪＲ山手線・埼京線【渋谷駅】徒歩３分 東京メトロ半蔵門線、東急田園都市線【渋谷駅】徒歩４分 東京メトロ銀座線【渋谷駅】徒歩４分 東京メトロ副都心線、東急東横線【渋谷駅】徒歩７分 渋谷駅から243m","https://tblg.k-img.com/restaurant/images/Rvw/130370/640x640_rect_130370240.jpg","初台SC"
"兆楽 宇田川町店","3.49","2130","64339","中華料理/食堂/ラーメン","渋谷駅","\1,000～\1,999","～\999","https://tabelog.com/tokyo/A1303/A130301/13018041/","東京都渋谷区宇田川町31-5","1500042","35.66120926870694","139.69800681423015","03-3461-6400","月・木・金・土・日 00:30 - 02:00 11:30 - 00:00 火 00:30 - 02:00 水 11:30 - 00:00 営業時間・","","22席 （カウンター１４席 テーブル４席×２）","無","全席禁煙","予約不可","","無 近くに非提携のコインパーキングあり。","渋谷駅から徒歩約15分 都道「井ノ頭通り入り口」から西に約250m 渋谷駅から390m","https://tblg.k-img.com/restaurant/images/Rvw/156352/640x640_rect_156352644.jpg","初台SC"
"珉亭","3.49","1989","86448","中華料理/ラーメン","下北沢駅","～\999","～\999","https://tabelog.com/tokyo/A1318/A131802/13001826/","東京都世田谷区北沢2-8-8","1550031","35.662506848697035","139.66946021426327","03-3466-7355","火・水・木・金・土・日 11:30 - 20:00 月","月曜","60席 （1F:カウンター12席、テーブル8席、2F:座敷40席）","無","全席禁煙","予約不可","中国料理 百名店 2023","無","下北沢駅から徒歩3分 下北沢駅から235m","https://tblg.k-img.com/restaurant/images/Rvw/198149/640x640_rect_1e8db8578e9fc70d78de1083401c8b0b.jpg","初台SC"
"IVO ホームズパスタ 新宿店","3.49","1988","97381","パスタ/イタリアン","新宿三丁目駅","\1,000～\1,999","\1,000～\1,999","https://tabelog.com/tokyo/A1304/A130401/13006822/","東京都-新宿3-14-23 マヤビル　３Ｆ","","35.69223853868961","139.70546908453835","","11:30 - 15:00 17:00 - 22:00","","37席 （テーブル31席、カウンター6席）","無","全席禁煙","予約不可","","無 近くの有料駐車場：新宿サブナード地下駐車場400台収容、ほか","東京メトロ丸ノ内線・副都心線【新宿三丁目駅】徒歩３分 都営地下鉄 新宿線【新宿三丁目駅】徒歩４分 ＪＲ中央線ほか【新宿駅】東口 徒歩７分 新宿三丁目駅から161m","https://tblg.k-img.com/restaurant/images/Rvw/363200/640x640_rect_9cb9c6259c98af9bf06636585e44c3c7.jpg","初台SC"
"岐阜屋","3.49","1940","50477","中華料理/ラーメン/居酒屋","新宿西口駅","～\999","～\999","https://tabelog.com/tokyo/A1304/A130401/13000757/","東京都新宿区西新宿1-2-1","1600023","35.69327709868707","139.699546424553","03-3342-6858","月・火・水・木・日 09:00 - 01:00 金・土・祝前日 09:00 - 02:00 営業時間・","","55席 （カウンターのみ）","無","全席禁煙","予約不可","","無","ＪＲ新宿駅西口 徒歩3分 西武新宿線 西武新宿駅 徒歩3分 都営大江戸線 新宿西口駅 徒歩2分 新宿西口駅から51m","https://tblg.k-img.com/restaurant/images/Rvw/76301/640x640_rect_76301003.jpg","初台SC"
"でっかい餃子 代々木店","3.49","1893","73779","餃子/台湾料理/ラーメン","代々木駅","～\999","～\999","https://tabelog.com/tokyo/A1304/A130403/13021680/","東京都渋谷区代々木1-33-2","1510053","35.682703758694664","139.70230940444426","03-3375-1868","11:00 - 00:00","","31席 （1階カウンター11席、2階テーブル20席）","無","全席禁煙 全席禁煙","予約可","餃子 百名店 2021","無","ＪＲ中央線・山手線【代々木駅】西口 徒?30秒 都営地下鉄大江戸線【代々木駅】徒歩30秒 小田急小田原線【南新宿駅】徒歩６分 代々木駅から131m","https://tblg.k-img.com/restaurant/images/Rvw/56543/640x640_rect_56543132.jpg","初台SC"
"ブルックリンパーラー","3.49","1892","109220","アメリカ料理/ダイニングバー/カフェ","新宿三丁目駅","\4,000～\4,999","\1,000～\1,999","https://tabelog.com/tokyo/A1304/A130401/13097951/","東京都新宿区新宿3-1-26 新宿マルイ　アネックス B1F","1600022","35.69015582869108","139.705905774517","03-6457-7763","月・火・水・木 12:00 - 23:00 L.O. 料理21:30 ドリンク22:30 金 12:00 - 23:00 L.O. 料理22:00 ドリンク22:30 土 11:30 - 23:00 ","無休","150席 （テーブル席のみ）","無","全席禁煙","予約可","","有 近くに有料駐車場あり","東京メトロ副都心線、丸ノ内線、都営地下鉄新宿線 新宿三丁目駅Ｃ１出口から徒歩１分、A1出口から徒歩３分 新宿三丁目駅から120m","https://tblg.k-img.com/restaurant/images/Rvw/134111/640x640_rect_134111810.jpg","初台SC"
"でりかおんどる 新大久保本店","3.49","1832","87637","韓国料理/焼肉","新大久保駅","\3,000～\3,999","\1,000～\1,999","https://tabelog.com/tokyo/A1304/A130404/13042278/","東京都新宿区百人町1-3-20 エスケイビル　１Ｆ","1690073","35.7009062378777","139.70221088346642","03-3205-5679","","なし","100席 （席指定不可 / 座敷なし）","無","全席禁煙 屋外に喫煙場所あり","予約可","","無 近くのコインパーキングをご利用ください","･JR｢新大久保｣駅から 徒歩5分 ･JR｢大久保｣駅から 徒歩10分 新大久保駅の改札を出てすぐ右に曲がり、 2～3分ほど真っ直ぐ歩きます。（大久保通りから明治通り方面へ） ガスト手前の路地を右に曲がり少し歩くと右手側にお店がございます。 新大久保駅から177m","https://tblg.k-img.com/restaurant/images/Rvw/74938/640x640_rect_74938389.jpg","初台SC"
"トラットリア クアルト 西新宿","3.49","1721","130855","イタリアン/ダイニングバー/バル","新宿西口駅","\5,000～\5,999","\1,000～\1,999","https://tabelog.com/tokyo/A1304/A130401/13162182/","東京都新宿区西新宿7-9-17 伊藤ビル 1F","1600023","35.694534037880466","139.69818388340488","050-1807-6473","12:00 - 15:00 L.O. 14:00 18:00 - 23:00 L.O. 料理22:00 ドリンク22:30","","80席 （カウンター:10席(常連様支持率No.1)、店外:テラス席 有）","有 （4人可、6人可、8人可、10～20人可） タイプ:半個室 ご利用可能人数 : 最大16名様 3~4名様、10名様などのご予約も対応。 個室料あり（550円）","全席禁煙 出入口にて喫煙スペース有","予約可","","無 コインパーキング有","JR新宿駅 徒歩約5分 手順は以下の通りです。 ①新宿駅西口を出て右折。 ②ユニクロ、大ガードの交差点を""小滝橋通り""方面に。 ③さらに直進""牛丼のすきや""を左折。 イタリアの国旗が目印。『トラットリアクアルト』 新宿西口駅から136m","https://tblg.k-img.com/restaurant/images/Rvw/200048/640x640_rect_7ce75463ada94f2cec65f4f7345bc4c7.jpg","初台SC"
"フォンダ・デ・ラ・マドゥルガーダ","3.49","1718","115977","メキシコ料理/居酒屋/スペイン料理","北参道駅","\6,000～\7,999","\3,000～\3,999","https://tabelog.com/tokyo/A1306/A130601/13004395/","東京都渋谷区神宮前2-33-12 ヴィラ・ビアンカ　Ｂ１Ｆ","1500001","35.67347001908301","139.7081031186785","03-5410-6288","月・火・水・木・金・土・日・祝日・祝前日・祝後日 11:30 - 16:00 L.O. 15:00 16:00 - 23:30 L.O. 料理22:00 ドリンク22:30","不定休","130席 （立食時250人）","無 ※個室の詳細はお店にお問合せください","分煙 店内に喫煙所がございます。 2020年4月1日より受動喫煙対策に関する法律(改正健康増進法）が施行されており、最新の情報と異なる場合がございますので、ご来店前に店舗にご確認ください。","予約可","","無 ※近くにコインパーキング有り","JR原宿駅 竹下口 徒歩 10分 地下鉄千代田線 明治神宮前駅 徒歩 12分 地下鉄表参道駅 徒歩 18分 都営大江戸線 北参道駅 徒歩 10分 北参道駅から589m","https://tblg.k-img.com/restaurant/images/Rvw/38083/640x640_rect_38083830.jpg","初台SC"
"ル・モンド 新宿店","3.49","1702","80077","ステーキ","新宿駅","\1,000～\1,999","\1,000～\1,999","https://tabelog.com/tokyo/A1304/A130401/13006710/","東京都新宿区西新宿1-16-11 1F","1600023","35.68935046868896","139.69767351451463","03-3343-7728","月・火・水・木・金・土 11:00 - 15:00 17:00 - 21:30 日","","9席 （カウンター席のみ）","無","全席禁煙","予約不可","ステーキ 百名店 2021","無 近隣にコインパーキングあり","新宿駅西口、南口 徒歩5分 新宿駅から242m","https://tblg.k-img.com/restaurant/images/Rvw/214716/640x640_rect_0ce17c08b61448ce234b10fc81dc412e.jpg","初台SC"
"そば処かめや 新宿店","3.49","1676","35276","そば/うどん/立ち食いそば","新宿西口駅","～\999","～\999","https://tabelog.com/tokyo/A1304/A130401/13006720/","東京都新宿区西新宿1-2-10","1600023","35.69311903868714","139.69946513455145","03-3344-3820","月 06:00 - 00:00 日 00:00 - 03:00 火・水・木・金・土・祝日 24時間営業","","8席 （カウンター席のみ）","無","全席禁煙","予約不可","","無","JR新宿駅西口 徒歩2分 西武新宿線 西武新宿駅 徒歩4分 新宿西口駅から60m 新宿西口駅から60m","https://tblg.k-img.com/restaurant/images/Rvw/366053/640x640_rect_0c86bf6fdba24cc9675288d42993b006.jpg","初台SC"
"老辺餃子舘 新宿本店","3.49","1569","77556","餃子/中華料理/飲茶・点心","新宿駅","\3,000～\3,999","～\999","https://tabelog.com/tokyo/A1304/A130401/13012005/","東京都新宿区西新宿1-18-1 小川ビル 3F","1600023","35.688951737884175","139.69868308334813","03-3348-5810","月・火・水・木・金 11:30 - 15:00 L.O. 料理14:30 17:00 - 23:00 L.O. 料理22:30 土 11:30 - 23:00 L.O. 料理22:30 日・祝日 11","","100席","有 （10～20人可） 個室のご予約は16名様から承っております。","全席禁煙 店舗およびビル内には喫煙場所がございません。公共喫煙所をご利用ください","予約可","餃子 百名店 2021","無","JR新宿駅南口徒歩1分／都営新宿線新宿駅徒歩1分／都営大江戸線新宿駅徒歩1分 【※ルミネ１の向い側・ウェンディーズさんとドラッグストアの間のビル3F】 黄色い看板が目印です。 新宿駅から199m","https://tblg.k-img.com/restaurant/images/Rvw/145742/640x640_rect_145742403.jpg","初台SC"
"新宿ランブータン","3.49","1556","86003","タイ料理/ビュッフェ/アジア・エスニック","新宿駅","\4,000～\4,999","\2,000～\2,999","https://tabelog.com/tokyo/A1304/A130401/13174577/","東京都新宿区新宿3-26-13 新宿中村屋ビル 7F","1600022","35.69178593788349","139.7021921833743","03-5367-5666","月・火・水・木・金 11:00 - 17:00 L.O. 15:00 17:30 - 23:00 L.O. 22:20 土・日・祝日 11:00 - 17:00 L.O. 15:00 17:00 - ","","170席","無","全席禁煙 加熱式タバコ専用ルーム有ります","予約可","","無","◇駅近！アクセス抜群◇ 東京メトロ丸ノ内線「新宿駅」Ａ６出口のエレベーターで直結。徒歩1分 東京メトロ丸ノ内線「新宿3丁目駅」Ａ６出口のエレベーターで直結。徒歩3分 またはＪＲ山手線、中央総武線、新宿湘南ライン「新宿駅」東口から徒歩２分。 新宿駅から251m","https://tblg.k-img.com/restaurant/images/Rvw/111255/320x320_rect_111255649.jpg","初台SC"
"ダンシング クラブ 東京","3.49","1549","67345","シーフード/アメリカ料理/ダイニングバー","新宿駅","\5,000～\5,999","\3,000～\3,999","https://tabelog.com/tokyo/A1304/A130401/13173226/","東京都新宿区新宿3-37-12 新宿NOWAビル　2F","1600022","35.69039783788412","139.70139728336085","03-6380-5151","月・火・水・木・金・土・日・祝日・祝前日 11:00 - 15:30 17:00 - 23:00","","140席","無","全席禁煙 喫煙専用ボックスあり","予約可","","無","JR「新宿駅」東南口 徒歩1分、京王線、小田急線、東京メトロ 丸ノ内線、都営地下鉄新宿線 各「新宿駅」徒歩5分 新宿駅から123m","https://tblg.k-img.com/restaurant/images/Rvw/258027/640x640_rect_ffc1c47d041d0d09068933f3db5503bb.jpg","初台SC"
"タカマル鮮魚店","3.49","1520","82331","海鮮/居酒屋","新宿西口駅","\4,000～\4,999","\1,000～\1,999","https://tabelog.com/tokyo/A1304/A130401/13100664/","東京都新宿区西新宿7-15-1 アラパイトビル1F","1600023","35.69500953788007","139.6978643834099","03-5937-5969","11:00 - 23:00 L.O. 22:30","無休","50席","無","全席禁煙 外に喫煙スペースを設けております。","予約可","","無","都営大江戸線「新宿西口」駅(D5出口)から徒歩3分 西武新宿線「西武新宿」駅(南口)から徒歩6分 JR「新宿」駅(西口)から徒歩8分 新宿西口駅から195m","https://tblg.k-img.com/restaurant/images/Rvw/299589/640x640_rect_71a6901e1be4a639c9b9578e748c83d5.jpg","初台SC"
"GARDEN HOUSE SHINJUKU","3.49","1505","97351","ビストロ/イタリアン/パンケーキ","新宿駅","\5,000～\5,999","\2,000～\2,999","https://tabelog.com/tokyo/A1304/A130401/13193557/","東京都新宿区新宿 4-1-6 NEWoMan SHINJUKU 4F","1600022","35.68866134020319","139.7018307179424","03-5925-8871","月・火・水・木・金・土 11:00 - 21:00 L.O. 20:00 日・祝日 11:00 - 20:30 L.O. 19:30","無休","140席 （店内100席、テラス40席）","無","全席禁煙","予約可","","有 3,000円以上で2時間無料","地下鉄副都心線 新宿三丁目駅 E10番出口 徒歩2分 JR 新宿駅 ミライナタワー改札口 徒歩3分 新宿駅から249m","https://tblg.k-img.com/restaurant/images/Rvw/170809/640x640_rect_b54c67a361f5563e0d29876e6f0d6461.jpg","初台SC"
"餃子の福包 新宿店","3.49","1492","59463","餃子/中華料理","新宿御苑前駅","-","～\999","https://tabelog.com/tokyo/A1304/A130402/13050544/","東京都新宿区新宿2-8-6 KDX新宿286ビル 1F","1600022","35.689168268692654","139.70890271450492","03-5367-1582","月・火・水・木・金 11:30 - 15:30 17:00 - 23:00 土・日 11:30 - 23:00 営業時間・","","32席 （カウンター10席、テーブル22席）","無","全席禁煙","予約不可","餃子 百名店 2021","無","東京メトロ 丸の内線「新宿御苑前駅」1出口より、徒歩2分 新宿御苑前駅から175m","https://tblg.k-img.com/restaurant/images/Rvw/55634/640x640_rect_55634827.jpg","初台SC"
"新宿焼肉 牛たんの檸檬 総本店","3.49","1432","93583","牛タン/焼肉/ホルモン","西武新宿駅","\5,000～\5,999","\1,000～\1,999","https://tabelog.com/tokyo/A1304/A130401/13264721/","東京都新宿区西新宿7-16-12 YSビル B1F","1600023","35.69614503787935","139.69788398342135","03-6279-3997","月・火・水・木・日 11:30 - 15:00 17:00 - 22:00 L.O. 21:00 金・土 11:30 - 15:00 17:00 - 22:30 L.O. 21:45","不定休","49席","無","全席禁煙","予約可","","無","新宿駅西口より徒歩6分 大江戸線新宿西口駅（D5出口）より徒歩2分 西武新宿駅より徒歩5分 西武新宿駅から200m","https://tblg.k-img.com/restaurant/images/Rvw/184102/640x640_rect_12a6c70a663473010c243f8437d4a881.jpg","初台SC"
"あるでん亭 新宿センタービル店","3.49","1407","50807","パスタ/イタリアン","都庁前駅","\1,000～\1,999","\1,000～\1,999","https://tabelog.com/tokyo/A1304/A130401/13006745/","東京都新宿区西新宿1-25-1 新宿センタービル MB1F","1600023","35.6915275486869","139.69552541453817","03-3349-0384","月・火・水・木・金・土 11:00 - 21:30 L.O. 21:00 日・祝日 11:30 - 20:00 L.O. 19:30 ーーーーー","","30席","無","全席禁煙","予約不可","","有","JR新宿駅駅より徒歩約8分 都庁前駅から281m","https://tblg.k-img.com/restaurant/images/Rvw/183965/320x320_rect_392d0a38555bb9a260bf38a22f5cfc0d.jpg","初台SC"
"ロビーラウンジ 「マーブルラウンジ」","3.49","1388","32148","ビュッフェ/スイーツ/カフェ","西新宿駅","\4,000～\4,999","\4,000～\4,999","https://tabelog.com/tokyo/A1304/A130401/13000786/","東京都新宿区西新宿6-6-2 ヒルトン東京 1F","1600023","35.69272663787935","139.69109608339159","03-3344-5111","月・火・水・木・金・土・日・祝日・祝前日・祝後日 11:30 - 13:30 14:30 - 17:00 18:00 - 21:00","無休","208席 （ソファー席とカウンター席も完備。）","無","全席禁煙","予約可","","有 3,000円以上ご飲食の場合、3時間30分まで無料。（延長250円／30分）","地下鉄丸ノ内線西新宿駅 Ｃ８出口 徒歩2分 地下鉄都営大江戸線都庁前駅 徒歩3分 ＪＲ新宿駅 西口 徒歩10分 西新宿駅から245m","https://tblg.k-img.com/restaurant/images/Rvw/360840/640x640_rect_cad4c0a98d1cf62d87d0b6ef226baf1d.jpg","初台SC"
"兆楽 道玄坂店","3.49","1345","26583","中華料理/食堂/ラーメン","渋谷駅","～\999","～\999","https://tabelog.com/tokyo/A1303/A130301/13065803/","東京都渋谷区道玄坂2-6-2 藤山恒産第一ビル 1F","1500043","35.6591176379033","139.6992398830464","03-5459-2300","火・水・木・金・土・日 07:00 - 23:30 月","","28席","無","全席禁煙","予約不可","","無 近くの有料駐車場：渋東シネタワー駐車場35台、新大宗ビル駐車場合計700台、ほか","東京メトロ半蔵門線、東急田園都市線【渋谷駅】徒歩１分 ※地下通路２番出口近く 京王井の頭線【渋谷駅】西口 徒歩１分 ＪＲ山手線・埼京線【渋谷駅】ハチ公口 徒歩３分 東京メトロ銀座線【渋谷駅】徒歩４分 東京メトロ副都心線、東急東横線【渋谷駅】徒歩５分 渋谷駅から194m","https://tblg.k-img.com/restaurant/images/Rvw/326729/640x640_rect_a1afa4d8acecdcbe4431ad1e0446ae61.jpg","初台SC"
"とりかつ CHICKEN","3.49","1340","63567","食堂/とんかつ/揚げ物","神泉駅","～\999","～\999","https://tabelog.com/tokyo/A1303/A130301/13001699/","東京都渋谷区道玄坂2-16-19 都路ビル 2F","1500043","35.658876118708065","139.6968542442074","03-3461-0298","月・火・水・木・金・土 11:00 - 20:00 日","日曜日","18席 （カウンター15席、テーブル3席(３人用×１卓)）","無","全席禁煙","予約不可","定食 百名店 2021","無 近くの有料駐車場：道玄坂2-10-9新大宗ビル６号館200台収容、ほか","京王井の頭線【渋谷駅】西口 徒歩３分 東京メトロ半蔵門線、東急田園都市線【渋谷駅】徒歩４分 ＪＲ山手線他【渋谷駅】徒歩６分 東京メトロ銀座線【渋谷駅】徒歩６分 東京メトロ副都心線、東急東横線【渋谷駅】徒歩８分 神泉駅から343m","https://tblg.k-img.com/restaurant/images/Rvw/246174/640x640_rect_2ad57d8be25876f375d294a7bb3d8192.jpg","初台SC"
"新宿 今井屋本店","3.49","1313","109613","焼き鳥/鳥料理/居酒屋","新宿三丁目駅","\5,000～\5,999","\1,000～\1,999","https://tabelog.com/tokyo/A1304/A130401/13009212/","東京都新宿区新宿3-33-10 新宿モリエールビル B1F","1600022","35.690401637884854","139.7037708833592","03-5363-1155","月・火・水・木・金・祝前日 17:00 - 23:00 L.O. 22:00 土・日・祝日 11:30 - 14:30 L.O. 14:00 17:00 - 23:00 L.O. 22:00","","100席","有 （2人可、4人可、6人可、8人可、10～20人可）","全席禁煙 店内に喫煙ブースを設けております。","予約可","","無","JR新宿駅中央東口、東南口から徒歩3分 地下鉄新宿三丁目駅A2出口から徒歩2分 BEAMS JAPANさんの隣、diskunionさんの向かいのビルの地下1階です。 ＊西口にも店舗があるのでご注意下さい。 新宿三丁目駅から114m","https://tblg.k-img.com/restaurant/images/Rvw/83519/320x320_square_83519363.jpg","初台SC"
"茶茶 花","3.49","1306","106910","居酒屋/海鮮/日本料理","新宿三丁目駅","\5,000～\5,999","\1,000～\1,999","https://tabelog.com/tokyo/A1304/A130401/13004164/","東京都新宿区歌舞伎町1-1-1","1600021","35.69473013788255","139.70508728340204","03-5292-2933","月・火・水・木・金 17:00 - 23:00 土 12:00 - 14:30 17:00 - 23:00 日・祝日 12:00 - 14:30 17:00 - 22:30","","110席","有 （4人可、6人可、8人可） 6～8名様用の完全個室と3~4名様用の半個室がございます","全席禁煙 屋外に喫煙スペースを設けております","予約可","","無 近くにコインパーキングあり","JR新宿駅東口徒歩8分／東京メトロ各線新宿三丁目駅 E1口 徒歩5分／西武新宿駅徒歩6分 東新宿駅から414m","https://tblg.k-img.com/restaurant/images/Rvw/13850/640x640_rect_13850552.jpg","初台SC"
"茶茶 白雨","3.49","1296","107944","居酒屋/海鮮/日本料理","新宿三丁目駅","\5,000～\5,999","-","https://tabelog.com/tokyo/A1304/A130401/13021121/","東京都新宿区新宿3-26-18 カワノビル 6F","1600022","35.69142773788377","139.70235468337057","03-5368-6303","17:00 - 23:00 L.O. 料理22:00 ドリンク22:30","","122席","有 （4人可、6人可、8人可、10～20人可） 半個室（4名席）あり。 個室は最大6～7名席、又は12～14名席となります。","全席禁煙 ビル内が禁煙となっている為、公共場の喫煙スペースでお願いしております。","予約可","","無","新宿駅東口から徒歩3分 新宿三丁目駅から239m","https://tblg.k-img.com/restaurant/images/Rvw/162466/640x640_rect_162466950.jpg","初台SC"
"九州じゃんがららあめん 原宿店","3.49","1273","19033","ラーメン/つけ麺/油そば","原宿駅","～\999","～\999","https://tabelog.com/tokyo/A1306/A130601/13001244/","東京都渋谷区神宮前1-13-21 シャンゼール原宿２号館　１Ｆ・２Ｆ","1500001","35.669592976419985","139.70341030115267","03-3404-5572","","なし","54席","無","全席禁煙","予約不可","","無 近くに有料駐車場有。30分500円","JR山手線「原宿駅」 表参道口から徒歩2分 東京メトロ千代田線、副都心線「明治神宮前駅」3番出口から徒歩１分。 5番出口から徒歩４分。 原宿駅から107m","https://tblg.k-img.com/restaurant/images/Rvw/279785/640x640_rect_8c766ba4e70bb1aca0e25da5ffbd6495.jpg","初台SC"
"原宿餃子樓","3.49","1272","48505","餃子","明治神宮前駅","\1,000～\1,999","～\999","https://tabelog.com/tokyo/A1306/A130601/13001284/","東京都渋谷区神宮前6-2-4 岡島ビル 1F","1500001","35.667509378705525","139.7061117342881","03-3406-4743","月・火・水・木・金・土・日・祝日 11:30 - 22:00 営業時間・","","60席","無","全席禁煙","予約不可","餃子 百名店 2021","無","東京メトロ千代田線・副都心線【明治神宮前駅】7番出口より徒歩5分 明治神宮前駅から150m","https://tblg.k-img.com/restaurant/images/Rvw/156002/320x320_rect_156002687.jpg","初台SC"
"表参道バンブー","3.49","1257","103760","イタリアン/ピザ/パスタ","明治神宮前駅","\6,000～\7,999","\3,000～\3,999","https://tabelog.com/tokyo/A1306/A130602/13001318/","東京都渋谷区神宮前5-8-8","1500001","35.666688237901305","139.70805988311668","03-3407-8427","11:00 - 21:30 L.O. 料理19:30 ドリンク21:00","","84席 （１Fレストラン４０席 テラス席３4席 1階個室10席）","有 1階ダイニング個室（6～12名様）※コース利用の方のみご案内可能／2F特別個室（10名?30名）／バンケットルーム（30名?100名）","全席禁煙","予約可","","無 近隣にコインパーキングあり","東京メトロ銀座線・半蔵門線・千代田線「表参道駅」A1出口より徒歩3分 東京メトロ千代田線、副都心線「明治神宮前駅」4番出口より徒歩5分 JR山手線「原宿駅」表参道口より徒歩7分 明治神宮前駅から339m","https://tblg.k-img.com/restaurant/images/Rvw/269837/640x640_rect_8909eb49ebecda83960b2bb45b3c4714.jpg","初台SC"
"蕎麦きり みよた","3.49","1248","46019","そば/かつ丼/カレーうどん","表参道駅","\1,000～\1,999","\1,000～\1,999","https://tabelog.com/tokyo/A1306/A130602/13180620/","東京都港区南青山3-12-13 紅谷ビル 1F","1070062","35.666223393466574","139.71378686918038","03-5411-8741","月・火・水・木・金 10:00 - 22:00 土・祝日 10:00 - 20:00 日","","15席 （カウンター席のみ）","無","全席禁煙","予約不可","","無","東京メトロ銀座線・千代田線・半蔵門線【表参道駅】徒歩４分 表参道駅から164m","https://tblg.k-img.com/restaurant/images/Rvw/174319/640x640_rect_7aa46a29fce54bf56ce1e6ae173b5d2a.jpg","初台SC"
"ラーメン王 後楽本舗","3.49","1207","22611","中華料理/ラーメン/餃子","渋谷駅","～\999","～\999","https://tabelog.com/tokyo/A1303/A130301/13022566/","東京都渋谷区道玄坂2-7-4 清水ビル 1F","1500043","35.65870314870872","139.69859731420445","03-3464-1650","月 09:00 - 00:00 火・水・木・金・土・日 24時間営業 営業時間・","","19席 （カウンター11席、テーブル８席(４人用×２卓)）","無","全席禁煙","予約不可","","無 近くの有料駐車場：渋東シネタワー35台、新大宗ビル700台、マークシティ210台、ほか","京王井の頭線【渋谷駅】西口 徒歩１分 東京メトロ半蔵門線、東急田園都市線【渋谷駅】徒歩３分 ＪＲ山手線他【渋谷駅】ハチ公口 徒歩３分 東京メトロ銀座線【渋谷駅】徒歩４分 東急東横線、東京メトロ副都心線【渋谷駅】徒歩５分 ※出口2より徒歩2分 渋谷駅から255m","https://tblg.k-img.com/restaurant/images/Rvw/295800/640x640_rect_4620da2fc9bafcf03dfcf2a571f1c276.jpg","初台SC"
"THE RIGOLETTO","3.49","1205","71476","イタリアン/スペイン料理/ワインバー","渋谷駅","\4,000～\4,999","\1,000～\1,999","https://tabelog.com/tokyo/A1303/A130301/13207146/","東京都渋谷区渋谷1-23-21 渋谷キャストGF 1F","1500002","35.66245693790228","139.7026972830777","03-6631-1129","月・火・水・木 11:30 - 23:00 金・祝前日 11:30 - 00:00 土 11:00 - 00:00 日・祝日 11:00 - 22:00","","265席 （店内231席、テラス34席）","有 （10～20人可） 11時30分～15時：ミニマムチャージ20,000円120分制 15時以降：ミニマムチャージ40,000円135分(2時間15分)制 ※13名様～24名様のご予約は、2部屋分のミニマムチャージを頂戴いたします。","全席禁煙 渋谷キャスト内の喫煙スペースをご利用ください","予約可","","有 渋谷キャスト駐車場 【通常料金】 30分/400円 【最大料金】 7:00~23:00(営業時間内) 普通車2,000円【駐車場サービス】2025年7月1日より ご飲食代5000円以上：1時間無料","JR・京王線・東京メトロ・東急線 渋谷駅 B1番出口より徒歩1分 渋谷駅から399m","https://tblg.k-img.com/restaurant/images/Rvw/170634/640x640_rect_069a568dee643183226aa8fe4c92ac00.jpg","初台SC"
"くるむ","3.49","1153","70169","韓国料理/野菜料理","新大久保駅","\3,000～\3,999","\2,000～\2,999","https://tabelog.com/tokyo/A1304/A130404/13155099/","東京都新宿区大久保2-32-2 林ビル 2Ｆ","1690072","35.70140509868288","139.70262519463293","03-3200-6969","月・火・水・木・金・土・日・祝日・祝前日・祝後日 11:00 - 15:00 15:01 - 23:00","年中無休","60席","無","全席禁煙","予約可","","無","JR山手線 新大久保駅より徒歩5分。 新大久保駅の改札を出てすぐの横断歩道を渡り、右手へ約5分お進みいただくと看板が見えます。1階は「明洞コスメ」さんです。 新大久保駅から223m","https://tblg.k-img.com/restaurant/images/Rvw/21231/640x640_rect_21231651.jpg","初台SC"
"TWO ROOMS","3.49","1128","102776","ダイニングバー/ステーキ/バー","表参道駅","\10,000～\14,999","\3,000～\3,999","https://tabelog.com/tokyo/A1306/A130602/13077635/","東京都港区北青山3-11-7 Aoビル 5F","1070061","35.66383765870931","139.7106916742478","03-3498-0002","月・火・水・木・日・祝日 11:30 - 02:00 金・土 11:30 - 03:00","不定休","171席","有 （8人可） 詳細は店舗に直接ご連絡下さい。","全席禁煙","予約可","","有 Aoビル内に駐車場がございますが提携はしておりません","「表参道駅」 B2出口から徒歩１分。 「渋谷駅」宮益坂方面の出口から徒歩約15分。 表参道駅から222m","https://tblg.k-img.com/restaurant/images/Rvw/293872/640x640_rect_88be3ba818cafe82473d62ad31ff6464.jpg","初台SC"
"カレーハウス11イマサ","3.49","1127","15174","カレー/インドカレー","新宿駅","～\999","～\999","https://tabelog.com/tokyo/A1304/A130401/13000803/","東京都新宿区西新宿1 新宿南口地下街１号京王モール　Ｂ１Ｆ","1600023","35.68991066868898","139.69883518451948","03-3348-3011","月・火・水・木・金 07:00 - 22:00 L.O. 21:30 土・日・祝日 07:00 - 21:30 L.O. 21:00","","25席 （カウンター席のみ）","無","全席禁煙","予約不可","","無","京王線新宿駅中央口改札,JR新宿中央西口改札より徒歩0分 JR新宿西口改札より徒歩3分 新宿駅から120m","https://tblg.k-img.com/restaurant/images/Rvw/107948/640x640_rect_107948224.jpg","初台SC"
"DADAI THAI VIETNAMESE DIMSUM","3.49","1116","47370","タイ料理/ベトナム料理/アジア・エスニック","渋谷駅","\4,000～\4,999","\2,000～\2,999","https://tabelog.com/tokyo/A1303/A130301/13247306/","東京都渋谷区神宮前六丁目20-10 MIYASHITA PARK　North 1F","1500001","35.662345537902084","139.70191098307714","03-6734-0888","月・火・水・木・金・土 11:30 - 23:00 日 11:30 - 22:00","","144席 （(内テラス31席））","無","全席禁煙 施設の喫煙所をご利用ください。","予約可","","有 施設の駐車場がございます。サービス券等の提携は行っておりません。","JR・京王線・東京メトロ・東急線 渋谷駅 B1出口より徒歩1分 渋谷駅から371m","https://tblg.k-img.com/restaurant/images/Rvw/170519/640x640_rect_4de37bc78ab35257c1bb0e215525b53a.jpg","初台SC"
"DRA セブン","3.49","1103","117047","ダイニングバー/バル/イタリアン","新宿西口駅","\3,000～\3,999","-","https://tabelog.com/tokyo/A1304/A130401/13221779/","東京都新宿区西新宿7-11-15 ミヤコビル 1F","1600023","35.694182069169834","139.69785634938444","080-5875-9157","月・火・水・木・金 17:00 - 23:45 L.O. 23:00 土・日 16:00 - 23:45 L.O. 23:00","","60席","無","全席禁煙","予約可","","無","新宿西口駅 D5出口から徒歩3分 ※ JR新宿駅 徒歩/約7分 ※ ①【新宿西口】を出て右に。 ②ユニクロ→パチンコジャンボを過ぎ、大ガードの交差点を""小滝橋通り""方面に渡る ③渡ったら新宿駅を背に左に”青梅街道”方面に交差点を渡る ④直進して”ベローチェ”を右折 ⑤５０ｍ直進して左手にあります 新宿西口駅から133m","https://tblg.k-img.com/restaurant/images/Rvw/86827/320x320_rect_86827050.jpg","初台SC"
"大盛軒","3.49","1086","40392","中華料理/餃子","東中野駅","\1,000～\1,999","\1,000～\1,999","https://tabelog.com/tokyo/A1319/A131901/13006882/","東京都中野区東中野1-51-1 村上ビル １Ｆ","1640003","35.70603213786938","139.68631078352934","03-3371-5743","月・火・水・木・金 11:00 - 15:00 17:00 - 22:00 土・日・祝日 11:00 - 22:00","なし","38席 （カウンター／テーブル）","無","全席禁煙","予約不可","","無 徒歩１分以内にコイン・パーキングあり","ＪＲ中央線【東中野駅】東口 徒歩１分 都営地下鉄大江戸線【東中野駅】徒歩４分 東中野駅から230m","https://tblg.k-img.com/restaurant/images/Rvw/363176/640x640_rect_7c2fe5e6a912576440409fb5df34a19d.jpg","初台SC"
"アニヴェルセル カフェ 表参道","3.49","1079","44304","フレンチ/カフェ/ワインバー","表参道駅","\6,000～\7,999","\2,000～\2,999","https://tabelog.com/tokyo/A1306/A130602/13004409/","東京都港区北青山3-5-30","1070061","35.666063644618134","139.7112843065953","03-5411-5988","月・火・水・木・金 11:00 - 21:00 土・日・祝日 10:00 - 21:00","無休","130席 （LOUNGE106席、テラス席24席）","無","全席禁煙","予約可","","無 近隣にコインパーキングあり","東京メトロ 表参道駅 A2出口 徒歩1分 表参道駅から149m","https://tblg.k-img.com/restaurant/images/Rvw/277616/320x320_rect_b65187a86815c03f8482bf3368f36a5c.jpg","初台SC"
"はやしや","3.49","1054","37934","洋食/食堂","新宿三丁目駅","\2,000～\2,999","\1,000～\1,999","https://tabelog.com/tokyo/A1304/A130401/13077952/","東京都新宿区新宿3-22-12 新宿サンパークビル 5F","1600022","35.693170937882506","139.7018759833885","03-3352-5519","10:30 - 23:00 L.O. 22:15","","99席 （カウンター10席/テーブル席59席/個室30席）","有 （4人可、6人可、8人可、10～20人可、20～30人可） 個室2部屋あり 4～6名/10～24名","全席禁煙 同ビル４階に喫煙ルーム有り","予約可","","無 近隣にコインパーキング多数あり","JR山手線など 新宿アルタ裏出口から徒歩30秒 丸の内線 新宿駅から徒歩1分 西武新宿線 西新宿から徒歩3分 新宿西口駅から253m","https://tblg.k-img.com/restaurant/images/Rvw/306175/640x640_rect_e3f0b4a5f51c01046fabb5393603b792.jpg","初台SC"
"たつ屋","3.49","1045","29305","牛丼/かつ丼","新宿三丁目駅","～\999","～\999","https://tabelog.com/tokyo/A1304/A130401/13025431/","東京都新宿区新宿3丁目35-2","1600022","35.68983698869034","139.70297257451583","03-3354-0611","月・火・水・木・金 10:00 - 21:00 土・日 10:00 - 20:00 営業時間・","","15席 （カウンター席のみ）","無","全席禁煙","予約不可","","無 近隣にコインパーキングあり","JR新宿駅東南口下車 フラッグスの前の階段を降りて甲州街道沿いの側道を徒歩3分 東京メトロ、都営地下鉄 新宿三丁目駅下車 E9出口より徒歩1分 新宿三丁目駅から208m","https://tblg.k-img.com/restaurant/images/Rvw/366847/640x640_rect_08324c995d03d26932e2151cc5749f47.jpg","初台SC"
"テジョンデ 本店","3.49","1038","67677","韓国料理/居酒屋/海鮮","新大久保駅","\6,000～\7,999","\1,000～\1,999","https://tabelog.com/tokyo/A1304/A130404/13021835/","東京都新宿区百人町1-6-15 Ｎ・Ｋビル　２Ｆ","1690073","35.70129533787711","139.70117788347108","03-3207-8881","月・火・水・木・日・祝後日 11:00 - 02:00 L.O. 料理01:15 ドリンク01:30 金・土・祝日・祝前日 11:00 - 03:00 L.O. 料理02:15 ドリンク02:30 【","","60席 （テーブル60席）","無","全席喫煙可 ※ただし15:00以降、電子タバコ限定。 2020年4月1日より受動喫煙対策に関する法律(改正健康増進法）が施行されており、最新の情報と異なる場合がございますので、ご来店前に店舗にご確認ください。","予約可","","無 近隣にコインパーキング多数有り","山手線新大久保駅より徒歩2分 中央線大久保駅より徒歩6分 西武新宿線西武新宿駅より徒歩9分 新大久保駅から97m","https://tblg.k-img.com/restaurant/images/Rvw/188351/640x640_rect_af6f530619c150fe96b3c081b3e3e390.jpg","初台SC"
"LINA STORES","3.49","1026","54129","イタリアン","表参道駅","-","\2,000～\2,999","https://tabelog.com/tokyo/A1306/A130602/13261306/","東京都港区北青山3-10-5 スプリングテラス表参道 1F","1070061","35.66448963728552","139.71076775529835","03-6427-3758","月・火・水・木・金・土・日・祝日・祝前日・祝後日 11:00 - 22:00 L.O. 21:00","","106席 （テラス席含む）","有","全席禁煙","予約可","","無","表参道駅から175m","https://tblg.k-img.com/restaurant/images/Rvw/156307/640x640_rect_156307924.jpg","初台SC"
"イカセンター新宿総本店","3.49","1014","42491","海鮮/居酒屋/日本料理","新宿西口駅","\5,000～\5,999","-","https://tabelog.com/tokyo/A1304/A130401/13048669/","東京都新宿区西新宿7-10-13 ガイアビル 4F・5F","1600023","35.69438673788061","139.69834578340325","03-3366-2600","月・火・水・木・金・土 17:30 - 23:00 日・祝日 15:00 - 22:00","","150席","無","分煙（加熱式たばこ限定） 4F禁煙フロア 5F加熱式たばこ喫煙専用フロア 2020年4月1日より受動喫煙対策に関する法律(改正健康増進法）が施行されており、最新の情報と異なる場合がございますので、ご来店前に店舗にご確認ください。","予約可","","無","都営大江戸線新宿西口駅 徒歩1分 ＪＲ新宿駅 西口 徒歩3分 小田急小田原線新宿駅 徒歩3分 京王線新宿駅 徒歩3分 新宿西口駅から114m","https://tblg.k-img.com/restaurant/images/Rvw/5080/320x320_rect_5080599.jpg","初台SC"
"PIZZERIA SPONTINI カスケード原宿店","3.49","1011","72527","ピザ/カフェ/イタリアン","原宿駅","\2,000～\2,999","\1,000～\1,999","https://tabelog.com/tokyo/A1306/A130601/13188197/","東京都渋谷区神宮前1-10-37 CASCADE HARAJUKU 2F","1500001","35.67007039870316","139.7037869743156","03-6434-5850","月・火・水・木・金 11:00 - 16:00 L.O. 15:00 17:00 - 22:00 L.O. 21:00 土・日・祝日 11:00 - 22:00 L.O. 21:00","","75席 （テラス席あり（8席）ペット可。）","無","全席禁煙","予約可","","無 近隣にコインパーキングあり。","JR線「原宿駅」表参道口より徒歩2分 東京メトロ「明治神宮前駅」3番出口より徒歩1分 I &#39;m donut?様の道を曲がり80m直進。 原宿駅から125m","https://tblg.k-img.com/restaurant/images/Rvw/323793/640x640_rect_e0fa1391cd096debcc31d3697de627ef.jpg","初台SC"
"CRAFT GRILL","3.49","995","72051","ビストロ/ビアバー/洋食","新宿三丁目駅","\5,000～\5,999","\2,000～\2,999","https://tabelog.com/tokyo/A1304/A130401/13194052/","東京都新宿区新宿3-32-6 B1F","1600022","35.69036383788497","139.70403688335867","03-5361-7548","月・火・水・木・金 11:30 - 15:00 L.O. 14:00 17:00 - 23:00 L.O. 22:00 土・日・祝日 11:30 - 23:00","不定休","75席","有 （4人可、6人可、8人可）","全席禁煙","予約可","","無","?ＪＲ 新宿駅 新南口 徒歩3分 ?京王線 新宿駅 新南口 徒歩3分 ?小田急小田原線 新宿駅 新南口 徒歩3分 ?地下鉄丸ノ内線 新宿駅 新南口 徒歩3分 ?都営新宿線 新宿駅 新南口 徒歩3分 新宿三丁目駅から96m","https://tblg.k-img.com/restaurant/images/Rvw/171324/640x640_rect_15aac96516ef09c1dfa5c6a1f2cb81b1.jpg","初台SC"
"イル・バーカロ","3.49","987","65586","イタリアン/パスタ/バル","新宿三丁目駅","\3,000～\3,999","\1,000～\1,999","https://tabelog.com/tokyo/A1304/A130401/13004125/","東京都新宿区新宿3-4-8 京王フレンテ新宿三丁目  B2F","1600022","35.69095063788499","139.7052374833637","03-5269-8528","火・水・木・金 11:30 - 15:00 L.O. 14:30 17:30 - 23:00 L.O. 21:30 土・日・祝日 11:30 - 23:00 L.O. 21:30 月","","86席 （テーブル86席）","無 ※注『フロア貸切』承っております！…着席で～40名、立食で～60名 【JALカード特約店】美味しく食べてマイルが貯まる！ 【伊勢丹 I カード】も利用可","全席禁煙","予約可","","無","東京メトロ丸の内線新宿三丁目駅C2出口より徒歩1分 都営新宿線新宿三丁目駅C2出口より徒歩1分 山手線新宿駅東口より徒歩4分 新宿三丁目駅から32m","https://tblg.k-img.com/restaurant/images/Rvw/284067/640x640_rect_7065d526371c6d28354192cf60426d6f.jpg","初台SC"
"800°ディグリーズ ナポリタン ピッツェリア ニュウマン新宿店","3.49","983","37292","ピザ/カフェ/バー","新宿駅","\2,000～\2,999","\1,000～\1,999","https://tabelog.com/tokyo/A1304/A130401/13193548/","東京都渋谷区千駄ヶ谷5-24-55 NEWoMan SHINJUKU エキソト 2F","1510051","35.68886183869033","139.70097597450737","03-3353-1800","11:00 - 23:00 L.O. 22:00 年末年始営業時間 12月31日 11:00-20:00(L.O 19:00) 1月 1日 11:00-20:00(L.O 19:00) 1月 2日 1","","54席 （外テラス席あり）","無","全席禁煙 テラス席も禁煙。ペットの同伴も不可","予約不可","","有 提携駐車場：JR新宿ミライナタワー地下駐車場 ※お買い上げレシートを2Fインフォメーションカウンターへお持ちください。 ※レシート合算3,000円(税込)から。","JR新宿駅甲州街道改札直結 都営新宿線・都営大江戸線・京王新線新宿駅より徒歩5分 東京メトロ副都心線新宿三丁目駅より徒歩3分 新宿駅から187m","https://tblg.k-img.com/restaurant/images/Rvw/227800/640x640_rect_7b46cc28e7e0d483d5434707e3af76f2.jpg","初台SC"
"渡邊","3.49","974","33882","そば/天ぷら","新宿駅","\1,000～\1,999","\2,000～\2,999","https://tabelog.com/tokyo/A1304/A130401/13000813/","東京都新宿区西新宿1-12-10 八洋ビル　１Ｆ","1600023","35.689874037883094","139.69715358335853","03-3348-9126","月・火・水・木・金・土 11:00 - 21:30 日","","47席","無","全席禁煙","予約不可","","無","JR「新宿駅」西口徒歩5分 新宿駅から267m","https://tblg.k-img.com/restaurant/images/Rvw/99710/640x640_rect_99710466.jpg","初台SC"
"純洋食とスイーツ パーラー大箸","3.49","972","40306","洋食/オムライス","渋谷駅","\2,000～\2,999","\1,000～\1,999","https://tabelog.com/tokyo/A1303/A130301/13242150/","東京都渋谷区道玄坂1-2-3 東急プラザ渋谷 6F","1500043","35.65788436870971","139.70007330419512","03-5422-3542","11:00 - 22:00 L.O. 料理20:30 ドリンク21:00","不定休","40席 （テーブル席）","無","全席禁煙 7Fに喫煙スペースあり","予約可","","有 建物内に駐車場あり","JR渋谷駅から徒歩2?3分 渋谷駅から173m","https://tblg.k-img.com/restaurant/images/Rvw/168835/640x640_rect_ad1e193538be05474d7305b415e9e197.jpg","初台SC"
"鮨やまけん 新宿東口店","3.49","967","57200","寿司/海鮮/居酒屋","西武新宿駅","\10,000～\14,999","-","https://tabelog.com/tokyo/A1304/A130401/13245739/","東京都新宿区歌舞伎町1-18-9 WaMall歌舞伎町 6F","1600021","35.69463236499838","139.7016471249396","03-6380-3977","月・火・水・木・金・土・日・祝日・祝前日・祝後日 16:30 - 22:30","","44席 （貸切も承りますので、お気軽にお問い合わせください。）","無","全席禁煙","予約可","","無","■駅からのアクセス ・＜西武新宿線＞西武新宿駅(正面口) 徒歩2分（150m） ・＜JR山手線＞新宿駅(B13) 徒歩4分（250m） ・＜都営大江戸線＞新宿西口駅(B12) 徒歩4分（250m） 西武新宿駅から220m","https://tblg.k-img.com/restaurant/images/Rvw/223650/640x640_rect_4d84c0f64a09ce1155a74eeccd0e1464.jpg","初台SC"
"とんかつ にいむら 本店","3.49","946","28148","とんかつ/しゃぶしゃぶ/居酒屋","西武新宿駅","\1,000～\1,999","\1,000～\1,999","https://tabelog.com/tokyo/A1304/A130401/13010847/","東京都新宿区歌舞伎町1-23-10","1600021","35.694603637881386","139.70120088340346","03-3200-5900","月・火・水・金・土・日 10:30 - 06:00 L.O. 05:00 木 10:30 - 02:30 L.O. 01:50","無休","115席 （カウンター６席 テーブル30席）","無","全席禁煙 店外喫煙スペース有り","予約可","","無","ＪＲ新宿駅東口から 徒歩3分 西武新宿駅から徒歩1分 歌舞伎町１番街のアーチから入って、１００ｍ程の左側 西武新宿駅から199m","https://tblg.k-img.com/restaurant/images/Rvw/25534/640x640_rect_25534393.jpg","初台SC"
"漁十八番","3.49","946","72127","居酒屋/海鮮","渋谷駅","\4,000～\4,999","\1,000～\1,999","https://tabelog.com/tokyo/A1303/A130301/13090034/","東京都渋谷区道玄坂2-6-12 道玄坂トロワービル 2F","1500043","35.6588722379032","139.6984654830445","03-6808-5175","月・火・水・木・金 11:45 - 14:30 L.O. 料理14:00 17:00 - 23:30 L.O. 23:00 土・日・祝日 17:00 - 23:30 L.O. 23:00","","46席","無","全席喫煙可 電子タバコのみ利用可 2020年4月1日より受動喫煙対策に関する法律(改正健康増進法）が施行されており、最新の情報と異なる場合がございますので、ご来店前に店舗にご確認ください。","予約可","","無","JR渋谷駅 徒歩3分 井の頭線南口改札 徒歩1分 渋谷駅から265m","https://tblg.k-img.com/restaurant/images/Rvw/315449/640x640_rect_5f144f8f5476b0f1c7275e9000363514.jpg","初台SC"
"どん底","3.49","943","66963","ダイニングバー/バー","新宿三丁目駅","\4,000～\4,999","\3,000～\3,999","https://tabelog.com/tokyo/A1304/A130401/13006803/","東京都新宿区新宿3-10-2","1600022","35.69121125869055","139.70637971452734","03-3354-7749","月・火・水・木・金 17:00 - 23:30 土・日 11:30 - 23:30","なし","100席 （カウンター40席、テーブル17席）","無","分煙（加熱式たばこ限定） 屋外喫煙所あり 2020年4月1日より受動喫煙対策に関する法律(改正健康増進法）が施行されており、最新の情報と異なる場合がございますので、ご来店前に店舗にご確認ください。","予約不可","","無","都営地下鉄新宿線【新宿三丁目駅】徒歩２分（地下通路Ｃ５出口利用） 東京メトロ丸ノ内線・副都心線【新宿三丁目駅】徒歩３分（地下通路Ｂ２出口利用） ＪＲ中央線ほか【新宿駅】東口 徒歩７分 新宿三丁目駅から139m","https://tblg.k-img.com/restaurant/images/Rvw/57293/640x640_rect_57293503.jpg","初台SC"
"手打そば大庵","3.49","928","48357","そば/ダイニングバー/居酒屋","新宿駅","\4,000～\4,999","\1,000～\1,999","https://tabelog.com/tokyo/A1304/A130401/13000873/","東京都新宿区新宿3-36-6 大安ビル　２Ｆ","1600022","35.690378137884274","139.70184738336033","03-3352-5113","火 17:00 - 22:00 L.O. 料理21:00 水・木・金 11:30 - 14:30 L.O. 料理14:00 17:00 - 22:00 L.O. 料理21:00 土・日・祝日 11:3","月曜","86席 （カウンター40席、テーブル46席）","有 やわらかな竹のスクリーンに囲まれた落ち着いた半個室 【※完全個室ではありません】が、大小7室ございます。","全席禁煙 同ビル地下1階の系列店内に、喫煙専用室あり","予約可","","無","JR新宿駅徒歩１分 ?JR新宿駅 中央東口を出て、高島屋方面に歩いてすぐ左手 ?JR新宿駅 東南口より階段を下りて左折、少し行った右側 （1Fがスターバックスの大安ビル2F） 新宿駅から164m","https://tblg.k-img.com/restaurant/images/Rvw/66147/640x640_rect_66147268.jpg","初台SC"
"まさらダイニング","3.49","918","41421","インド料理/インドカレー/居酒屋","新宿三丁目駅","\2,000～\2,999","～\999","https://tabelog.com/tokyo/A1304/A130401/13020613/","東京都新宿区新宿3-31-5 新宿ペガサス館 2F","1600022","35.69066063788469","139.70370088336188","03-5312-1351","月・火・水・木・金・土・日・祝日・祝前日・祝後日 11:00 - 23:00","無休","43席 （カップルシートあり、ソファー席あり）","有 （2人可、4人可） 個室は半個室となります。2～5名様までご利用可能です。","全席禁煙","予約可","","無","JR新宿駅 東口 徒歩5分 地下鉄丸ノ内線 新宿三丁目駅 徒歩3分 新宿三丁目駅から111m","https://tblg.k-img.com/restaurant/images/Rvw/178746/320x320_rect_922eb598a2d9fbc04d0aa292db72e74c.jpg","初台SC"
"大陸","3.49","910","59494","餃子/中華料理","新宿西口駅","\5,000～\5,999","-","https://tabelog.com/tokyo/A1304/A130401/13000118/","東京都新宿区歌舞伎町1-6-3 石塚ビル 4F","1600021","35.693653308687765","139.70246890455473","03-3209-4601","月・火・水・木・金 16:00 - 23:00 土・日・祝日 15:00 - 23:00","","90席","無","全席禁煙","予約可","餃子 百名店 2021","無","東京メトロ丸ノ内線【新宿駅/新宿三丁目駅】徒歩２分 西武新宿線【西武新宿駅】徒歩４分 ＪＲ中央線他【新宿駅】東口 徒歩５分 都営地下鉄大江戸線【新宿西口駅】徒歩７分 新宿駅、新宿三丁目駅から地下サブナード経由11番出口階段上がって目の前のビル４F 新宿西口駅から302m","https://tblg.k-img.com/restaurant/images/Rvw/59394/640x640_rect_59394009.jpg","初台SC"
"RED PEPPER 表参道店","3.49","898","70946","ビストロ/洋食/パスタ","表参道駅","\5,000～\5,999","\2,000～\2,999","https://tabelog.com/tokyo/A1306/A130602/13007408/","東京都港区北青山3-5-25 清水ビル　１Ｆ","1070061","35.66555463790342","139.71246488310214","03-3478-1264","月・火・水・木・金 17:00 - 23:00 L.O. 料理22:00 ドリンク22:30 土・日・祝日 11:30 - 15:00 17:00 - 23:00 L.O. 料理22:00 ドリンク2","","18席 （カウンター4席 テーブル14席）","無","全席禁煙","予約可","","無","地下鉄半蔵門線表参道駅 A3出口 徒歩1分 地下鉄千代田線表参道駅 A3出口 徒歩1分 ＪＲ山手線原宿駅 徒歩20分 表参道駅から43m","https://tblg.k-img.com/restaurant/images/Rvw/288373/640x640_rect_38dcb1db5158976fd30cd8d6884f987f.jpg","初台SC"
"鳥政","3.49","897","66438","焼き鳥/鳥料理/ラーメン","表参道駅","\6,000～\7,999","\1,000～\1,999","https://tabelog.com/tokyo/A1306/A130602/13001258/","東京都港区南青山3-13-2 山川ビル　１Ｆ","1070062","35.66593863790357","139.71371278310517","03-3405-4515","月・火・水・木・金 11:30 - 14:00 17:00 - 23:00 L.O. 22:00 土・祝日 17:00 - 23:00 L.O. 22:00 日","","30席 （カウンター13席、テーブル2卓、座敷3卓）","無","全席禁煙 店外に灰皿あり","予約可","焼鳥 百名店 2021","無 近隣にコインパーキングあり","表参道駅A4出口より徒歩4分 表参道駅から138m","https://tblg.k-img.com/restaurant/images/Rvw/345495/640x640_rect_664bfaae5ccd59f5c95dfc82d310a1ed.jpg","初台SC"
"おにぎり まんま","3.49","894","30365","おにぎり","新宿三丁目駅","-","\1,000～\1,999","https://tabelog.com/tokyo/A1304/A130401/13281189/","東京都新宿区新宿3-14-23 マヤビル 1F","1600022","35.69224379868962","139.7054718745384","03-6457-7877","月・火・水・木・金・土・日・祝日 08:30 - 21:00 営業時間・","","","無","全席禁煙","予約可","","無","東京メトロ「新宿三丁目駅」から徒歩約1分 新宿三丁目駅から162m","https://tblg.k-img.com/restaurant/images/Rvw/367518/640x640_rect_1aeb19a9536a8132623dbef1f877afc4.jpg","初台SC"
"LAS DOS CARAS MODERN MEXICANO Y TACOS","3.49","893","42840","メキシコ料理/ダイニングバー/バー","原宿駅","\4,000～\4,999","\1,000～\1,999","https://tabelog.com/tokyo/A1306/A130601/13187938/","東京都渋谷区神宮前1-10-37","1500001","35.67008793789776","139.70376738315406","03-6631-1111","月・火・水・木・日・祝日 11:30 - 22:00 L.O. 料理21:30 金・土・祝前日 11:30 - 23:00 L.O. 料理22:30","","131席 （B1 着席80名、１F 着席50名）","有 （8人可） カーテンで仕切られた半個室となります。","全席禁煙","予約可","","無","原宿駅 徒歩１分 明治神宮前駅 徒歩２分 CASCADE HARAJUKU B1入り口 原宿駅から124m","https://tblg.k-img.com/restaurant/images/Rvw/174516/640x640_rect_523b290f9e545aa7e5701bd0e0449132.jpg","初台SC"
"十割蕎麦 嵯峨谷 渋谷東急本店前店","3.49","891","24581","そば/親子丼","神泉駅","～\999","～\999","https://tabelog.com/tokyo/A1303/A130301/13134451/","東京都渋谷区道玄坂2-25-7 プラザ道玄坂 1F","1500043","35.66028856870711","139.69669342422176","03-6416-4248","月・火・水・木・金 07:00 - 22:00 土・日 10:00 - 20:45","","25席 （カウンター25席）","無","全席禁煙","予約不可","","無 近隣にコインパーキングあり","東京メトロ半蔵門線・東急田園都市線「渋谷駅」から徒歩4分 京王井の頭線「渋谷駅」西口から徒歩5分 JR山手線・埼京線「渋谷駅」ハチ公口から徒歩6分 東京メトロ銀座線「渋谷駅」から徒歩7分 東京メトロ副都心線・東急東横線「渋谷駅」から徒歩8分 神泉駅から435m","https://tblg.k-img.com/restaurant/images/Rvw/203802/640x640_rect_ba7787e30d47bb34b0a334f63aef8f22.jpg","初台SC"
"長春館","3.49","875","49539","焼肉/韓国料理","新宿三丁目駅","\5,000～\5,999","\1,000～\1,999","https://tabelog.com/tokyo/A1304/A130401/13006798/","東京都新宿区新宿3-8-10","1600022","35.69052393788572","139.70669038335842","03-3354-5141","月・火・水・木・祝日 16:30 - 23:00 金・土・日 11:30 - 23:00","","144席","無","分煙（加熱式たばこ限定） 全席排煙設備有り 2020年4月1日より受動喫煙対策に関する法律(改正健康増進法）が施行されており、最新の情報と異なる場合がございますので、ご来店前に店舗にご確認ください。","予約可","","無","JR新宿駅東口より徒歩7分 地下鉄都営新宿線 新宿三丁目駅C5出口より徒歩30秒 地下鉄丸の内線 新宿三丁目駅B2出口より徒歩2分 新宿三丁目駅から166m","https://tblg.k-img.com/restaurant/images/Rvw/209704/640x640_rect_cce559b55f252fc5566f89f1344e1299.jpg","初台SC"
"マッコリの物語","3.49","866","40473","韓国料理/居酒屋","新大久保駅","\3,000～\3,999","～\999","https://tabelog.com/tokyo/A1304/A130401/13121568/","東京都新宿区大久保1-16-24 1F","1690072","35.700200138683755","139.7029045846208","03-3207-4820","10:30 - 05:00","年中無休","80席","無","全席禁煙","予約可","","無 近隣にコインパーキングあり","JR山手線新大久保駅 徒歩5分／JR総武線大久保駅 徒歩6分 イケメン通りをしばらく進むと右手にございます。 新大久保駅から251m","https://tblg.k-img.com/restaurant/images/Rvw/143285/640x640_rect_143285150.jpg","初台SC"
"お多幸 新宿店","3.49","858","58069","おでん/居酒屋/天ぷら","新宿三丁目駅","\3,000～\3,999","-","https://tabelog.com/tokyo/A1304/A130401/13000869/","東京都新宿区新宿3-20-1","1600022","35.692827498688416","139.7028798845461","03-3352-4771","月・火・水・木・金・土 15:30 - 23:00 日","","120席 （4階迄席がある）","無 個室では無いが座敷席はあり仕切れる場合もございます。","全席禁煙 B1に喫煙室があります。","予約可","","無","ＪＲ新宿駅から徒歩３分 東京メトロ丸の内線新宿三丁目駅から徒歩３分 東京メトロ副都心線新宿三丁目駅から徒歩５分 新宿三丁目駅から285m","https://tblg.k-img.com/restaurant/images/Rvw/350921/640x640_rect_3ca8ada59d9eab0980f5edbc1c16ed6c.jpg","初台SC"
"加賀","3.49","849","23854","立ち食いそば/そば/うどん","初台駅","～\999","～\999","https://tabelog.com/tokyo/A1318/A131807/13010425/","東京都渋谷区本町1-2-3","1510071","35.68118033788504","139.6858826832786","03-3320-8746","月・火・水・木・金 07:00 - 19:00 土 10:00 - 16:00 日・祝日","","8席 （立ち食いカウンターのみ）","無","全席禁煙","予約不可","","無 近隣にコインパーキングあり","初台駅の新国立劇場方面出口を出たら目の前！ 駅出口から5秒、いや、3秒 初台駅から90m","https://tblg.k-img.com/restaurant/images/Rvw/359775/640x640_rect_3882a08ff38472e367de5e774445d432.jpg","初台SC"
"ビョルジャン 新大久保","3.49","845","78329","韓国料理/焼肉","新大久保駅","\3,000～\3,999","\1,000～\1,999","https://tabelog.com/tokyo/A1304/A130404/13243653/","東京都新宿区大久保2-32-3 2F","1690072","35.70145053893728","139.70246729845866","03-6302-1018","月・火・水・木・金・土・日・祝日・祝前日・祝後日 24時間営業","","60席","無","全席禁煙 ※店内に喫煙室がございます。","予約不可","","無","新大久保駅から徒歩5分 新大久保駅から211m","https://tblg.k-img.com/restaurant/images/Rvw/141893/640x640_rect_141893307.jpg","初台SC"
"長崎飯店 渋谷店","3.49","845","33978","中華料理/ちゃんぽん/郷土料理","渋谷駅","\3,000～\3,999","\1,000～\1,999","https://tabelog.com/tokyo/A1303/A130301/13281342/","東京都渋谷区道玄坂1-9-1 梅山ビル 1F","1500043","35.657285837904666","139.6998757830274","03-3464-0528","月・火・水・木・金 11:00 - 14:30 17:10 - 22:00 L.O. 料理21:00 ドリンク21:15 土 11:00 - 14:30 日・祝日","","47席","無","全席禁煙","予約可","","無","渋谷駅 南改札西口より徒歩4分 渋谷駅から236m","https://tblg.k-img.com/restaurant/images/Rvw/243286/640x640_rect_44883ee38e806241e3e123aa0b20d0f7.jpg","初台SC"
"SMOKEHOUSE","3.49","842","54305","バーベキュー/ハンバーガー/ビアバー","明治神宮前駅","\4,000～\4,999","\2,000～\2,999","https://tabelog.com/tokyo/A1303/A130301/13161143/","東京都渋谷区神宮前5-17-13 2F","1500001","35.66547733790103","139.70483428310672","03-6450-5855","月・火・水・木・金・土・日・祝日・祝前日・祝後日 11:30 - 22:00 L.O. 料理21:00 ドリンク21:30","年中無休","86席 （テーブル56席、カウンター10席、テラス20席）","無","全席禁煙","予約可","","無","東京メトロ「明治神宮前」7番出口から徒歩約5分 JR「渋谷駅」、「原宿駅」から徒歩約10分 明治神宮前駅から347m","https://tblg.k-img.com/restaurant/images/Rvw/126435/640x640_rect_126435212.jpg","初台SC"
"d47食堂","3.49","842","48251","食堂/カフェ/郷土料理","渋谷駅","\3,000～\3,999","\2,000～\2,999","https://tabelog.com/tokyo/A1303/A130301/13140335/","東京都渋谷区渋谷2-21-1 渋谷ヒカリエ 8F","1500002","35.65880463790474","139.7031561830405","03-6427-2303","月・火・木・金・土・日・祝日・祝前日・祝後日 11:30 - 16:00 L.O. 料理15:00 18:00 - 21:00 L.O. 料理20:00 ドリンク20:30 水","","56席","無","全席禁煙 渋谷ヒカリエ内に喫煙所有り","予約可","定食 百名店 2021","有 渋谷ヒカリエ内駐車場 機械式 402台（月極・時間貸併用、身障者用3台含む） 営業時間6:50?24:00（最終入庫23:30まで） ご利用料金400円（税込）／30分 ※営業時間外は入出庫不可","ＪＲ山手線・埼京線、東急東横線・田園都市線、東京メトロ銀座線・半蔵門線・副都心線、京王井の頭線「渋谷駅」直結 渋谷駅から162m","https://tblg.k-img.com/restaurant/images/Rvw/149499/640x640_rect_149499174.jpg","初台SC"
"天ぷら 船橋屋 新宿本店","3.49","840","33804","天ぷら","新宿三丁目駅","\4,000～\4,999","\1,000～\1,999","https://tabelog.com/tokyo/A1304/A130401/13012090/","東京都新宿区新宿3-28-14","1600022","35.69106079868966","139.703278094528","03-3354-2751","11:30 - 21:00 L.O. 20:30","なし","126席 （1階:カウンター14席、小上り8席、他にテーブル席。2階・3階に個室:座敷席あり）","有 （4人可、6人可、8人可、10～20人可） 座敷個室あり（5名～10名様用） ※個室の詳細はお店にお問い合わせください。","全席禁煙","予約可","天ぷら 百名店 2022","無 近隣にコインパーキングあり","東京メトロ丸ノ内線／新宿三丁目駅(A5)より徒歩1分 JR各線／新宿駅(A6／東口)より徒歩2分 都営新宿線／新宿三丁目駅より徒歩2分 都営大江戸線／新宿西口駅(A6)より徒歩2分 西武新宿線／西武新宿駅より徒歩6分 新宿三丁目駅から149m","https://tblg.k-img.com/restaurant/images/Rvw/184782/640x640_rect_55718897001ab7601f668e2342fe0bf8.jpg","初台SC"
"もつ煮込み専門店 沼田","3.49","836","80474","居酒屋/ホルモン/もつ焼き","新宿三丁目駅","\3,000～\3,999","-","https://tabelog.com/tokyo/A1304/A130401/13022997/","東京都新宿区新宿3-6-3 2F","1600022","35.69120326869034","139.70566237452775","03-3350-5029","月・火・水・木・金 17:00 - 23:00 L.O. 22:00 土・日・祝日 13:00 - 23:00 L.O. 22:00","","30席","無","全席喫煙可 2020年4月1日より受動喫煙対策に関する法律(改正健康増進法）が施行されており、最新の情報と異なる場合がございますので、ご来店前に店舗にご確認ください。","予約可","","無","新宿三丁目駅B2出口を出たら右に、直ぐまた右の路地へ入り進み、最初の角を左に曲がると、約30m先の右側の２階にございます。 新宿三丁目駅から79m","https://tblg.k-img.com/restaurant/images/Rvw/29510/320x320_rect_29510580.jpg","初台SC"
"NEWLIGHT","3.49","831","40125","ダイニングバー/イタリアン/ステーキ","渋谷駅","\5,000～\5,999","\2,000～\2,999","https://tabelog.com/tokyo/A1303/A130301/13249071/","東京都渋谷区神宮前6-20-10 MIYASHITA PARK North 3F","1500001","35.66227503790215","139.70190198307643","050-3138-3115","月・火・水・木・金・土・祝日・祝前日・祝後日 11:00 - 23:00 L.O. 料理21:30 ドリンク22:30 日 11:00 - 23:00 L.O. 料理21:30 ドリンク22:00","","127席 （プライベートルーム2部屋、Barカウンター15席、テラス20席）","有 （4人可、6人可、8人可） ゆったりとくつろげるラグジュアリーなプライベートルーム。 接待や大事なお食事会でのご利用も承っております。 個室料（ランチタイム\3,300 / ディナータイム\5,500）を頂戴しております。 ご希望の際はお電話にてお問い合わせください。","全席禁煙 店内に喫煙ルーム有り。お化粧室は、店外(MIYASHITA PARK施設内の同フロア)をご利用いただいております。","予約可","","無 MIYASHITA PARK駐車場あり。※駐車券の提携はございません。予めご了承ください。","東京メトロ渋谷駅B1徒歩3分 JR渋谷駅ハチ公口徒歩7分 渋谷駅から364m","https://tblg.k-img.com/restaurant/images/Rvw/361062/640x640_rect_7b45a29701ec730d7846a28dd5b4167c.jpg","初台SC"
"味ちゃん 2号店","3.49","820","38651","韓国料理/焼肉/居酒屋","新大久保駅","\3,000～\3,999","\1,000～\1,999","https://tabelog.com/tokyo/A1304/A130404/13047424/","東京都新宿区大久保2-32-3 リスボンビル　１Ｆ","1690072","35.70153763787739","139.70249428347262","03-5272-3022","月・水・木・金・土・日・祝日・祝前日 11:00 - 23:00 L.O. 料理22:00 ドリンク22:30 火","","70席","有 半個室席あり。※半個室席は席数が少ないため、先着順にてご予約を承ります。先約のある場合には承ることができない可能性もございます。ご了承ください。","分煙 喫煙専用室あり 2020年4月1日より受動喫煙対策に関する法律(改正健康増進法）が施行されており、最新の情報と異なる場合がございますので、ご来店前に店舗にご確認ください。","予約可","","無","JR山手線新大久保駅 徒歩3分 新大久保駅から217m","https://tblg.k-img.com/restaurant/images/Rvw/336323/640x640_rect_345d8c0d271731083b8e648f3bbc8f75.jpg","初台SC"
"出汁林","3.49","816","50799","居酒屋/海鮮/日本料理","渋谷駅","\5,000～\5,999","\1,000～\1,999","https://tabelog.com/tokyo/A1303/A130301/13298889/","東京都渋谷区道玄坂1-2-3 東急プラザ渋谷 6F","1500043","35.657705734531795","139.70023838654902","03-6809-0075","月・火・水・木・金 11:00 - 14:30 17:00 - 23:00 L.O. 料理22:00 ドリンク22:30 土・日・祝日 11:00 - 23:00 L.O. 料理22:00 ドリンク2","","44席 （カウンター14席、テーブル席24席、個室4席）","有 （4人可、6人可、8人可、10～20人可） 半個室：12名様利用可能","全席禁煙 施設の喫煙所ご利用ください。","予約可","","有 施設のパーキングご利用ください。","山手線 渋谷駅 徒歩1分 埼京線 渋谷駅 徒歩1分 東急田園都市線 渋谷駅 徒歩1分 渋谷駅から179m","https://tblg.k-img.com/restaurant/images/Rvw/258746/320x320_rect_3d066fe62973c02b36bed3993757387a.jpg","初台SC"
"信州屋 渋谷店","3.49","815","10801","そば/天丼/立ち食いそば","渋谷駅","～\999","～\999","https://tabelog.com/tokyo/A1303/A130301/13007262/","東京都渋谷区道玄坂2-6-4 １Ｆ","1500043","35.65895323790345","139.69936008304467","03-3461-9066","月・火・水・木・金 07:30 - 23:00 土・日・祝日 09:00 - 23:00 ??","","10席 （カウンター10席、立ち食いカウンター）","無","全席禁煙","予約不可","","無 近隣にコインパーキングあり","京王井の頭線【渋谷駅】徒歩１分 東京メトロ半蔵門線、東急田園都市線【渋谷駅】徒歩３分 ＪＲ山手線他【渋谷駅】ハチ公口 徒歩３分 東京メトロ銀座線【渋谷駅】徒歩４分 東急東横線、東京メトロ副都心線【渋谷駅】徒歩５分 渋谷駅から183m","https://tblg.k-img.com/restaurant/images/Rvw/51715/640x640_rect_51715204.jpg","初台SC"
"かのや 新宿西口店","3.49","807","17036","そば/うどん/カレーうどん","新宿駅","～\999","～\999","https://tabelog.com/tokyo/A1304/A130401/13004188/","東京都新宿区西新宿1-16-11","1600023","35.68936023868898","139.69771912451472","03-5320-1858","月・火・水・木・金 07:00 - 23:00 土・祝日 09:00 - 23:00 日","","26席","無","全席禁煙","予約不可","","無","各線新宿駅 西口徒歩２分 新宿駅から238m","https://tblg.k-img.com/restaurant/images/Rvw/342115/640x640_rect_41ef126ea30d7263f97453d96dfd768b.jpg","初台SC"
"紫金飯店 原宿店","3.49","806","50284","中華料理","北参道駅","\1,000～\1,999","\1,000～\1,999","https://tabelog.com/tokyo/A1306/A130601/13060157/","東京都渋谷区神宮前2-35-9 １Ｆ","1500001","35.67459210870145","139.7074234743587","03-3404-7785","月・火・水・木・金 11:00 - 15:10 17:30 - 21:30 土 11:00 - 15:15 17:30 - 19:30 日・祝日","","22席 （カウンター7席、テーブル15席）","無","全席禁煙","","","無 店舗向かい明治通り沿いに路上Pあり","JR山手線原宿駅徒歩10分 東京メトロ副都心線北参道駅徒歩5分 北参道駅から450m","https://tblg.k-img.com/restaurant/images/Rvw/181239/640x640_rect_21fb5413f8ec6211b2dc770044dcf596.jpg","初台SC"
"天吉屋 新宿店","3.49","798","49080","天ぷら/天丼/揚げ物","西新宿駅","\1,000～\1,999","\1,000～\1,999","https://tabelog.com/tokyo/A1304/A130401/13146906/","東京都新宿区西新宿1-26-2 新宿野村ビル B2F","1600023","35.69297118868595","139.69542654455276","03-6302-0779","月・火・水・木・金・土 11:00 - 14:30 L.O. 14:00 17:30 - 21:00 L.O. 20:30 日","","32席 （カウンター10席、テーブル22席）","無","全席禁煙","予約可","","有 野村ビルにあり","JR新宿駅西口から徒歩約6分、東京メトロ丸ノ内線 西新宿駅から徒歩約4分 西新宿駅から269m","https://tblg.k-img.com/restaurant/images/Rvw/145355/640x640_rect_145355788.jpg","初台SC"
"DRAエイトマン","3.49","796","37325","イタリアン","渋谷駅","\3,000～\3,999","\1,000～\1,999","https://tabelog.com/tokyo/A1303/A130301/13247815/","東京都渋谷区神宮前6-20-10 MIYASHITA PARK North 3F","1500001","35.662834668707134","139.7018395942439","03-6712-5388","11:00 - 23:00 営業予定 3/12日（水） ディナー貸切営業のため 17時close ご利用予定でしたお客様にはご迷惑おかけいたします。 何卒、ご理解のほどよろしくお願い申し上げます。","","70席","無","全席禁煙 施設内喫煙所あり","予約可","","有 施設の状況による","渋谷駅より徒歩2分 MIYASHITA PARK North 3階にあります！ 渋谷駅から425m","https://tblg.k-img.com/restaurant/images/Rvw/134255/640x640_rect_134255940.jpg","初台SC"
"カブト","3.49","796","40263","うなぎ","新宿西口駅","\3,000～\3,999","\3,000～\3,999","https://tabelog.com/tokyo/A1304/A130401/13006700/","東京都新宿区西新宿1-2-11 思い出横丁","1600023","35.693123908687156","139.69952931455146","03-3342-7671","月・火・水・木・金 13:00 - 20:00 土 12:00 - 20:00 日","","15席","無","分煙 表カブト 喫煙可能裏カブト 禁煙 2020年4月1日より受動喫煙対策に関する法律(改正健康増進法）が施行されており、最新の情報と異なる場合がございますので、ご来店前に店舗にご確認ください。","予約不可","","無","新宿駅より徒歩2分・西武新宿駅より徒歩5分。 新宿思い出横丁内 新宿西口駅から63m","https://tblg.k-img.com/restaurant/images/Rvw/77244/640x640_rect_77244336.jpg","初台SC"
"バンコク屋台 カオサン","3.49","793","23347","タイ料理/カレー/弁当","新宿駅","\1,000～\1,999","\1,000～\1,999","https://tabelog.com/tokyo/A1304/A130401/13091892/","東京都新宿区西新宿1-1-5 ルミネ新宿LUMINE1 B2F","1600023","35.68915403788423","139.6992831833498","03-5909-7450","月・火・水・木・金・土・日・祝日 11:00 - 22:00 L.O. 21:40","","35席 （カウンター23席、テーブル席6名×2）","無","全席禁煙","予約不可","","有 利用金額に応じた割引有り","JR各線【新宿駅】徒歩0分 ルミネ新宿LUMINE1 B2F 新宿駅から150m","https://tblg.k-img.com/restaurant/images/Rvw/366716/640x640_rect_be40116a296fce2a54fa38393c1ff2c7.jpg","初台SC"
"新宿オイスターバー ワーフ","3.49","789","25361","オイスターバー/ダイニングバー","新宿駅","\4,000～\4,999","\1,000～\1,999","https://tabelog.com/tokyo/A1304/A130401/13193551/","東京都渋谷区千駄ヶ谷5-24-55 NEWoMan SHINJUKU 2F","1510051","35.68843483788503","139.70039238334172","03-3351-7788","11:00 - 23:00","なし","54席 （カウンター12席、テーブル38席）","無","全席禁煙 施設の喫煙所すぐ近くにあります。","予約可","","有 ニュウマン駐車場をご利用下さい","JR新宿駅新南口から直結(徒歩1分以内) バスタ新宿の真下 新宿駅から216m","https://tblg.k-img.com/restaurant/images/Rvw/304258/640x640_rect_a5d2b839e36fdc78d54dc2058b7d9515.jpg","初台SC"
"cafe STUDIO","3.49","788","32523","カフェ/ダイニングバー/ハンバーガー","明治神宮前駅","\2,000～\2,999","\1,000～\1,999","https://tabelog.com/tokyo/A1306/A130601/13045879/","東京都渋谷区神宮前4-31-10 ＹＭスクエア原宿１階","1500001","35.66908143789922","139.70634688314206","03-3478-0182","月・火・水・木・金・土・日・祝日・祝前日・祝後日 11:30 - 21:00 L.O. 20:00","","80席","有 （8人可） 6名様以上からご予約が可能です。ご予約の際は先着順となるため、必ずお電話にて空き状況の確認とご予約をお願いいたします。","分煙 テラス席で喫煙可能 2020年4月1日より受動喫煙対策に関する法律(改正健康増進法）が施行されており、最新の情報と異なる場合がございますので、ご来店前に店舗にご確認ください。","予約可","","無 近隣にパーキング有り（割引あり）","◇ＪＲ「原宿駅」竹下口から竹下通りを抜けて徒歩7分 ◇千代田線「明治神宮前駅」６番（ｴﾚﾍﾞｰﾀｰ）出口から徒歩１分 ◆「原宿ikea」から徒歩５分 ◆「原宿ユニクロ」から徒歩５分 ◆「竹下通り」から徒歩２分 ◆「表参道ヒルズ」から徒歩３分 明治神宮前駅から122m","https://tblg.k-img.com/restaurant/images/Rvw/186724/640x640_rect_2e7c17a2563c06209b9d0078d0669f44.jpg","初台SC"
"IVO ホームズパスタ トラットリア 渋谷Part2","3.49","786","35640","パスタ/イタリアン/カフェ","渋谷駅","\5,000～\5,999","\1,000～\1,999","https://tabelog.com/tokyo/A1303/A130301/13273476/","東京都渋谷区道玄坂1-2-3 東急プラザ渋谷 7F","1500043","35.65766313790457","139.70032028303095","03-5422-3470","11:00 - 22:00","","70席","有 （6人可）","全席禁煙","予約可","","有 東急プラザ駐車場がご利用頂けます。","東急プラザ渋谷フクラス７F 渋谷駅徒歩1分 渋谷駅から127m 渋谷駅から179m","https://tblg.k-img.com/restaurant/images/Rvw/221899/640x640_rect_1c013c73dea7faa6a2a9a8905da79508.jpg","初台SC"
"GUDUL","3.49","786","29359","韓国料理/焼肉","新大久保駅","\2,000～\2,999","\1,000～\1,999","https://tabelog.com/tokyo/A1304/A130404/13125859/","東京都新宿区大久保1-16-13 新大久保SHKビル B1F","1690072","35.701167728683","139.70250808463058","070-5070-3665","24時間営業","","80席","無","全席禁煙 入口付近に1名用喫煙室あり","予約可","","無","JR 新大久保駅から 徒歩 約3分 JR 大久保駅から 徒歩 約8分 新大久保駅の改札を出てすぐ右に曲がり 2～3分ほど真っ直ぐ歩きますと右手側にガストがございます。 ガストの地下1Fに2号店がございます。 新大久保駅から207m","https://tblg.k-img.com/restaurant/images/Rvw/150691/640x640_rect_150691279.jpg","初台SC"
"tavern on S <es>","3.49","783","31099","アメリカ料理/ハンバーガー/バー","新宿駅","\5,000～\5,999","\2,000～\2,999","https://tabelog.com/tokyo/A1304/A130401/13193552/","東京都渋谷区千駄ヶ谷5-24-55 NEWoMan SHINJUKU 2F","1510051","35.68855563788498","139.7004297833429","03-6632-9595","11:00 - 23:00 店内設備点検のため、6月4日（木）まで休業いたします。 6月5日（金）より営業を再開いたします。","","110席","有 （8人可） 8?12席 個室ご指定の際はミニマムチャージ（最低保証料金）を頂いております。 ・11:00～16:45のご予約：27,500円 ・17:00以降のご予約：55,000円","全席禁煙 施設内に喫煙所あり","予約可","","無 Newomanの駐車場あり","JR新宿駅新南口からすぐ 新宿駅から203m","https://tblg.k-img.com/restaurant/images/Rvw/338040/640x640_rect_dd0fb1d571e2fb4acd50eb4475f2bb68.jpg","初台SC"
"ミシクタン","3.49","765","70140","韓国料理/居酒屋/焼肉","新大久保駅","\3,000～\3,999","\2,000～\2,999","https://tabelog.com/tokyo/A1304/A130404/13288845/","東京都新宿区大久保1-15-18 みゆきビル 1F","1690072","35.70099588691078","139.70370193907712","03-6278-9779","月・火・水・木・金 11:00 - 23:00 土・日 10:00 - 23:00","なし","68席 （テーブル68席）","無","全席禁煙","予約可","","無","「新大久保駅」より徒歩8分 新大久保駅から313m","https://tblg.k-img.com/restaurant/images/Rvw/233160/640x640_rect_40b8398f75665ef5aa83d8d18dd2fe59.jpg","初台SC"
"La Coquina cerveceria 渋谷スクランブルスクエア","3.49","756","28152","スペイン料理/ワインバー/ダイニングバー","渋谷駅","\5,000～\5,999","\1,000～\1,999","https://tabelog.com/tokyo/A1303/A130301/13239515/","東京都渋谷区渋谷2-24-12 渋谷スクランブルスクエア ショップ＆レストラン 13F","1500002","35.65832753790475","139.70224118303634","03-6625-5555","11:00 - 23:00","","84席","有 （2人可、4人可、6人可） ※個室希望のご予約はお電話にてお問い合わせ、もしくは、公式予約サイト「The Huge club」よりご予約をお願いいたします。","全席禁煙 渋谷スクランブルスクエア共有の喫煙室をご利用ください。","予約可","","無 渋谷スクランブルスクエアには専用の駐車場がございません。提携先駐車場(渋谷ヒカリエ、渋谷ストリーム、渋谷フクラス)をご利用ください。","渋谷駅直結 渋谷駅から110m","https://tblg.k-img.com/restaurant/images/Rvw/307918/640x640_rect_ca04860885e7776401053242c21f2085.jpg","初台SC"
"サンサール 新宿店","3.49","748","26627","ネパール料理/インド料理/インドカレー","東新宿駅","\1,000～\1,999","～\999","https://tabelog.com/tokyo/A1304/A130401/13006805/","東京都新宿区新宿6-13-8","1600022","35.694989038688846","139.70855075456396","03-3354-8553","11:00 - 14:30 17:00 - 22:30","無休","30席 （4人掛けテーブル×6、2人掛けテーブル×1、カウンター4席）","無","全席禁煙","予約可","アジア・エスニック 百名店 2024 / カレー 百名店 2020","無 コインパークは周辺に多数あり","東京メトロ「東新宿」駅Ａ３出口から徒歩３分 東京メトロ「新宿三丁目」駅Ｅ１出口から徒歩３分 東京メトロ「新宿三丁目」駅Ｂ３出口から徒歩８分 ＪＲ「新宿」駅東口から徒歩１２分 東新宿駅から340m","https://tblg.k-img.com/restaurant/images/Rvw/170835/320x320_rect_c05ba33cb27f979959d789f53a3ca3ed.jpg","初台SC"
"かのや 新宿東南口店","3.49","746","11463","立ち食いそば/うどん/そば","新宿駅","～\999","～\999","https://tabelog.com/tokyo/A1304/A130401/13006254/","東京都新宿区新宿3-36-2 新宿キリンビル　１Ｆ","1600022","35.689932798689995","139.70206677451745","03-3226-8633","07:30 - 23:00 営業時間・","","20席 （カウンター席のみ）","無","全席禁煙","予約不可","","無","ＪＲ新宿駅 東南口 徒歩１分 西武新宿線 西武新宿駅 徒歩8分 新宿駅から190m","https://tblg.k-img.com/restaurant/images/Rvw/249348/640x640_rect_df2ac1e2519f25b05507ecf3fe05fe10.jpg","初台SC"
"花のある棲家","3.49","743","46210","カフェ/バー/ダイニングバー","新宿三丁目駅","\4,000～\4,999","\1,000～\1,999","https://tabelog.com/tokyo/A1304/A130401/13257634/","東京都新宿区新宿3-6-7 第6三和ビル 4F","1600022","35.691550337884806","139.70589618336933","03-5315-0396","月・火・水・木・金・土・日・祝日・祝前日・祝後日 11:00 - 01:00 L.O. 料理00:00 ドリンク00:30","無休","120席 （カウンター、テーブル、ソファ、完全個室があります。）","有 （2人可、4人可、6人可、8人可、10～20人可、20～30人可） 20名様以上は要相談。 個室、大型プロジェクター、Wi-Fi、ゲーム、ダーツ、ご用意があります。 個室利用料金 \5,000-／1時間（自動更新）","分煙（加熱式たばこ限定） 喫煙所のご用意があります。 2020年4月1日より受動喫煙対策に関する法律(改正健康増進法）が施行されており、最新の情報と異なる場合がございますので、ご来店前に店舗にご確認ください。","予約可","","有 近隣にコインパーキング多数あり","新宿駅 600ｍ 徒歩５分 新宿三丁目駅 50ｍ 徒歩１分 新宿三丁目駅から118m","https://tblg.k-img.com/restaurant/images/Rvw/171975/640x640_rect_4b019190127de971ec9a05ad207de2c1.jpg","初台SC"
"げんかい食堂","3.49","741","48854","鳥料理/親子丼/水炊き","新宿御苑前駅","\6,000～\7,999","\2,000～\2,999","https://tabelog.com/tokyo/A1304/A130402/13034023/","東京都新宿区新宿5-5-1","1600022","35.691885078691314","139.71009420453152","03-3356-0036","月 17:00 - 21:00 L.O. 料理20:00 ドリンク20:30 火・水・木・金・祝前日・祝後日 11:00 - 15:00 L.O. 料理14:30 17:00 - 21:00 L.O.","月曜日","44席 （テーブル44席）","無","全席禁煙","予約可","","有 4台。その他近隣にコインパーキング有り","東京メトロ丸の内線 「新宿御苑前駅」1番または3番出口より徒歩4分 都営新宿線、東京メトロ丸の内線、東京メトロ副都心線 「新宿三丁目駅」C7出口より徒歩7分 JR新宿駅東口より徒歩15分～ ※店舗は靖国通りに面しております。 新宿御苑前駅から367m","https://tblg.k-img.com/restaurant/images/Rvw/316909/640x640_rect_09b5ffebff02f16d0797d8d864288cb8.jpg","初台SC"
"ハンバーグ嘉","3.49","739","47003","ハンバーグ/食堂/ステーキ","明治神宮前駅","\1,000～\1,999","\1,000～\1,999","https://tabelog.com/tokyo/A1306/A130601/13264452/","東京都渋谷区神宮前6-12-6 J-cube B棟 1F","1500001","35.666225137900476","139.70454998311445","03-6805-1949","","無休","25席","無","全席禁煙","予約不可","","無 近隣にコインパーキングあり","明治神宮前駅 徒歩4分 渋谷、原宿、表参道駅 各 徒歩10分 明治神宮前駅から268m","https://tblg.k-img.com/restaurant/images/Rvw/198575/640x640_rect_b2e7d661f2bbfb0daf4139d842dc5eae.jpg","初台SC"
"とんかつ ジーエス","3.49","738","18971","とんかつ/カレー","新宿三丁目駅","\1,000～\1,999","\1,000～\1,999","https://tabelog.com/tokyo/A1304/A130401/13257510/","東京都新宿区新宿3-2-2 紺野ビル B1F","1600022","35.69037440869107","139.70631455451894","03-6273-2292","月・火・水・木・金 11:00 - 15:30 L.O. 15:00 17:00 - 22:00 L.O. 21:30 土・日・祝日 11:00 - 22:00 L.O. 21:30 営業時間・","","26席 （カウンター6席、テーブル20席）","無","全席禁煙","予約可","","無","新宿三丁目駅C4出口 徒歩1分 新宿三丁目駅から139m","https://tblg.k-img.com/restaurant/images/Rvw/264955/640x640_rect_80b0ab346e43857b98f57dde08a262c3.jpg","初台SC"
"ゴールデンブラウン 表参道","3.49","734","33524","ハンバーガー","明治神宮前駅","\2,000～\2,999","\2,000～\2,999","https://tabelog.com/tokyo/A1306/A130602/13100291/","東京都渋谷区神宮前4-12-1 表参道ヒルズ 3F","1500001","35.667416628706455","139.70884544428526","03-6438-9297","11:00 - 20:00","不定休","28席","無","全席喫煙可 2020年4月1日より受動喫煙対策に関する法律(改正健康増進法）が施行されており、最新の情報と異なる場合がございますので、ご来店前に店舗にご確認ください。","予約不可","ハンバーガー 百名店 2021","有","明治神宮前駅から361m","https://tblg.k-img.com/restaurant/images/Rvw/218955/640x640_rect_45bf9b55860278924a68e1f67ab39364.jpg","初台SC"
"フォーティントーキョー 新宿店","3.49","729","33351","ベトナム料理/アジア・エスニック","新宿西口駅","\1,000～\1,999","\1,000～\1,999","https://tabelog.com/tokyo/A1304/A130401/13257231/","東京都新宿区西新宿7-9-13 石川ビル 1F","1600023","35.69496912868564","139.69843491457084","03-6279-2454","月・火・水・木・金・土・日・祝日・祝前日・祝後日 11:00 - 21:00","","20席","無","全席禁煙","予約不可","","無","新宿駅 西口 徒歩5分 西武新宿駅 徒歩3分 新宿西口駅 徒歩1分 ※新宿西口駅から165m 新宿駅西口を出て大久保方面へ。小滝橋通りにある路面店で、「ココカラファイン」の向かいのビルの1階です 新宿西口駅から166m","https://tblg.k-img.com/restaurant/images/Rvw/150567/640x640_rect_150567548.jpg","初台SC"
"炭火焼肉･ホルモン焼幸永 本店","3.49","708","48089","ホルモン/焼肉/韓国料理","東新宿駅","\8,000～\9,999","\4,000～\4,999","https://tabelog.com/tokyo/A1304/A130401/13000078/","東京都新宿区歌舞伎町2-4-11 ノア新宿マンション 1F","1600021","35.69789473788101","139.7065809834329","03-3205-4364","月・火・水・木・金・土・日・祝日・祝前日・祝後日 11:30 - 07:00 L.O. 06:00 お電話でのご予約もお待ちしております！","無休","58席 （テーブル30席 掘りごたつ28席）","無","全席禁煙","予約可","","無","西武新宿駅北口から職安通り沿いを明治通方面へ。区役所通りを越え、東新宿駅A1出口より手前の右手。 東新宿駅から80m","https://tblg.k-img.com/restaurant/images/Rvw/366817/640x640_rect_e8d9a4273ccd390d5c49fd5996cf695c.jpg","初台SC"
"味噌らーめん 十味や 新宿","3.49","707","13432","ラーメン/つけ麺/中華料理","新宿駅","～\999","～\999","https://tabelog.com/tokyo/A1304/A130401/13011949/","東京都新宿区西新宿1-19-2 セイコービル　１Ｆ","1600023","35.688372137884244","139.69771618334298","03-3343-6823","10:30 - 22:00","無休","15席 （カウンターのみ（混雑時は席の指定をさせていただきますので予めご了承ください。））","無","全席禁煙","予約不可","","有 近くにコインパーキングあります","新宿駅南口徒歩3分(甲州街道沿い新宿ヤマダ電気の向かい、新宿アラジンの横) 新宿駅から305m","https://tblg.k-img.com/restaurant/images/Rvw/208167/640x640_rect_d2922c62f13ad25fd2973c3c038902a7.jpg","初台SC"
"上海小吃","3.49","706","45096","中華料理/四川料理","西武新宿駅","\5,000～\5,999","-","https://tabelog.com/tokyo/A1304/A130401/13000235/","東京都新宿区歌舞伎町1-3-10","1600021","35.69488951868738","139.70373554456634","03-3232-5909","月・火・水・木・金・土 18:00 - 05:00 日・祝日 18:00 - 02:00","無休","80席 （※非常設席など含まず少なめに書いています。場合によっては別室を借りる等でそれ以上も対応可能です。）","有 （10～20人可、20～30人可） 別館の奥、２F奥など区切られたスペースを指しています。いわゆる団体向けの「半個室」が中心です。 ※スペースに余裕ある座席をご案内いたします。 ※団体個室は別館まるごとの利用を指しています。","全席喫煙可 喫煙可否についてはご来店時にご確認ください 2020年4月1日より受動喫煙対策に関する法律(改正健康増進法）が施行されており、最新の情報と異なる場合がございますので、ご来店前に店舗にご確認ください。","予約可","","無 歌舞伎町に多数あります民間駐車場をご利用ください。","新宿駅、西武新宿駅、東新宿駅、新宿西口駅 各徒歩5～10分（新宿駅 東口のご利用をおすすめします） 車の場合は、歌舞伎町内に有料駐車場多数あり 西武新宿駅から358m","https://tblg.k-img.com/restaurant/images/Rvw/137005/640x640_rect_137005911.jpg","初台SC"
"チャオチャオバンブー","3.49","704","40231","居酒屋/タイ料理/ビアバー","明治神宮前駅","\2,000～\2,999","～\999","https://tabelog.com/tokyo/A1306/A130601/13091218/","東京都渋谷区神宮前6-7-12 1F","1500001","35.66713772870568","139.70587863428452","03-5466-4887","11:00 - 22:00","なし","60席","無","全席喫煙可 2020年4月1日より受動喫煙対策に関する法律(改正健康増進法）が施行されており、最新の情報と異なる場合がございますので、ご来店前に店舗にご確認ください。","予約不可","","有 近くにコインパーキング有り","ＪＲ原宿駅 表参道口 徒歩8分 地下鉄明治神宮前駅 4番出口 徒歩3分 地下鉄表参道駅 徒歩6分 明治神宮前駅から175m","https://tblg.k-img.com/restaurant/images/Rvw/26720/320x320_square_26720548.jpg","初台SC"
"ヴィレッジ ヴァンガード ダイナー 下北沢","3.49","702","26009","ハンバーガー/パンケーキ/ダイニングバー","下北沢駅","\1,000～\1,999","～\999","https://tabelog.com/tokyo/A1318/A131802/13022465/","東京都世田谷区代田6-3-1 リバブル下北沢　Ｂ１Ｆ","1550033","35.6625098941746","139.6656435384564","03-3481-5620","11:00 - 22:00 L.O. 21:00","なし","32席","無","全席禁煙","予約可","ハンバーガー 百名店 2021","無","京王井の頭線、小田急本線「下北沢駅」西口１から徒歩１分 **年末年始営業時間** 2025/12/31；11：00～18：00（L.o17:00） 2026/1/1；店休日 2026/1/2～；通常営業 下北沢駅から179m","https://tblg.k-img.com/restaurant/images/Rvw/108309/640x640_rect_108309275.jpg","初台SC"
"串天ぷら 段々屋","3.49","700","39807","串揚げ/天ぷら/居酒屋","新宿駅","\6,000～\7,999","\1,000～\1,999","https://tabelog.com/tokyo/A1304/A130401/13049591/","東京都新宿区西新宿1-14-2 小島ビルB1F～４F","1600023","35.68902263788359","139.69702808335","03-6423-8889","月・火・水・木・金 11:30 - 14:30 L.O. 14:30 17:30 - 22:00 L.O. 21:30 土・祝日 11:30 - 14:30 L.O. 14:30 17:00 - 22","日曜","74席 （74席（テーブル59席、カウンター15席））","有 （2人可、4人可、6人可、8人可、10～20人可、20～30人可） B1F～４Fまで階段でのご案内となります。 御足の悪い方はご予約の際ご注意ください。","全席禁煙 ※法令により2020年4月1日より全面禁煙","予約可","","無","JR新宿駅・西口または南口より徒歩5分 新宿駅から310m","https://tblg.k-img.com/restaurant/images/Rvw/173474/640x640_rect_ccf7c7118e22a21b05a9d4fb9f826f5e.jpg","初台SC"
"ル・ブラン 新宿店","3.49","693","41826","イタリアン/カフェ/ケーキ","新宿三丁目駅","\3,000～\3,999","\1,000～\1,999","https://tabelog.com/tokyo/A1304/A130401/13033006/","東京都新宿区新宿3-30-11","1600022","35.69120883788429","139.7035661833675","03-3356-4574","11:30 - 21:30 L.O. 料理20:30 ドリンク20:55","","40席 （1F、２F席あります。月曜～木曜日のディナータイムは１F席のみの営業となります。）","無","全席禁煙","予約可","","無","東京メトロ丸ノ内線・副都心線新宿三丁目駅 Ａ5出口 徒歩1分 ＪＲ新宿駅 徒歩3分 都営地下鉄新宿線新宿三丁目駅 徒歩5分 新宿三丁目駅から127m","https://tblg.k-img.com/restaurant/images/Rvw/101072/640x640_rect_101072143.jpg","初台SC"
"ホンスチュクミ 新宿本店","3.49","690","50868","韓国料理/居酒屋","新大久保駅","\3,000～\3,999","\2,000～\2,999","https://tabelog.com/tokyo/A1304/A130404/13245885/","東京都新宿区百人町1-5-24 1F","1690073","35.69869893787879","139.70120218344482","03-6278-9365","11:00 - 23:00","","32席 （テーブル11卓分）","無","全席禁煙","予約可","","無","西武新宿線 西武新宿駅 北口 徒歩3分 JR山手線 新大久保駅 徒歩6分 都営大江戸線 東新宿駅 A1 出口 徒歩8分 新大久保駅から254m","https://tblg.k-img.com/restaurant/images/Rvw/151308/640x640_rect_151308356.jpg","初台SC"
"越後屋 三太夫","3.49","688","40182","居酒屋/海鮮/肉料理","渋谷駅","\3,000～\3,999","～\999","https://tabelog.com/tokyo/A1303/A130301/13139798/","東京都渋谷区道玄坂2-6-15 ユニ道玄坂ビル B1F","1500043","35.659067137903094","139.69848338304638","03-6416-5552","月・火・水・木・金・土・日・祝日・祝前日・祝後日 11:00 - 23:00 L.O. 22:30","","80席","無","全席禁煙","予約可","","無 近隣にコインパーキング有。","JR渋谷駅 ハチ公口より道玄坂方面へ徒歩2分 渋谷駅から263m","https://tblg.k-img.com/restaurant/images/Rvw/198706/640x640_rect_41b7e1f1a60efaed62ff278cd22275e7.jpg","初台SC"
"食堂 長野屋","3.49","686","23310","食堂/かつ丼/カレー","新宿駅","\1,000～\1,999","～\999","https://tabelog.com/tokyo/A1304/A130401/13089386/","東京都新宿区新宿3-35-7","1600022","35.68970029869018","139.702189034515","03-3352-3927","月・火・木・金・土・日 11:30 - 21:30 水","","31席 （テーブル席のみ）","無","全席禁煙 喫煙室は有りません。","予約不可","","無","新宿駅東南口出て徒歩1分 新宿駅から208m","https://tblg.k-img.com/restaurant/images/Rvw/366934/640x640_rect_1b6b82de7ebe96b3c70fd84eb7c21172.jpg","初台SC"
"宮崎風土 くわんね","3.49","684","31045","レストラン/郷土料理/鳥料理","新宿駅","\3,000～\3,999","\1,000～\1,999","https://tabelog.com/tokyo/A1304/A130401/13219087/","東京都渋谷区代々木2-2-1 新宿みやざき館KONNE 2F","1510053","35.688321537885","139.70005618334082","050-1725-6671","11:00 - 15:00 L.O. 14:30 17:00 - 23:00 L.O. 22:00","","36席 （カウンター10席、テーブル26席）","無","全席禁煙","予約可","","無","①JR東日本 新宿駅 南口/新南口 徒歩1分 ②都営新宿線 新宿駅 京王新線口 南口 徒歩3分 ③京王新線 新宿駅 南口 徒歩3分 ④小田急線新宿駅 南口改札口 南口 徒歩2分 新宿駅から226m","https://tblg.k-img.com/restaurant/images/Rvw/133611/640x640_rect_133611728.jpg","初台SC"
"スパゲティーnokishita","3.49","681","36465","パスタ","新宿三丁目駅","\1,000～\1,999","\1,000～\1,999","https://tabelog.com/tokyo/A1304/A130401/13012182/","東京都新宿区新宿3-7-7 十字屋ビル　１Ｆ","1600022","35.6910028586907","139.7064182345252","03-3358-3888","月・火・水・木・金 11:30 - 14:00 17:00 - 19:50 L.O. 料理19:50 土・日","","15席 （カウンター 5席/2人席(テーブル)×3/4人席(テーブル)×1）","無","全席禁煙","予約不可","","無","都営地下鉄新宿線 「新宿三丁目駅」1分 東京メトロ副都心線／丸の内線／「新宿三丁目駅」4分 新宿三丁目駅から138m","https://tblg.k-img.com/restaurant/images/Rvw/83372/640x640_rect_83372668.jpg","初台SC"
"タムジャイサムゴー 新宿中央通り店","3.49","674","20906","ラーメン/中華料理/アジア・エスニック","新宿三丁目駅","\1,000～\1,999","～\999","https://tabelog.com/tokyo/A1304/A130401/13267320/","東京都新宿区新宿3-28-16 新宿コルネ坂詰ビル 1F・2F","1600022","35.69085981868978","139.703238694526","03-3341-2772","11:00 - 22:00 L.O. 21:30","なし","62席 （カウンター16席、テーブル46席）","無","全席禁煙","予約不可","","無","東京メトロ丸ノ内線【新宿三丁目駅】徒歩１分 東京メトロ副都心線【新宿三丁目駅】徒歩３分 都営地下鉄新宿線【新宿三丁目駅】徒歩４分 ＪＲ中央線ほか【新宿駅】東口 徒歩４分 新宿三丁目駅から150m","https://tblg.k-img.com/restaurant/images/Rvw/257928/320x320_rect_d98a63742f27af49066c90403cb79f70.jpg","初台SC"
"沖縄料理やんばる 新宿総本店","3.49","665","14260","沖縄料理/沖縄そば/居酒屋","新宿西口駅","\3,000～\3,999","～\999","https://tabelog.com/tokyo/A1304/A130401/13290646/","東京都新宿区新宿3-22-4 モア新宿サンパーク 1F～3F","1600022","35.69307712868778","139.70141630454967","03-3353-2028","11:00 - 23:30 L.O. 料理22:30 ドリンク23:00","年中無休","133席 （1階：23席（カウンター席）2・3階：110席（テーブル席））","無","全席禁煙 ※喫煙室のご用意はございません。","予約可","","無 ※近くのコインパーキングをお使いください。","JR新宿駅から徒歩3分 新宿西口駅から215m","https://tblg.k-img.com/restaurant/images/Rvw/128555/640x640_rect_128555016.jpg","初台SC"
"セマウル食堂 新大久保店","3.49","665","39212","韓国料理/焼肉","西武新宿駅","\3,000～\3,999","\2,000～\2,999","https://tabelog.com/tokyo/A1304/A130401/13164920/","東京都新宿区百人町1-1-4 T.Kビル 1F","1690073","35.69830583868448","139.7013687846029","03-6205-6226","月・火・水・木・日・祝日 11:00 - 23:30 L.O. 23:00 金・土・祝前日 11:00 - 02:00 L.O. 01:30","","96席","無","全席禁煙","予約可","","無","山手線 新大久保駅より徒歩6分 中央本線 大久保駅より徒歩8分 都営大江戸線 東新宿駅より徒歩5分 副都心線 東新宿駅より徒歩5分 西武新宿線 西武新宿駅より徒歩5分 西武新宿駅から265m","https://tblg.k-img.com/restaurant/images/Rvw/289000/640x640_rect_8f7c98614391e9b41063150f742551bd.jpg","初台SC"
"天府舫","3.49","661","46977","四川料理/中華料理/担々麺","西武新宿駅","\3,000～\3,999","～\999","https://tabelog.com/tokyo/A1304/A130401/13129407/","東京都新宿区西新宿7-4-9 盛和ビル 1F","1600023","35.69625173787951","139.69859478342192","03-3368-5568","月・火・水・木・金・土・祝日 11:30 - 15:00 L.O. 14:30 17:00 - 23:30 L.O. 料理22:00 ドリンク23:00 日","","32席","無","全席禁煙","予約可","","無","交通： 新宿(JR・小田急・京王・東京メトロ)駅 西口 徒歩8分 都営大江戸線新宿西口駅 西口 徒歩5分 西武新宿線 西武新宿駅 北口 徒歩5分 JR 大久保駅 南口 徒歩5分 JR 山手線 新大久保駅 徒歩5分 西武新宿駅から136m","https://tblg.k-img.com/restaurant/images/Rvw/26226/640x640_rect_26226497.jpg","初台SC"
"パンドラ 西口店","3.49","660","31950","鉄板焼き/ステーキ","新宿駅","\8,000～\9,999","～\999","https://tabelog.com/tokyo/A1304/A130401/13011964/","東京都新宿区西新宿1-13-3 西新ビル　２Ｆ","1600023","35.689580637883225","139.69690988335574","03-3344-3808","月・火・水・木・金 11:30 - 14:30 L.O. 14:00 17:30 - 23:00 L.O. 22:00 土・日・祝日 11:30 - 14:30 L.O. 14:00 17:00 - ","","58席 （カウンター：34席 テーブル：24席）","無","分煙 喫煙専用室有り 2020年4月1日より受動喫煙対策に関する法律(改正健康増進法）が施行されており、最新の情報と異なる場合がございますので、ご来店前に店舗にご確認ください。","予約可","","無 近隣にコインパーキングあり","ＪＲ 新宿駅 西口 徒歩3分 都営新宿線 新宿駅 徒歩3分 都営大江戸線 新宿駅 徒歩3分 京王線 新宿駅 徒歩3分 小田急小田原線 新宿駅 徒歩3分 新宿駅から296m","https://tblg.k-img.com/restaurant/images/Rvw/311191/640x640_rect_f2c1bbe7375e7c1526bc4587db7fbe33.jpg","初台SC"
"ロビン","3.49","651","32011","洋食/パスタ/オムライス","笹塚駅","～\999","～\999","https://tabelog.com/tokyo/A1318/A131808/13225578/","東京都渋谷区笹塚1-29-7 Fファーストビル 2F","1510073","35.673279637884","139.66689358321213","","月・火・木・金・土 10:30 - 16:00 L.O. 15:30 水・日","","25席 （カウンター席：7席 4人掛けテーブル×4：16席 2人掛けテーブル×1：2席）","無","全席禁煙","予約不可","","無","京王線・京王新線 笹塚駅 南口から徒歩1～2分 日立不動産があるビル（Ｆファーストビル）の2階 笹塚駅から70m","https://tblg.k-img.com/restaurant/images/Rvw/217784/640x640_rect_aa6236c60e0588f93145db5f93e4f751.jpg","初台SC"
"トウキョウ サロナード カフェ ダブ","3.49","635","52991","カフェ/イタリアン/バル","渋谷駅","\2,000～\2,999","～\999","https://tabelog.com/tokyo/A1303/A130301/13007273/","東京都渋谷区道玄坂1-11-4 富士商事ビル 2F","1500043","35.65758873870947","139.69871458419308","03-3463-0724","月・火・水・木・金・土・日・祝日・祝前日・祝後日 12:00 - 23:00 L.O. 22:00","","70席","無","全席禁煙","予約可","","無","渋谷駅から289m","https://tblg.k-img.com/restaurant/images/Rvw/45585/640x640_rect_45585520.jpg","初台SC"
"ネパール本格料理ナングロガル 新大久保店","3.49","633","27308","ネパール料理/カレー/ダイニングバー","大久保駅","\1,000～\1,999","～\999","https://tabelog.com/tokyo/A1304/A130404/13189866/","東京都新宿区百人町1-17-10 常陽第2ビル 3F","1690073","35.70151795441569","139.6980412740467","03-6304-0933","月・火・水・木・金・土・日・祝日・祝前日・祝後日 11:00 - 23:00 L.O. 22:45","無休","70席","有 （10～20人可、20～30人可、30人以上可）","分煙 3Fが禁煙 , 4Fが喫煙 2020年4月1日より受動喫煙対策に関する法律(改正健康増進法）が施行されており、最新の情報と異なる場合がございますので、ご来店前に店舗にご確認ください。","予約可","カレー 百名店 2019","有 近くにコインパーキングがございます","JR大久保駅から2分 JR 新大久保駅から2分 大久保駅から122m","https://tblg.k-img.com/restaurant/images/Rvw/107358/640x640_rect_107358030.jpg","初台SC"
"ファイヤーキング カフェ","3.49","630","27911","カフェ/アジア・エスニック/バー","代々木上原駅","\3,000～\3,999","\1,000～\1,999","https://tabelog.com/tokyo/A1318/A131811/13012564/","東京都渋谷区上原1-30-8","1510064","35.66858760869634","139.6794442043177","03-3469-7911","月・火・水・木・金・土・日・祝日 11:30 - 02:00","","60席","無","全席禁煙","予約可","","無 近隣にコインパーキングあり","小田急小田原線代々木上原駅南口から徒歩1分 代々木上原駅から54m","https://tblg.k-img.com/restaurant/images/Rvw/10453/320x320_rect_10453010.jpg","初台SC"
"トンテキ食堂 なかむら","3.49","627","21090","食堂/居酒屋","新宿三丁目駅","\1,000～\1,999","～\999","https://tabelog.com/tokyo/A1304/A130401/13245190/","東京都新宿区新宿3-3-9 伍名館 B1F","1600022","35.69060139869089","139.7061838145213","03-5315-4511","月・火・水・木・日・祝日 11:00 - 22:00 L.O. 21:30 金・土 11:00 - 23:00 L.O. 22:30","不定休","25席","無","全席禁煙","予約不可","","無","新宿三丁目駅徒歩1分C4出口徒歩1分 新宿三丁目駅から120m","https://tblg.k-img.com/restaurant/images/Rvw/152865/640x640_rect_152865700.jpg","初台SC"
"三是寿司","3.49","623","38255","寿司/海鮮","南新宿駅","\3,000～\3,999","\1,000～\1,999","https://tabelog.com/tokyo/A1318/A131810/13030301/","東京都渋谷区代々木2-14-1 新宿松本ビル ２Ｆ","1510053","35.686913137884815","139.69666918332896","03-3375-5008","月・火・水・木・金・土・日・祝日・祝前日・祝後日 11:30 - 15:00 L.O. 14:30 15:00 - 22:30 L.O. 22:00 ディナータイムのみ予約可能","","56席","有","全席禁煙 店外に喫煙スペース有","予約可","","無","都営地下鉄新宿線、京王新線【新宿駅】徒歩２分 都営地下鉄大江戸線【新宿駅】徒歩４分 ＪＲ各線【新宿駅】南口／新南口 徒歩６分 南新宿駅から417m","https://tblg.k-img.com/restaurant/images/Rvw/366014/640x640_rect_da25541d7f37472a0f61e141f8beb399.jpg","初台SC"
"世界一のカキフライと肴 わぶ","3.49","620","27703","居酒屋/海鮮","南新宿駅","\5,000～\5,999","\1,000～\1,999","https://tabelog.com/tokyo/A1304/A130401/13042801/","東京都渋谷区代々木2-19-12 唐沢第２ビル １Ｆ","1510053","35.68680613788495","139.69684558332776","03-3379-2486","月・火・木 11:30 - 13:45 18:00 - 22:30 L.O. 21:30 水 18:00 - 22:30 L.O. 21:30 金 11:30 - 13:45 17:00 - 23:3","","32席 （カウンター8席、テーブル16席、お座敷8席）","無","分煙 昼は禁煙 2020年4月1日より受動喫煙対策に関する法律(改正健康増進法）が施行されており、最新の情報と異なる場合がございますので、ご来店前に店舗にご確認ください。","予約可","","無","都営地下鉄新宿線、京王新線【新宿駅】徒歩２分 都営地下鉄大江戸線【新宿駅】徒歩５分 ＪＲ各線【新宿駅】南口／新南口 徒歩７分 南新宿駅から399m","https://tblg.k-img.com/restaurant/images/Rvw/166482/640x640_rect_37930c6c6a9fef480a9865c567885eb4.jpg","初台SC"
"ビストロカフェ レディース&ジェントルメン","3.49","617","42418","ビストロ/ハンバーグ/カフェ","新宿三丁目駅","\2,000～\2,999","\2,000～\2,999","https://tabelog.com/tokyo/A1304/A130401/13150191/","東京都新宿区新宿3-14-1 伊勢丹新宿店 本館 3F","1600022","35.69163662616513","139.70461562744663","03-5357-7933","10:00 - 20:00 L.O. 19:30","不定休","50席","無","全席禁煙 伊勢丹内に喫煙スペースあり","予約不可","","有 伊勢丹施設パーキング","東京メトロ丸ノ内線 新宿3丁目駅b4出口 徒歩1分 JR新宿駅東口 徒歩5分 新宿三丁目駅から90m","https://tblg.k-img.com/restaurant/images/Rvw/72170/640x640_rect_72170933.jpg","初台SC"
"上海小籠包厨房 阿杏 本店","3.49","615","46917","飲茶・点心/居酒屋/中華料理","新宿三丁目駅","\3,000～\3,999","～\999","https://tabelog.com/tokyo/A1304/A130401/13103626/","東京都新宿区新宿3-28-2 ルナージュビル5F","1600022","35.69078563788438","139.70299788336365","03-3355-5705","月・火・水・木・金・祝前日・祝後日 12:00 - 15:00 L.O. 14:30 17:00 - 23:00 L.O. 22:15 土・日・祝日 12:00 - 16:00 L.O. 15:15 ","","32席 （テーブル席のみ）","無","全席禁煙","予約可","","無","新宿駅中央東口より徒歩３分 新宿三丁目駅から172m","https://tblg.k-img.com/restaurant/images/Rvw/3996/640x640_rect_3996660.jpg","初台SC"
"ラーメンロックマウンテン","3.49","599","15955","ラーメン/つけ麺/餃子","表参道駅","\1,000～\1,999","\1,000～\1,999","https://tabelog.com/tokyo/A1306/A130602/13292884/","東京都港区北青山3-5-9","1070061","35.667053848708235","139.71369873427818","03-6455-5883","月・火・水・木・金・土・日・祝日・祝前日・祝後日 11:00 - 21:30 L.O. 21:30 年末年始も元気に営業中！","","19席 （カウンター11席、4名BOX席×2卓）","無","全席禁煙","予約不可","","無","表参道駅より徒歩4分 外苑前駅より徒歩8分 表参道駅から235m","https://tblg.k-img.com/restaurant/images/Rvw/235773/640x640_rect_6a92136ab7b6274e0ec97dd3f11c259d.jpg","初台SC"
"肉そば家 笑梟","3.49","598","16318","そば/ラーメン","西新宿五丁目駅","\1,000～\1,999","\1,000～\1,999","https://tabelog.com/tokyo/A1304/A130401/13115476/","東京都新宿区西新宿4-14-2","1600023","35.69044752868501","139.6874456945329","03-3374-2938","月・火・水・木 11:00 - 14:30 17:00 - 21:30 金・日 11:00 - 14:30 土 11:00 - 14:30 17:00 - 21:00 営業時間・","","24席 （カウンター6席、4人掛けテーブル席×3、6人掛けテーブル席×1。）","無","全席禁煙","予約不可","","無 店舗前にパーキングメーター有(19時以降無料）","都営大江戸線西新宿五丁目駅徒歩3分。 西新宿五丁目駅から281m","https://tblg.k-img.com/restaurant/images/Rvw/111971/640x640_rect_111971613.jpg","初台SC"
"熊だ","3.49","595","40307","海鮮丼/海鮮/居酒屋","明治神宮前駅","\2,000～\2,999","\1,000～\1,999","https://tabelog.com/tokyo/A1306/A130601/13217565/","東京都渋谷区神宮前3-20-10 すきがらビル B1F","1500001","35.66983713789927","139.70799958314853","03-6804-6338","月・火・水・木・金・土・日・祝日・祝前日・祝後日 11:30 - 21:00 L.O. 20:30","","12席","無","全席禁煙","予約不可","","無","明治神宮前駅より徒歩5分 明治神宮前駅から294m","https://tblg.k-img.com/restaurant/images/Rvw/93117/640x640_rect_93117376.jpg","初台SC"
"かぶきち","3.49","568","17804","焼きそば","西武新宿駅","\1,000～\1,999","～\999","https://tabelog.com/tokyo/A1304/A130401/13164017/","東京都新宿区歌舞伎町1-14-6 第21東京ビル 1F","1600021","35.694686255676984","139.70207958654206","03-6228-0248","月・火・水・木・金・土・日・祝日・祝前日・祝後日 10:00 - 08:00 営業時間・","","16席 （カウンター４席／テーブル４人掛け×３）","無","全席喫煙可 2020年4月1日より受動喫煙対策に関する法律(改正健康増進法）が施行されており、最新の情報と異なる場合がございますので、ご来店前に店舗にご確認ください。","予約不可","","無 近くの有料駐車場：歌舞伎町1-19-1新宿東宝ビル159台収容、ほか","西武新宿線【西武新宿駅】徒歩３分 東京メトロ丸ノ内線【新宿駅】徒歩５分 ＪＲ中央線他【新宿駅】東口 徒歩６分 都営地下鉄大江戸線【新宿西口駅】徒歩７分 元コマ劇場斜め向かい すぐ右手近くにファミリーマート、向かいカラオケ館 西武新宿駅から243m","https://tblg.k-img.com/restaurant/images/Rvw/88842/640x640_rect_88842701.jpg","初台SC"
"宝味八萬","3.49","564","37313","中華料理/居酒屋/飲茶・点心","代々木八幡駅","\2,000～\2,999","\1,000～\1,999","https://tabelog.com/tokyo/A1318/A131810/13263235/","東京都渋谷区富ヶ谷1-53-4 リコービル 1F","1510063","35.66913823789351","139.6885239831551","03-5761-6066","11:30 - 15:00 L.O. 14:30 17:00 - 23:00 L.O. 22:00","なし","40席","無","全席禁煙","予約可","","無","代々木八幡駅・代々木公園駅から徒歩1分 代々木八幡駅から109m","https://tblg.k-img.com/restaurant/images/Rvw/158267/640x640_rect_158267553.jpg","初台SC"
"中華菜房 達磨","3.49","564","18650","中華料理/食堂/ラーメン","新宿三丁目駅","\1,000～\1,999","～\999","https://tabelog.com/tokyo/A1304/A130401/13037602/","東京都新宿区新宿3-31-5 新宿ペガサス館 1F","1600022","35.69064329869008","139.70373096452346","03-3352-3337","月・火・木・金・土・日 11:00 - 23:00 水","","70席 （テーブル席のみ）","無","分煙 2020年4月1日より受動喫煙対策に関する法律(改正健康増進法）が施行されており、最新の情報と異なる場合がございますので、ご来店前に店舗にご確認ください。","予約可","","無 徒歩３分以内にコイン・パーキングあり","東京メトロ丸ノ内線・副都心線 新宿三丁目駅 徒歩２分 都営地下鉄新宿線 新宿三丁目駅 徒歩４分 ＪＲ中央線、東京メトロ丸ノ内線 新宿駅 徒歩３分 新宿三丁目駅から109m","https://tblg.k-img.com/restaurant/images/Rvw/365311/640x640_rect_37590522e16d475a70bdb458611bc384.jpg","初台SC"
"スーパーブッフェ グラスコート","3.49","563","19112","ビュッフェ","都庁前駅","\8,000～\9,999","\6,000～\7,999","https://tabelog.com/tokyo/A1304/A130401/13000772/","東京都新宿区西新宿2-2-1 京王プラザホテル 本館 2F","1600023","35.690300537881946","139.69437698336478","03-5322-8151","月・火・水・木・金 06:00 - 10:00 L.O. 料理09:30 11:30 - 15:00 L.O. 料理14:30 17:00 - 22:00 L.O. 料理21:00 土・日・祝日 11","","188席 （ホール168席・個室1室（10～20名様））","有 （10～20人可） 個室のご利用には別途室料を頂戴いたします","全席禁煙","予約可","","有 収容台数 509台（車椅子ご利用者専用駐車場は、南館B1階ロットナンバー601/2台）","・新宿駅西口（JR・私鉄・地下鉄）より徒歩5分 ・都庁前駅（都営大江戸線）よりB1出口階段を上がってすぐ ※ベビーカーや車椅子等をご利用の場合は、エレベーターがあるA4出口よりお越しください 都庁前駅から161m","https://tblg.k-img.com/restaurant/images/Rvw/61583/640x640_rect_61583293.jpg","初台SC"
"海南鶏飯食堂 渋谷 MIYASHITA PARK","3.49","546","14772","シンガポール料理/居酒屋","渋谷駅","\1,000～\1,999","\1,000～\1,999","https://tabelog.com/tokyo/A1303/A130301/13248750/","東京都渋谷区神宮前6-20-10 MIYASHITA PARK North 3F","1500001","35.66261331870726","139.70180678424168","03-5468-2711","月・火・水・木・金・土・日・祝日・祝前日・祝後日 11:00 - 23:00","","48席","無","全席禁煙 施設内に《喫煙所・喫煙スペース有り》","予約可","","有 近隣に駐車場・駐輪場があります。【渋谷区立宮下公園南駐車場】【渋谷区立宮下公園北駐車場】【渋谷区立宮下公園南バイク専用駐車場】【渋谷区立宮下公園北バイク専用駐車場】【渋谷区立宮下公園南自転車駐輪場】","《電車》 JR、東京メトロ半蔵門線・銀座線・副都心線、東急東横線・田園都市線、京王井の頭線「渋谷」駅より徒歩3分 東京メトロ千代田線・副都心線線「明治神宮前＜原宿＞」駅 7番口より徒歩8分 渋谷駅から400m","https://tblg.k-img.com/restaurant/images/Rvw/133909/640x640_rect_133909654.jpg","初台SC"
"コトカフェ","3.49","544","50959","カフェ/ダイニングバー/イタリアン","新宿三丁目駅","\3,000～\3,999","\1,000～\1,999","https://tabelog.com/tokyo/A1304/A130401/13145454/","東京都新宿区新宿5-17-6 中田ビル 2F","1600022","35.69309213788386","139.70596888338486","03-6233-7782","月・火・水・木・日・祝日 11:00 - 20:00 L.O. 料理19:00 金・土・祝前日 11:00 - 21:00 L.O. 料理20:00","なし","36席","無","全席禁煙","予約可","","無 近隣にコインパーキングあり","JR新宿駅東口徒歩８分 新宿３丁目駅E2徒歩1分 東新宿駅A1徒歩８分 雨の日は新宿三丁目のE2番口から来て頂くと地上を歩く距離が20mほどですので雨にあまり濡れずにご来店頂けますのでオススメです。 新宿三丁目駅から266m","https://tblg.k-img.com/restaurant/images/Rvw/140896/640x640_rect_140896379.jpg","初台SC"
"凛 渋谷店","3.49","527","14215","ラーメン","渋谷駅","\1,000～\1,999","\1,000～\1,999","https://tabelog.com/tokyo/A1303/A130301/13121071/","東京都渋谷区宇多川町6-20 パラシオン渋谷 1F","1500000","35.66294706450294","139.6971550679646","非公開","月・火・水・木・金・土 11:00 - 15:00 18:00 - 22:00 日","","16席 （カウンター4席・テーブル12席）","無","全席禁煙","予約不可","","無 近隣にコインパーキングあり","渋谷駅から徒歩9分 渋谷駅から580m","https://tblg.k-img.com/restaurant/images/Rvw/335705/640x640_rect_b40271b180b091292a801e5719215dac.jpg","初台SC"
"CAFE BINGGO","3.49","523","17059","カフェ/スイーツ/かき氷","新大久保駅","～\999","～\999","https://tabelog.com/tokyo/A1304/A130404/13226628/","東京都新宿区百人町2‐2‐3 TRN新大久保ビル 2～3F","1690073","35.70152692868235","139.7011625446352","03-6380-3892","月・火・水・木・金 10:00 - 22:30 L.O. 22:00 土・日・祝日 10:00 - 23:00 L.O. 22:30","年中無休","115席 （２F：60席 ３F：54席）","無","全席禁煙 喫煙スペースあります。","予約不可","","有 近くにコインパーキングあり","JR新大久保駅から徒歩1分 新大久保駅から111m","https://tblg.k-img.com/restaurant/images/Rvw/290229/640x640_rect_7666982cb8df4b35f2d84a885ae1fecf.jpg","初台SC"
"魚山亭 渋谷店","3.49","518","28915","郷土料理/居酒屋/焼酎バー","神泉駅","\5,000～\5,999","\1,000～\1,999","https://tabelog.com/tokyo/A1303/A130301/13001146/","東京都渋谷区道玄坂2-23-12 フォンティスビル　２Ｆ","1500043","35.66000533790168","139.69594358305767","03-5489-6350","月・火・水・木・金 11:30 - 14:15 L.O. 料理13:30 17:30 - 23:00 L.O. 料理22:00 ドリンク22:30 土 17:30 - 23:00 L.O. 料理22:","","40席 （カウンタ―6席・テーブル34席）","無","全席禁煙","予約可","","無 近くのコイン・パーキング：道玄坂2-26-1に62台収容、松濤1-27に21台収容、ほか","京王井の頭線【神泉駅】徒歩５分 東京メトロ半蔵門線、東急田園都市線【渋谷駅】徒歩６分 京王井の頭線【渋谷駅】西口 徒歩６分 ＪＲ山手線・埼京線【渋谷駅】ハチ公口 徒歩８分 東京メトロ銀座線【渋谷駅】徒歩８分 東京メトロ副都心線、東急東横線【渋谷駅】徒歩９分 神泉駅から369m","https://tblg.k-img.com/restaurant/images/Rvw/284218/640x640_rect_7d86ecc22ac9f6fe6e94793a75c42403.jpg","初台SC"
"鮨のだり半 南口","3.49","518","34842","寿司/海鮮","代々木駅","\4,000～\4,999","\1,000～\1,999","https://tabelog.com/tokyo/A1304/A130401/13239742/","東京都渋谷区千駄ヶ谷5-27-5 リンクスクエア新宿 1F","1510051","35.6865350186924","139.70284642448257","03-5357-7129","月・火・水・木・金 11:30 - 14:00 L.O. 14:00 16:00 - 23:00 L.O. 料理22:00 ドリンク22:30 土・日・祝日 12:00 - 22:00 L.O. 料理","なし","57席","無","全席禁煙 ビル内に喫煙所あり","予約可","","無","JR新宿駅より徒歩5分 代々木駅から303m","https://tblg.k-img.com/restaurant/images/Rvw/118647/640x640_rect_118647345.jpg","初台SC"
"十割蕎麦 さがたに 新宿京王モール店","3.49","509","6041","そば","新宿駅","～\999","～\999","https://tabelog.com/tokyo/A1304/A130401/13266442/","東京都新宿区西新宿1-1 京王モール B-4区画","1600023","35.68974767868909","139.69885434451783","03-6279-0890","07:00 - 22:00 L.O. 21:45 【","","24席 （カウンター 19席、スタンド 5席）","無","全席禁煙","予約不可","","無 近隣に有料地下駐車場あり","新宿駅西口より徒歩1分 新宿駅から127m","https://tblg.k-img.com/restaurant/images/Rvw/319387/640x640_rect_1c1b984365b524d0aedf81d41850d6e4.jpg","初台SC"
"ナンバー・エー","3.49","505","40767","カフェ/洋食","表参道駅","\1,000～\1,999","\1,000～\1,999","https://tabelog.com/tokyo/A1306/A130602/13109522/","東京都港区北青山3-12-2 ふじマンション 1F","1070061","35.66366750870924","139.7101022642465","03-6427-4038","11:30 - 22:00","不定休","20席","有","全席禁煙","予約可","","無 近くのコイン・パーキング：北青山3-14-7に12台収容、ほか","東京メトロ銀座線・千代田線・半蔵門線【表参道駅】徒歩４分 表参道駅から275m","https://tblg.k-img.com/restaurant/images/Rvw/20725/320x320_rect_20725744.jpg","初台SC"
"バンコクスパイス 新宿店","3.49","503","27349","タイ料理/カレー/アジア・エスニック","新宿駅","\1,000～\1,999","～\999","https://tabelog.com/tokyo/A1304/A130401/13152899/","東京都新宿区西新宿1-14-4 小黒ビル 1F","1600023","35.6888145378837","139.69689978334802","03-5325-1212","月・火・水・木・金・土・日・祝日 11:00 - 15:00 L.O. 14:30 17:15 - 23:00 L.O. 22:30","無休","41席","有 ※個室の詳細はお店にお問い合わせください","全席禁煙","予約可","","無","新宿駅 徒歩３分西新宿の繁華街の中なので集合・解散ともに好立地！ヨドバシカメラの裏側・時計総合館のすぐ近くです！ 新宿駅から332m","https://tblg.k-img.com/restaurant/images/Rvw/35992/640x640_rect_35992324.jpg","初台SC"
"らーめん 鴨to葱 渋谷宮益坂店","3.49","486","5061","ラーメン","渋谷駅","\1,000～\1,999","\1,000～\1,999","https://tabelog.com/tokyo/A1303/A130301/13308971/","東京都渋谷区渋谷2-19-15 宮益坂ビルディング 103","1500002","35.65967458870981","139.7039383042105","03-6427-7877","月・火・水・木・金・土・日・祝日・祝前日・祝後日 10:00 - 04:00 営業時間 2025年6/23（月）から 10:00～翌日4:00 営業致します。","","19席 （テーブル6席・カウンター13席）","無","全席禁煙","予約不可","","無","渋谷駅 B4出口から徒歩約1分 渋谷駅から242m","https://tblg.k-img.com/restaurant/images/Rvw/304721/640x640_rect_3ca90825f22e627f795f93e8df4dc349.jpg","初台SC"
"ドリア＆グラタンなつめ","3.49","486","17634","洋食/ビストロ","代々木八幡駅","\1,000～\1,999","\1,000～\1,999","https://tabelog.com/tokyo/A1318/A131810/13157930/","東京都渋谷区富ヶ谷1-53-2 レオマックビル 1F","1510063","35.66926842869874","139.68831593431838","03-6407-8277","11:30 - 23:00 L.O. 22:00","","46席 （テーブル36席、カウンター4席、外にテラス6席あり）","無","全席禁煙","予約不可","","無","小田急線「代々木八幡駅」南口改札目の前。 千代田線「代々木公園駅」１番（八幡口）出口より右に直進１分。 代々木八幡駅から113m","https://tblg.k-img.com/restaurant/images/Rvw/82720/640x640_rect_82720059.jpg","初台SC"
"青葉","3.49","484","23490","台湾料理/飲茶・点心/居酒屋","西武新宿駅","\5,000～\5,999","\1,000～\1,999","https://tabelog.com/tokyo/A1304/A130401/13000025/","東京都新宿区歌舞伎町1-12-6 歌舞伎町ビル B1F","1600021","35.69515083788147","139.702553883408","03-3200-5585","月・火・水・木・金 11:30 - 15:00 L.O. 料理14:30 17:00 - 23:00 L.O. 料理22:00 土・日 11:30 - 23:00 L.O. 22:00 祝日 11:3","無休","110席 （テーブル110席）","有 （20～30人可）","全席禁煙 店外に喫煙スペースあります。","予約可","","無","西武新宿線西武新宿駅より徒歩3分 山手線新宿駅東口より徒歩8分 西武新宿駅から249m","https://tblg.k-img.com/restaurant/images/Rvw/288704/640x640_rect_654c6223cdea273a1cbe8a2495a0f63a.jpg","初台SC"
"福田屋","3.49","483","29493","そば/居酒屋/天ぷら","渋谷駅","\1,000～\1,999","\1,000～\1,999","https://tabelog.com/tokyo/A1303/A130301/13001915/","東京都渋谷区道玄坂2-25-15 福田ビル　２Ｆ","1500043","35.65979161870772","139.6976276442161","03-3476-6437","月・火・水・木・金・土 11:00 - 14:30 日・祝日","","40席 （テーブル 2×2席、 4×7席 、大テーブル）","無","全席禁煙 店の外に喫煙スペース有り","予約可","","無 近くのコイン・パーキング：道玄坂2-26に62台収容、ほか","京王井の頭線【渋谷駅】西口 徒歩３分 東京メトロ半蔵門線、東急田園都市線【渋谷駅】徒歩３分 ＪＲ山手線他【渋谷駅】徒歩６分 東京メトロ銀座線【渋谷駅】徒歩６分 東京メトロ副都心線、東急東横線【渋谷駅】徒歩８分 渋谷駅から351m","https://tblg.k-img.com/restaurant/images/Rvw/360617/640x640_rect_1f6f942c7a752d14dfd95ac7037d352c.jpg","初台SC"
"とん竹","3.49","479","17669","とんかつ/串揚げ","新宿駅","\1,000～\1,999","～\999","https://tabelog.com/tokyo/A1304/A130401/13012820/","東京都渋谷区代々木2-7-6 ＧＳハイム佐藤ビル 1Ｆ","1510053","35.68789723869047","139.6995016444987","03-3370-3871","月・火・水・木・金 11:00 - 14:45 17:30 - 21:30 土 11:00 - 14:45 日・祝日","","20席 （カウンター4席、4人掛けテーブル4つ）","無","全席禁煙","予約可","","無 近隣にコインパーキングあり","都営地下鉄新宿線・大江戸線【新宿駅】徒歩２分 京王新線【新宿駅】徒歩２分 JR各線【新宿駅】南口／新南口 徒歩３分 新宿駅から278m","https://tblg.k-img.com/restaurant/images/Rvw/75100/640x640_rect_75100514.jpg","初台SC"
"スパゲティ屋くぼやん","3.49","474","15132","パスタ","西新宿駅","～\999","～\999","https://tabelog.com/tokyo/A1304/A130401/13120604/","東京都新宿区西新宿8-11-1 日東星野ビル　B1F","1600023","35.694814037878466","139.69246848341172","非公開","月・火・水・木 11:00 - 15:30 17:45 - 19:30 金 11:00 - 15:30 土・日・祝日","金曜日","10席 （カウンター10席）","無","全席禁煙","予約不可","","無 近くの有料駐車場：西新宿6-3-1アイランド・ウィング駐車場64台収容、ほか","東京メトロ丸ノ内線【西新宿駅】徒歩１分 都営地下鉄大江戸線【都庁前駅】徒歩８分 都営地下鉄大江戸線【新宿西口駅】徒歩９分 西武新宿線【西武新宿駅】徒歩11分 ＪＲ中央線他【新宿駅】西口 徒歩12分 西新宿駅から70m","https://tblg.k-img.com/restaurant/images/Rvw/38262/640x640_rect_38262834.jpg","初台SC"
"新台北 下北沢本店","3.49","474","24490","台湾料理","下北沢駅","\1,000～\1,999","～\999","https://tabelog.com/tokyo/A1318/A131802/13002010/","東京都世田谷区北沢2-6-5 ルイビル 1F","1550031","35.661420937892196","139.66898438309084","03-3485-1626","月・火・水・木・金 17:00 - 02:00 L.O. 01:00 土・日・祝日 11:30 - 02:00 L.O. 01:00","","45席","無","全席禁煙","予約可","","無 近くにコインパーキングが数カ所あり","小田急線下北沢駅南口 徒歩2分／京王井の頭線下北沢駅南口 徒歩2分 下北沢駅から164m","https://tblg.k-img.com/restaurant/images/Rvw/366957/640x640_rect_2b52403c45eb8635ef664426d3d4775f.jpg","初台SC"
"SUBA VS","3.49","461","27791","立ち食いそば","渋谷駅","\1,000～\1,999","\1,000～\1,999","https://tabelog.com/tokyo/A1303/A130301/13301108/","東京都渋谷区渋谷1-15-8 宮益ONビル 1F","1500002","35.66092543870888","139.70350138422344","070-3080-1847","月・火・水・木・金・土・日・祝日・祝前日・祝後日 12:00 - 23:00 L.O. 料理22:30","不定休","12席","無","全席禁煙","予約不可","","無","渋谷駅から徒歩3分 渋谷駅から285m","https://tblg.k-img.com/restaurant/images/Rvw/280400/640x640_rect_07eef8366f59622965898f26450053ca.jpg","初台SC"
"洋食屋マック","3.49","448","27528","洋食/ハンバーグ/コロッケ","笹塚駅","\1,000～\1,999","\1,000～\1,999","https://tabelog.com/tokyo/A1318/A131808/13076624/","東京都渋谷区笹塚1-31-8 Tフラット　B1F","1510073","35.67283258868947","139.66630460436977","03-3466-5079","月・火・水・木・金・土 11:30 - 14:00 L.O. 13:30 18:00 - 20:30 日","","22席 （カウンター６席＋４人テーブル３卓＋２名テーブル２卓）","無","全席禁煙","予約不可","","無 駅周辺にコインパーキングあり。","京王電鉄京王線笹塚駅南口より徒歩2分 笹塚駅から143m","https://tblg.k-img.com/restaurant/images/Rvw/241588/640x640_rect_c99fa2c0a5a47ce8f61684d2ea7048b9.jpg","初台SC"
"ザ デック コーヒー&パイ","3.49","436","24097","カフェ/スイーツ","北参道駅","～\999","～\999","https://tabelog.com/tokyo/A1304/A130403/13155903/","東京都渋谷区千駄ヶ谷3-53-17","1510051","35.67436781870115","139.7060628743574","03-3478-6855","月・火・水・木・金 09:00 - 20:00 土・日・祝日 09:00 - 19:00","不定休","38席 （ウッドデッキテラス21席）","無","分煙（加熱式たばこ限定） テラス席のみ加熱式たばこ限定喫煙可 2020年4月1日より受動喫煙対策に関する法律(改正健康増進法）が施行されており、最新の情報と異なる場合がございますので、ご来店前に店舗にご確認ください。","予約不可","","無","・JR原宿駅竹下口より徒歩7分 ・メトロ北参道駅より徒歩7分 北参道駅から445m","https://tblg.k-img.com/restaurant/images/Rvw/29049/640x640_rect_29049507.jpg","初台SC"
"伊勢屋食堂","3.49","436","33673","食堂/ラーメン/洋食","大久保駅","-","\1,000～\1,999","https://tabelog.com/tokyo/A1304/A130404/13081288/","東京都新宿区北新宿4-2-1 淀橋市場","1690074","35.70487126867792","139.693955624674","03-3364-0456","月・火・水・木・金・土・祝日 05:00 - 14:00 L.O. 14:00 日","","20席 （テーブル（4人掛け×3、２人掛け×4））","無","全席禁煙 2019.9 淀橋市場 建物内が禁煙となりました。場内に喫煙所あり。","予約不可","","無 場内への一般車両の入場不可","JR総武線 大久保駅(北口）徒歩7分 JR山手線 新大久保駅 徒歩10分 東西線 落合(出口3) 徒歩15分 JR総武線 東中野駅 徒歩15分 JR山手線 高田馬場駅 徒歩18分 バス停：新宿消防署 徒歩２分 大久保駅から582m","https://tblg.k-img.com/restaurant/images/Rvw/363018/640x640_rect_b92105099bd0ca21d0e9d5afcd3e8905.jpg","初台SC"
"カフェ・ハイチ 新宿サブナード店","3.49","427","15794","カフェ/中南米料理/カレー","新宿西口駅","\1,000～\1,999","-","https://tabelog.com/tokyo/A1304/A130401/13019158/","東京都新宿区歌舞伎町1 新宿サブナード 地下街","1600021","35.69387124868709","139.7008113245581","03-3358-8172","","","36席","無","全席禁煙","予約不可","","有 新宿サブナード駐車場：有料400台","西武新宿線【西武新宿駅】徒歩１分 東京メトロ丸ノ内線【新宿駅】徒歩１分 東京メトロ丸ノ内線【新宿三丁目駅】徒歩１分 ＪＲ【新宿駅(東口)】徒歩２分 ※サブナード各入口までの所要時間 新宿西口駅から156m","https://tblg.k-img.com/restaurant/images/Rvw/353722/640x640_rect_0829306c0be0e226a355e3ba0e53639e.jpg","初台SC"
"神楽坂 茶寮 渋谷スクランブルスクエア店","3.49","421","12491","カフェ","渋谷駅","-","\1,000～\1,999","https://tabelog.com/tokyo/A1303/A130301/13240659/","東京都渋谷区渋谷2-24-12 スクランブルスクエア 14F","1500002","35.658472798710044","139.70227014419953","03-6433-5751","10:00 - 23:00 10:00~11:00 ドリンクのみ カウンター 70分 テーブル80分 営業時間・","","","無","全席禁煙","予約不可","","有","渋谷駅から101m","https://tblg.k-img.com/restaurant/images/Rvw/352324/640x640_rect_87ac37dcdb204ce48fd64a6f099f165e.jpg","初台SC"
"まるしん 本店","3.49","412","16729","ちゃんぽん/中華料理/ラーメン","西新宿駅","\3,000～\3,999","～\999","https://tabelog.com/tokyo/A1304/A130401/13042638/","東京都新宿区西新宿7-22-46","1600023","35.69508703787932","139.69567608341225","03-3361-5255","月・火・水・木・金・日 11:00 - 00:00 L.O. 23:00 祝日 11:00 - 23:00 L.O. 23:00 土","","26席 （カウンター席4席、テーブル22席）","無","分煙 ※21:00以降は、喫煙可 2020年4月1日より受動喫煙対策に関する法律(改正健康増進法）が施行されており、最新の情報と異なる場合がございますので、ご来店前に店舗にご確認ください。","予約可","","無 近隣にコインパーキングあり","丸ノ内線 西新宿駅 徒歩5分 大江戸線 新宿西口駅 徒歩5分 新宿駅(西口) 徒歩10分 西新宿駅から260m","https://tblg.k-img.com/restaurant/images/Rvw/180463/640x640_rect_b1e9d696c2cd6cfe8e407b9daa66756f.jpg","初台SC"
"卯作","3.49","407","14419","とんかつ","新宿駅","\1,000～\1,999","～\999","https://tabelog.com/tokyo/A1304/A130401/13009103/","東京都新宿区新宿3-21-1 清水館　３Ｆ","1600022","35.692827488688195","139.7021955945466","03-5269-8849","水・木・金・土・日 11:30 - 15:30 17:30 - 20:50 月・火","","20席 （テーブル２席×１０）","無","全席禁煙","予約不可","","無","ＪＲ・都営地下鉄・東京メトロ・小田急電鉄・京王電鉄【新宿駅】東口より徒歩3分 新宿西口駅から290m","https://tblg.k-img.com/restaurant/images/Rvw/48143/640x640_rect_48143886.jpg","初台SC"
"登喜和","3.49","401","16456","中華料理/ラーメン/かつ丼","西新宿駅","-","\1,000～\1,999","https://tabelog.com/tokyo/A1304/A130401/13057711/","東京都新宿区西新宿6-26-9","1600023","35.695505198682106","139.6883895745833","03-3348-5550","月・火・水・木・金 11:30 - 15:00 L.O. 14:40 土・日・祝日","","20席 （基本相席が前提）","無","全席禁煙","予約不可","","無","東京メトロ・丸ノ内線西新宿駅より徒歩5分 西新宿駅から434m","https://tblg.k-img.com/restaurant/images/Rvw/269306/640x640_rect_414e68b2db296919958d2046c9a77867.jpg","初台SC"
"そば処 大橋や","3.49","400","9560","そば/うどん/カレー","西新宿駅","～\999","～\999","https://tabelog.com/tokyo/A1304/A130401/13057360/","東京都新宿区西新宿8-15-3","1600023","35.69528960744526","139.6909268738836","03-5389-0218","月・火・水・木・金 07:00 - 18:00 土・日・祝日","","10席 （カウンター席のみ）","無","全席禁煙","予約不可","","無 近隣にコインパーキングあり","東京メトロ丸の内線１番出口徒歩：３分 西新宿駅から213m","https://tblg.k-img.com/restaurant/images/Rvw/353540/640x640_rect_bc57913e67ccdc12c4269b71a665cbc3.jpg","初台SC"
"博多食堂","3.49","389","10596","ラーメン/郷土料理/居酒屋","渋谷駅","\1,000～\1,999","\1,000～\1,999","https://tabelog.com/tokyo/A1303/A130301/13161572/","東京都渋谷区宇田川町36-16 プラザマリーナ 1F","1500042","35.66167062870615","139.69643320423594","03-3496-3980","11:00 - 01:00 営業時間・","","13席 （カウンター９席、テーブル４席(２人用×２卓)）","無","分煙 16時～喫煙可 2020年4月1日より受動喫煙対策に関する法律(改正健康増進法）が施行されており、最新の情報と異なる場合がございますので、ご来店前に店舗にご確認ください。","予約不可","","無","渋谷駅より徒歩8分 神泉駅より徒歩5分 渋谷駅から536m","https://tblg.k-img.com/restaurant/images/Rvw/346897/640x640_rect_c2b2d2548e302d707a6ec1ab4e6db695.jpg","初台SC"
"辛麺 華火","3.49","373","16398","ラーメン","東新宿駅","-","～\999","https://tabelog.com/tokyo/A1304/A130401/13226087/","東京都新宿区歌舞伎町1-2-17 桂昇新宿ビル B1F","1600021","35.69491093868774","139.70490784456572","03-6380-3179","火・水・木・金・土・日・祝日・祝前日・祝後日 17:00 - 07:30 月","","17席","無","全席禁煙","予約不可","","無","徒歩 東新宿駅から406m","https://tblg.k-img.com/restaurant/images/Rvw/141891/640x640_rect_141891365.jpg","初台SC"
"弁けい","3.49","366","10420","とんかつ/食堂/コロッケ","西新宿駅","\1,000～\1,999","\1,000～\1,999","https://tabelog.com/tokyo/A1304/A130401/13011948/","東京都新宿区西新宿6-2-3","1600023","35.69365698868513","139.69420707456058","03-3343-5055","月・火・水・木・金 11:00 - 15:00 L.O. 14:30 17:00 - 20:30 L.O. 20:00 土 11:00 - 14:00 L.O. 13:30 日・祝日","","21席 （カウンター7席、テーブル14席）","無","全席禁煙","予約不可","","無","丸の内線西新宿駅から青梅街道を新宿駅方向に戻り、マクドナルドの角を入る。徒歩３分。 新宿駅からだと、10分強。 西新宿駅から135m","https://tblg.k-img.com/restaurant/images/Rvw/365784/640x640_rect_78f1b497cb355d515b534abcdcb50afd.jpg","初台SC"
"シルクロード・タリムウイグルレストラン","3.49","364","19405","アジア・エスニック/中東料理","初台駅","\5,000～\5,999","\1,000～\1,999","https://tabelog.com/tokyo/A1318/A131807/13110569/","東京都新宿区西新宿3-15-8 西新宿バールビル　１F","1600023","35.68393135868987","139.68969954446547","03-6276-7799","火・水・木・金 17:00 - 23:00 L.O. 22:30 土・日 12:00 - 15:00 17:00 - 23:00 L.O. 22:30 祝日 12:00 - 15:00 17:00 -","","40席 （テーブル席34, カウンター席6）","無","全席禁煙","予約可","","無 近隣にコインパーキングあり","初台駅 徒歩５分 都庁前 徒歩１０分強 初台駅から381m","https://tblg.k-img.com/restaurant/images/Rvw/120306/640x640_rect_120306225.jpg","初台SC"
"山田屋","3.49","357","23957","中華料理/ラーメン","初台駅","-","\1,000～\1,999","https://tabelog.com/tokyo/A1318/A131807/13058711/","東京都新宿区西新宿4-35-19 1F","1600023","35.68535226868822","139.68734816448148","03-3376-6382","月・火・水・木・金 11:00 - 14:30 土・日","","16席 （カウンター５席 テーブル３席 ４席×２）","無","全席禁煙 店頭に灰皿あり","予約可","","無 近隣にコインパーキングあり","京王新線 初台駅 徒歩１０分程度 初台駅から439m","https://tblg.k-img.com/restaurant/images/Rvw/286652/640x640_rect_4e706b4f5e666b83c96971c4b32e656d.jpg","初台SC"
"ダブルトールカフェ 原宿店","3.49","353","13711","カフェ/カレー/ダイニングバー","明治神宮前駅","\1,000～\1,999","\1,000～\1,999","https://tabelog.com/tokyo/A1306/A130601/13017556/","東京都渋谷区神宮前1-11-11 グリーンファンタジア　２Ｆ","1500001","35.66896803789887","139.70498758314187","03-5413-2106","月・火・水・木・金・土・日・祝日・祝前日・祝後日 11:00 - 18:00 L.O. 17:30","年中無休","31席 （テーブル席／テラス席）","無","全席禁煙","予約可","","無","JR山手線 原宿駅 徒歩3分 東京メトロ副都心線・千代田線 明治神宮前駅 徒歩1分 明治神宮前駅から43m","https://tblg.k-img.com/restaurant/images/Rvw/96438/640x640_rect_96438019.jpg","初台SC"
"111 CHURROS","3.49","350","8870","スイーツ","東新宿駅","\1,000～\1,999","-","https://tabelog.com/tokyo/A1304/A130404/13288381/","東京都新宿区大久保1-11-10 1F","1690072","35.69921913787939","139.70413458344802","03-6457-3233","月・火・水・木・金 11:00 - 22:00 土・日 10:30 - 22:00 営業時間・","","25席","無","全席禁煙","予約不可","","無","東新宿駅から334m","https://tblg.k-img.com/restaurant/images/Rvw/232755/640x640_rect_394f70ebe0138cf026f99cd9216ac91e.jpg","初台SC"
"ブルックリン ロースティング カンパニー 下北沢店","3.49","344","10771","カフェ/アメリカ料理","下北沢駅","\4,000～\4,999","\1,000～\1,999","https://tabelog.com/tokyo/A1318/A131802/13273962/","東京都世田谷区北沢2-6-2 ミカン下北B街区 B101","1550031","35.661151708697744","139.6690020442499","03-6450-8681","08:00 - 22:00 L.O. 料理21:00 ドリンク21:30","なし","100席","無","全席禁煙","予約可","","無","京王井の頭線・小田急線 下北沢駅すぐ 下北沢駅から169m","https://tblg.k-img.com/restaurant/images/Rvw/193701/640x640_rect_3db84ba06749bd271bc9a78cbef2d715.jpg","初台SC"
"ソルビンカフェ 新大久保本店","3.49","340","7592","かき氷/カフェ","新大久保駅","\2,000～\2,999","\1,000～\1,999","https://tabelog.com/tokyo/A1304/A130404/13269337/","東京都新宿区百人町2-3-20 ビション新大久保駅前ビル 1F","1690073","35.70194873787665","139.7009915834778","03-6205-5440","11:00 - 23:00","","50席","無","全席禁煙","予約不可","","無","山手線 徒歩 1分 新大久保駅から139m","https://tblg.k-img.com/restaurant/images/Rvw/339350/640x640_rect_fa689e03230fb5b18ba3786ee1a9ec05.jpg","初台SC"
"BAM BI COFFEE","3.49","337","14716","カフェ/パンケーキ","新大久保駅","\1,000～\1,999","\1,000～\1,999","https://tabelog.com/tokyo/A1304/A130404/13270013/","東京都新宿区大久保1-14-26","1690072","35.69978863787899","139.70404948345387","03-6205-9929","10:00 - 22:30 営業時間・","","20席 （テーブル20席（4人掛け×1、3人掛け×2、2人掛け×5)）","無","全席禁煙","予約不可","","無","東新宿駅Ｂ１出口より徒歩約7分 西武新宿駅北口より徒歩約9分 新大久保駅出口より徒歩約9分 新大久保駅から363m","https://tblg.k-img.com/restaurant/images/Rvw/172845/640x640_rect_cbd705c974d24326b477126892bd7ce4.jpg","初台SC"
"中華料理 ミッキー飯店","3.49","335","43164","中華料理/ラーメン","中野坂上駅","～\999","\1,000～\1,999","https://tabelog.com/tokyo/A1319/A131903/13073445/","東京都中野区本町2-17-4","1640012","35.694226537874684","139.67942778341492","","火・水・金・土 11:15 - 13:15 月・木・日","","13席 （カウンター５席、４人卓２つ）","無","全席禁煙","予約不可","","無 数台コインパーキングあります。","中野坂上駅より徒歩７分 中野坂上駅から402m","https://tblg.k-img.com/restaurant/images/Rvw/212883/640x640_rect_93db45ed52c4eb8d44bd569b021d1054.jpg","初台SC"
"黄金の塩らぁ麺 ドゥエ イタリアン 東急プラザ渋谷店","3.49","334","9354","ラーメン","渋谷駅","\1,000～\1,999","\1,000～\1,999","https://tabelog.com/tokyo/A1303/A130301/13242234/","東京都渋谷区道玄坂1-2-3 東急プラザ 6F","1500043","35.65766723790455","139.70028478303104","03-5422-3450","月・火・水・木・金 11:00 - 15:00 17:00 - 23:00 L.O. 22:00 土・日・祝日 11:00 - 23:00 L.O. 22:00 営業時間・","","","無","全席禁煙","予約不可","","有","渋谷駅から181m","https://tblg.k-img.com/restaurant/images/Rvw/272733/640x640_rect_fdb1a37a17afb1a4f0f8bd630fb42977.jpg","初台SC"
"モスプレミアム 千駄ヶ谷店","3.49","331","9088","カフェ/居酒屋/ハンバーガー","千駄ケ谷駅","\3,000～\3,999","\1,000～\1,999","https://tabelog.com/tokyo/A1309/A130901/13189556/","東京都渋谷区千駄ヶ谷1-8-11","1510051","35.678768384532496","139.71058072452277","03-5413-8301","11:00 - 22:00 L.O. 21:00","","56席 （テラス席4席含む）","無","全席禁煙","予約可","","無 徒歩1分圏内にコインパーキングあり","千駄ヶ谷駅徒歩３分 国立競技場駅から3分 北参道駅から徒歩７分 千駄ケ谷駅から255m","https://tblg.k-img.com/restaurant/images/Rvw/173042/320x320_rect_8a4a1c424a743b89f51dad8fd73736aa.jpg","初台SC"
"東京海老トマト","3.49","323","6302","ラーメン","新宿西口駅","～\999","～\999","https://tabelog.com/tokyo/A1304/A130401/13287484/","東京都新宿区西新宿7-9-7 ニッカビル 1F","1600023","35.69491683788027","139.69833468340866","","月・火・水・木・金 11:30 - 15:00 L.O. 14:30 17:30 - 23:00 L.O. 22:30 土・日 11:30 - 23:00 L.O. 22:30","","7席 （カウンターのみ。元は11席でしたが奥は物が置いてあり現在は7席程度になっていました。）","無","全席禁煙","予約不可","","無","新宿西口駅[D5]徒歩2分 新宿西口駅から164m","https://tblg.k-img.com/restaurant/images/Rvw/221697/640x640_rect_561e558437e574bafc93189c5152b564.jpg","初台SC"
"THE COOKIE 594 新大久保店","3.49","316","9500","カフェ","新大久保駅","～\999","～\999","https://tabelog.com/tokyo/A1304/A130404/13272852/","東京都新宿区百人町1-11-22 B1F","1690073","35.70120533787673","139.69979888347112","03-5937-4416","11:00 - 22:00 営業時間・","","","無","全席禁煙","予約不可","","無","JR新大久保駅 西側出口から徒歩約1分 新大久保駅から57m","https://tblg.k-img.com/restaurant/images/Rvw/350450/640x640_rect_4b15af3efe71375bae5a7f2b32465727.jpg","初台SC"
"胃袋にズキュン","3.49","309","15328","カフェ/ビストロ/クレープ・ガレット","下北沢駅","\4,000～\4,999","\1,000～\1,999","https://tabelog.com/tokyo/A1318/A131802/13269961/","東京都世田谷区北沢2-21-22","1550031","35.66065404869712","139.666026044247","090-1905-2122","月・火・水・木・金・土・日・祝日・祝前日・祝後日 11:00 - 21:30 L.O. 20:30","無休","26席","無","全席禁煙","予約可","","無","小田急線下北沢駅南西口から30秒 下北沢駅から140m","https://tblg.k-img.com/restaurant/images/Rvw/343033/640x640_rect_29c2e5f375a8398eea669b85600b75ec.jpg","初台SC"
"ミユンヘン 新宿小田急ハルク店","3.49","308","8271","ビアホール/ドイツ料理","新宿西口駅","\4,000～\4,999","\1,000～\1,999","https://tabelog.com/tokyo/A1304/A130401/13041550/","東京都新宿区西新宿1-5-1 新宿西口ハルク B3F","1600023","35.692633083268646","139.69871996009093","03-3342-5660","月・火・水・木・金・土・日・祝日・祝前日・祝後日 11:00 - 22:30 L.O. 21:30","無休","90席","有 （8人可、10～20人可） 半個室あり","全席禁煙 レストラン外に喫煙スペースがございます","予約可","","有 新宿駅西口駐車場","・ＪＲ新宿駅 西口 徒歩1分 ・地下鉄 丸ノ内線 新宿駅 B18番出口 徒歩1分 新宿西口駅から112m","https://tblg.k-img.com/restaurant/images/Rvw/196999/640x640_rect_e42b9a767320755e268cf29d61d34da0.jpg","初台SC"
"cafe guum","3.49","296","6267","カフェ","西武新宿駅","\1,000～\1,999","\1,000～\1,999","https://tabelog.com/tokyo/A1304/A130401/13280590/","東京都新宿区大久保1-17-7","1690072","35.698360037879446","139.70261398344041","","11:00 - 22:00 L.O. 21:30 営業時間・","","50席","無","全席禁煙","予約不可","","無","西武新宿駅から334m","https://tblg.k-img.com/restaurant/images/Rvw/367272/640x640_rect_1811adbe4f330315e360c51766caebf5.jpg","初台SC"
"バラトンカフェ 表参道店","3.49","296","8787","カフェ","表参道駅","\1,000～\1,999","～\999","https://tabelog.com/tokyo/A1306/A130602/13295087/","東京都港区南青山5-1-22 青山ライズスクエア 2F","1070062","35.66409150870962","139.71213612424933","03-6427-2622","月・火・水・木・金 07:00 - 21:00 土・日・祝日 08:00 - 20:00","","132席","無","分煙 2020年4月1日より受動喫煙対策に関する法律(改正健康増進法）が施行されており、最新の情報と異なる場合がございますので、ご来店前に店舗にご確認ください。","予約不可","","無","東京メトロ 表参道駅 徒歩１分 表参道駅から125m","https://tblg.k-img.com/restaurant/images/Rvw/359865/640x640_rect_8c9f68511812a28caa77a21e5caab98d.jpg","初台SC"
"ごだいご 新宿NSビル店","3.45","450","25479","居酒屋、おでん、焼き鳥","都庁前駅","￥4,000～￥4,999","～￥999","https://tabelog.com/tokyo/A1304/A130401/13009824/","東京都新宿区西新宿2-4-1 新宿NSビル 29F","1600023","35.68811623788308","139.6935792833433","03-5909-8721","月・火・水・木・金 11:30 - 14:30 17:00 - 23:30 土 16:00 - 23:30 日・祝日 16:00 - 22:30","","100席 （13名様以上のご予約は、お電話にてお問い合わせください。）","有 （2人可、4人可、6人可、8人可、10～20人可、20～30人可、30人以上可） ４名様から５５名様まで全１０部屋","全席禁煙","予約可","","有 ビル地階に、専用駐車場あり（有料）","ＪＲ新宿駅 西口 徒歩10分 小田急線新宿駅 徒歩10分 京王線新宿駅 徒歩10分 地下鉄都営大江戸線都庁前駅 A2出口 徒歩5分 地下鉄丸ノ内線西新宿駅 徒歩10分 都庁前駅から289m","https://tblg.k-img.com/restaurant/images/Rvw/2023/640x640_rect_2023950.jpg","4駅追加"
"魚祭","3.44","286","8711","バル、シーフード、イタリアン","西新宿五丁目駅","￥3,000～￥3,999","￥1,000～￥1,999","https://tabelog.com/tokyo/A1304/A130401/13299763/","東京都新宿区西新宿4-14-3 ライフコーポ土屋 1F","1600023","35.69028413868514","139.6875279845312","03-6300-6747","月・火・水・土・日 17:00 - 23:00 木・金 11:30 - 15:00 17:00 - 23:00 【","","35席 （カウンター9席 テーブル26席）","無","全席禁煙","予約可","","無","西新宿五丁目駅徒歩5分 西新宿駅徒歩8分 西新宿五丁目駅から284m","https://tblg.k-img.com/restaurant/images/Rvw/352296/320x320_rect_42df79ecb9f4f1a290da3d419734a3ed.jpg","4駅追加"
"個室和食 東山 新宿本店","3.43","486","27298","日本料理、海鮮、居酒屋","都庁前駅","￥8,000～￥9,999","￥6,000～￥7,999","https://tabelog.com/tokyo/A1304/A130401/13205532/","東京都新宿区西新宿2-4-1 新宿NSビル 29F","1600023","35.68799273788313","139.69353938334203","03-5909-0760","月・火・水・木・金 17:00 - 23:00 L.O. 22:00 土・日・祝日 11:30 - 15:00 17:00 - 22:00 L.O. 21:00","不定休","188席","有 （2人可、4人可、6人可、8人可、10～20人可、20～30人可、30人以上可） 全29部屋・188席、すべて個室にてご案内いたします","分煙 当店では2020年4月1日より施行された、改正健康増進法に基づき喫煙専用室を完備しており、お客様に最適な環境をご用意してお待ちしております。詳細に関しては店舗までお問い合わせください。 2020年4月1日より受動喫煙対策に関する法律(改正健康増進法）が施行されており、最新の情報と異なる場合がございますので、ご来店前に店舗にご確認ください。","予約可","","有 新宿NSビル駐車場 会計金額3,000円で1時間。6,000円で2時間のご優待。","京王新線 新宿駅 南口・西口 徒歩7分 都営大江戸線 都庁前駅 A3番出口 徒歩3分 都庁前駅から301m","https://tblg.k-img.com/restaurant/images/Rvw/149152/320x320_rect_149152072.jpg","4駅追加"
"イルキャンティ パラディーソ 西新宿店","3.44","180","7512","イタリアン、パスタ、ステーキ","都庁前駅","￥4,000～￥4,999","￥1,000～￥1,999","https://tabelog.com/tokyo/A1304/A130401/13291151/","東京都新宿区西新宿2-4-1 新宿NSビル 29F","1600023","35.68807887868838","139.69328962450487","03-6258-0988","火・水・木・金 11:30 - 15:00 L.O. 14:30 17:00 - 23:00 L.O. 料理21:30 ドリンク22:00 土 11:30 - 15:00 L.O. 料理14:00 ド","","70席","無","分煙 喫煙ルームがございます。 2020年4月1日より受動喫煙対策に関する法律(改正健康増進法）が施行されており、最新の情報と異なる場合がございますので、ご来店前に店舗にご確認ください。","予約可","","有 NSビルの駐車場がございます。","【アクセス】 ＪＲ線･京王線･小田急線･東京メトロ丸の内線 新宿駅「南口・西口」より徒歩７分 都営地下鉄線(新宿線)・京王新線 新宿駅「新都心口」より徒歩約６分 西武線(新宿線) 西武新宿駅より徒歩約１５分 都営地下鉄線(大江戸線) 都庁前駅Ａ３出口より徒歩約３分 ※Ａ３出口閉鎖時はＡ２出口をご利用ください。 京王バス(宿41・宿45系統) 新宿駅西口(京王デパート前２０番乗り場)⇔中野車庫・中野駅「新宿ＮＳビル」下車 ※車椅子でお越しの場合は、ビルの南北の地上出入口に スロープがあるので、こちらをご利用下さい。 都庁前駅から287m","https://tblg.k-img.com/restaurant/images/Rvw/307586/640x640_rect_8acf7b7b26a4c2b4e0d21f894ec36129.jpg","4駅追加"
"たくあん・牡丹亭","3.44","275","12712","牛料理、ステーキ、すき焼き","西新宿五丁目駅","￥8,000～￥9,999","￥1,000～￥1,999","https://tabelog.com/tokyo/A1304/A130401/13017363/","東京都新宿区西新宿4-15-1 西新宿パークハイツ","1600023","35.68983343788019","139.68796378336455","03-5354-3071","月・火・水・木・金・土・日・祝日 11:30 - 15:00 17:00 - 22:00","年中無休","48席 （テーブル20席、座敷24席）","有 （2人可、4人可、6人可、8人可、20～30人可） お座敷個室の空き状況は、直接店舗にお問い合わせくださいませ。","分煙 ランチタイム全席禁煙、ディナータイム個室のみ喫煙可 2020年4月1日より受動喫煙対策に関する法律(改正健康増進法）が施行されており、最新の情報と異なる場合がございますので、ご来店前に店舗にご確認ください。","予約可","","無 近隣にコインパーキングあり","都営大江戸線西新宿五丁目駅清水橋出口より徒歩5分 東京メトロ丸の内線西新宿駅より徒歩7分 山手線新宿駅西口より徒歩12分 西新宿五丁目駅から319m","https://tblg.k-img.com/restaurant/images/Rvw/25628/320x320_rect_25628745.jpg","4駅追加"
"ターマンナビリヤニ","3.41","132","3572","インドカレー、インド料理、ダイニングバー","都庁前駅","￥2,000～￥2,999","￥1,000～￥1,999","https://tabelog.com/tokyo/A1304/A130401/13035807/","東京都新宿区西新宿3-2-9 新宿ワシントンホテルビル B1F","1600023","35.68691470738214","139.69307291458415","03-3342-9116","月・火・水・木・金 11:00 - 23:00 土・日・祝日 11:00 - 15:00 17:00 - 23:00","","60席","無","全席禁煙","予約可","","無 専用駐車場はございません","都営大江戸線 都庁前駅 徒歩３分 京王新線 新線新宿駅 徒歩７分 都庁前駅から412m","https://tblg.k-img.com/restaurant/images/Rvw/306033/640x640_rect_12d3e857bb9d8b0e147fd4e3a2fae9ad.jpg","4駅追加"
"WAGYU YAKINIKU IBUSANA","3.47","96","5254","焼肉","参宮橋駅","￥8,000～￥9,999","￥5,000～￥5,999","https://tabelog.com/tokyo/A1318/A131810/13279218/","東京都渋谷区代々木4-10-7","1510053","35.67838333788899","139.69275168324552","03-6304-2728","火・水・木・金・祝前日・祝後日 17:00 - 23:00 L.O. 料理22:30 ドリンク22:45 土・日・祝日 12:00 - 14:30 L.O. 14:00 17:00 - 23:00 L","月曜","15席 （（4名テーブル×３ （個室含みます）））","有 （4人可）","分煙（加熱式たばこ限定） 個室は加熱式たばこ限定 2020年4月1日より受動喫煙対策に関する法律(改正健康増進法）が施行されており、最新の情報と異なる場合がございますので、ご来店前に店舗にご確認ください。","予約可","","無 近隣のコインパーキングをご利用ください","小田急線 参宮橋駅下車、西口の改札を出て左へ。道が二つに分かれる分岐点のグレー色の建物。徒歩約2分。 参宮橋駅から94m","https://tblg.k-img.com/restaurant/images/Rvw/303358/640x640_rect_1d3d28297105f385dbff766a2dadcab5.jpg","4駅追加"
"HOFF","3.41","241","23794","アメリカ料理","幡ケ谷駅","￥3,000～￥3,999","￥1,000～￥1,999","https://tabelog.com/tokyo/A1318/A131807/13049273/","東京都渋谷区初台2-11-11","1510061","35.67593743788766","139.6836889832272","03-6276-0133","水・木・金 12:00 - 15:00 L.O. 料理15:00 17:00 - 22:00 L.O. 21:00 土・日・祝日 11:00 - 15:00 L.O. 料理15:00 17:00 - ","","40席","無","全席禁煙","予約可","","無 近くに駐車場有り","小田急線「代々木上原」「代々木八幡」より徒歩10分 千代田線「代々木公園」より徒歩10分 京王新線「初台」より徒歩10分 京王新線「幡ヶ谷」より徒歩10分 幡ケ谷駅から625m","https://tblg.k-img.com/restaurant/images/Rvw/55738/640x640_rect_55738617.jpg","4駅追加"
"アジアンパーム 渋谷本町店","3.40","198","11142","アジア・エスニック、タイ料理、インドカレー","初台駅","￥2,000～￥2,999","￥1,000～￥1,999","https://tabelog.com/tokyo/A1318/A131807/13001048/","東京都渋谷区本町2-14-4","1510071","35.682102737883206","139.68200618329067","03-3372-9050","月・火・水・木・金 11:30 - 14:30 17:30 - 00:30 L.O. 料理23:30 土・日・祝日 11:30 - 15:00 17:30 - 00:30 L.O. 料理23:30","","48席 （テーブル席48席）","無","全席禁煙","予約可","","無 近隣にコインパーキングあり","京王新線初台駅北口から徒歩7分 京王新線幡ヶ谷駅北口から徒歩12分 初台駅から444m","https://tblg.k-img.com/restaurant/images/Rvw/298992/640x640_rect_8ae284afcecf50fb4a2b9ef8fca1620d.jpg","4駅追加"
"スミヴィノ","3.41","139","8511","イタリアン、肉料理、ワインバー","初台駅","￥5,000～￥5,999","","https://tabelog.com/tokyo/A1318/A131807/13006890/","東京都渋谷区初台1-38-12 三谷ビル　２Ｆ","1510061","35.680466737885816","139.6868988832707","03-3372-7709","月・火・水・木・金 18:00 - 23:00 L.O. 料理22:00 ドリンク22:30 祝日 18:00 - 22:00 L.O. 21:00 土・日","・","26席 （テーブル18席、カウンター8席）","無","全席禁煙","予約可","","無","初台駅 南口から徒歩40秒 「銀だこ酒場」の前「追分そば」の2階です ドリンク販売機とドリンク販売機に挟まれた狭い階段を上がって下さい。 初台駅から106m","https://tblg.k-img.com/restaurant/images/Rvw/352127/640x640_rect_beb543f5af5570d29a07057233d59789.jpg","4駅追加"
"アネアカフェ 参宮橋店","3.41","266","9711","カフェ","参宮橋駅","￥2,000～￥2,999","￥1,000～￥1,999","https://tabelog.com/tokyo/A1318/A131810/13059104/","東京都渋谷区代々木4-10-4 レインボーパレス参宮橋　1Ｆ","1510053","35.67853113788883","139.69252398324718","03-5304-5580","月・火・水・木・金・土・日・祝日・祝前日・祝後日 11:30 - 23:00","無休","50席 （テーブル36席・個室6席・テラス8席）","有 （2人可、4人可、6人可）","全席禁煙","予約可","","無 近隣にコインパーキングあり","小田急小田原線参宮橋駅西口 徒歩1分 参宮橋駅から108m","https://tblg.k-img.com/restaurant/images/Rvw/323962/640x640_rect_d94d7f8c8b421696950a3e6f29546451.jpg","4駅追加"
"Gris bagel","3.44","121","6709","ベーグル","参宮橋駅","￥1,000～￥1,999","￥1,000～￥1,999","https://tabelog.com/tokyo/A1318/A131810/13302394/","東京都渋谷区代々木3-39-15","1510053","35.68176337869264","139.69406914444053","03-5990-6365","水・木 10:00 - 18:00 土・日 10:00 - 17:00 月・火・金","","","無","全席禁煙","予約可","","無","参宮橋駅から339m","https://tblg.k-img.com/restaurant/images/Rvw/332699/640x640_rect_02502e7355c9549ccde2dbc209b2b434.jpg","4駅追加"
"サラダニース","3.41","119","3750","ダイニングバー、ハンバーグ","西新宿五丁目駅","￥1,000～￥1,999","￥1,000～￥1,999","https://tabelog.com/tokyo/A1304/A130401/13031186/","東京都新宿区西新宿4-17-3 ベルパークシティ　１Ｆ","1600023","35.68910603788061","139.6878329833573","03-3375-2844","月・火・水・木・金 11:30 - 15:00 L.O. 14:20 17:30 - 23:50 L.O. 23:00 土 11:30 - 15:00 L.O. 14:20 日・祝日","","36席","有 （2人可）","分煙 2020年4月1日より受動喫煙対策に関する法律(改正健康増進法）が施行されており、最新の情報と異なる場合がございますので、ご来店前に店舗にご確認ください。","予約可","","無","西新宿五丁目駅から318m","https://tblg.k-img.com/restaurant/images/Rvw/366716/640x640_rect_8c2ece605d28d7dd58968f3629c153d2.jpg","4駅追加"
"コンセント","3.41","137","9818","ケーキ、カフェ、パン","幡ケ谷駅","￥2,000～￥2,999","￥2,000～￥2,999","https://tabelog.com/tokyo/A1318/A131807/13006891/","東京都渋谷区本町6-34-8","1510071","35.6802808986883","139.67750211443715","03-3373-8128","月・水・木・金・土・日 11:00 - 18:00 火","","6席 （2名席×3）","無","全席禁煙","予約可","","無 近隣にコインパーキングあり","京王新線幡ヶ谷駅北口徒歩7分 幡ケ谷駅から335m","https://tblg.k-img.com/restaurant/images/Rvw/111774/640x640_rect_111774266.jpg","4駅追加"
"ガンジス 初台オペラシティ店","3.46","269","3896","インド料理、インドカレー","初台駅","￥1,000～￥1,999","￥1,000～￥1,999","https://tabelog.com/tokyo/A1318/A131807/13004254/","東京都新宿区西新宿3-20-2 東京オペラシティ B1F","1600023","35.68225411869021","139.68741654445017","03-5353-6367","11:00 - 23:00","不定休","83席","無","分煙 2020年4月1日より受動喫煙対策に関する法律(改正健康増進法）が施行されており、最新の情報と異なる場合がございますので、ご来店前に店舗にご確認ください。","予約可","","有","初台駅から106m","https://tblg.k-img.com/restaurant/images/Rvw/48485/640x640_rect_48485334.jpg","4駅追加"
"魚貞","3.42","157","22807","日本料理、海鮮、焼き鳥","初台駅","￥5,000～￥5,999","～￥999","https://tabelog.com/tokyo/A1318/A131807/13053980/","東京都渋谷区幡ヶ谷2-8-13","1510072","35.67791424868968","139.67711969441353","03-3374-3305","火・水・木・金 11:30 - 13:30 17:00 - 23:00 土 17:00 - 22:30 月・日・祝日","","","有","全席禁煙","予約可","","無","京王電鉄京王新線幡ヶ谷駅北口より徒歩1分 幡ケ谷駅から70m","https://tblg.k-img.com/restaurant/images/Rvw/150978/640x640_rect_150978086.jpg","4駅追加"
"ハシヤ 幡ヶ谷分店","3.48","463","23134","パスタ","初台駅","￥2,000～￥2,999","￥1,000～￥1,999","https://tabelog.com/tokyo/A1318/A131807/13012827/","東京都-渋谷区幡ケ谷2-5-9","1510072","35.67903866868912","139.6775887844246","03-3373-2660","月・火・木・金・土・日 11:30 - 20:30 水","","16席 （カウンター4席、テーブル12席）","無","全席禁煙","予約可","","無","京王電鉄京王新線幡ヶ谷駅北口より徒歩4分 幡ケ谷駅から202m","https://tblg.k-img.com/restaurant/images/Rvw/20297/640x640_rect_20297452.jpg","4駅追加"
"昇龍","3.48","250","10090","中華料理","参宮橋駅","￥1,000～￥1,999","￥1,000～￥1,999","https://tabelog.com/tokyo/A1318/A131810/13019431/","東京都渋谷区代々木4-6-4","1510053","35.67852276869443","139.6932325344084","03-3370-4889","月・火・水・木・金 11:30 - 14:00 17:30 - 23:00 土 11:30 - 13:30 日","","32席 （内、カウンター４席）","無","全席喫煙可 2020年4月1日より受動喫煙対策に関する法律(改正健康増進法）が施行されており、最新の情報と異なる場合がございますので、ご来店前に店舗にご確認ください。","予約可","","無 徒歩5分ほどのところにコインパーキングあり。","■小田急線 参宮橋駅から徒歩30秒 参宮橋駅から48m","https://tblg.k-img.com/restaurant/images/Rvw/234344/640x640_rect_b280cd1f62ba24d1a51e0a96f536d649.jpg","4駅追加"
"初台 魚ちゃん","3.40","82","4093","海鮮、居酒屋","初台駅","￥4,000～￥4,999","","https://tabelog.com/tokyo/A1318/A131807/13256008/","東京都渋谷区本町2-7-10 渋谷Fハウス10th 1F","1510071","35.6837516686878","139.6828183544685","03-6276-2552","月・火・水・木・金 17:00 - 00:00 L.O. 23:00 土 15:00 - 00:00 L.O. 23:00 日","","","無","全席禁煙 外に灰皿あり","予約可","","無","初台駅から446m","https://tblg.k-img.com/restaurant/images/Rvw/329706/640x640_rect_82a2b3a68b4860fbaa4c427d07466aa5.jpg","4駅追加"
"カウンターパート コーヒーギャラリー","3.45","149","5939","カフェ、喫茶店","初台駅","￥1,000～￥1,999","￥1,000～￥1,999","https://tabelog.com/tokyo/A1304/A130401/13190469/","東京都渋谷区本町3-12-16","1510071","35.6891337286843","139.68258388452304","03-3378-0577","火・水・金・日 09:00 - 18:00 L.O. ドリンク17:45 土 09:00 - 14:00 L.O. ドリンク13:45 月・木","不定休","19席 （1階（カウンター2席）2階（2人掛けテーブル2席、カウンター4席、1人掛けテーブル2席）3階（2人掛けソファー1席、4人掛けソファー1席））","無","全席禁煙","予約不可","","無 近隣にコインパーキングあり","都営大江戸線「西新宿五丁目」駅から徒歩1分、清水橋交差点角 西新宿五丁目駅から185m","https://tblg.k-img.com/restaurant/images/Rvw/53112/640x640_rect_53112346.jpg","4駅追加"
"ヴォーカル","3.44","149","8096","洋食","初台駅","￥1,000～￥1,999","￥1,000～￥1,999","https://tabelog.com/tokyo/A1318/A131807/13013516/","東京都-渋谷区幡ケ谷2-12-11","1510072","35.67855519868915","139.67674758442024","03-3378-3493","月・火・水・木・金 11:30 - 14:30 L.O. 14:00 17:30 - 20:30 L.O. 20:00 土・日・祝日","","20席 （カウンター*8、テーブル*12）","無","全席禁煙","予約不可","","無","京王電鉄京王新線幡ヶ谷駅北口より徒歩2分 幡ケ谷駅から142m","https://tblg.k-img.com/restaurant/images/Rvw/238433/640x640_rect_668b3dee27668e48d7d315546405012d.jpg","4駅追加"
"梁山苑","3.43","171","26765","焼肉","初台駅","￥6,000～￥7,999","","https://tabelog.com/tokyo/A1318/A131807/13125344/","東京都渋谷区本町4丁目36-4","1510071","35.68505135868629","139.68068437448315","03-3378-3803","水・木・金・土・日 18:00 - 21:00 月・火","","20席 （カウンター10席、テーブル1席、座席10席）","無","全席禁煙 店外に灰皿あり","予約可","焼肉 百名店 2018","無 近隣にコイン・パーキングあり","京王新線で初台下車。 オペラシティの脇の道を北進。 本町中につきあたって左折。徒歩１２分。 西新宿五丁目駅から630m","https://tblg.k-img.com/restaurant/images/Rvw/163956/640x640_rect_42833cd0a0a30c4ba5a6d867ee55dbe7.jpg","4駅追加"
"山珍居","3.47","293","15278","台湾料理","西新宿五丁目駅","￥1,000～￥1,999","￥1,000～￥1,999","https://tabelog.com/tokyo/A1304/A130401/13001057/","東京都新宿区西新宿4-4-16","1600023","35.6900441378792","139.68523758336858","03-3376-0541","火・水・木・金 12:00 - 14:00 17:00 - 21:15 L.O. 20:30 土・祝日 17:00 - 20:00 L.O. 19:30 月・日","","30席 （4人掛け×3、2人掛け×9）","有 （8人可）","全席禁煙","予約可","","無","大江戸線 西新宿5丁目より徒歩1分 新宿西口より永福町行きバス 約10分 西新宿五丁目駅から76m","https://tblg.k-img.com/restaurant/images/Rvw/113183/640x640_rect_113183480.jpg","4駅追加"
"麺と小皿 精華","3.41","85","4331","中華料理","代々木八幡駅","～￥999","","https://tabelog.com/tokyo/A1318/A131810/13129417/","東京都渋谷区初台2-5-3","1510061","35.67408763788983","139.6868088832063","03-3370-5908","水 11:30 - 15:00 L.O. 14:30 17:30 - 21:30 L.O. 21:00 木・金 11:30 - 15:00 L.O. 14:30 17:00 - 21:30 L.O. ","","15席 （カウンター7席 4人テーブル2卓）","無","全席禁煙","予約不可","","無","代々木八幡駅から521m","https://tblg.k-img.com/restaurant/images/Rvw/362887/640x640_rect_5e59b283b4ac0127ab7a5360e000759a.jpg","4駅追加"
"萬月","3.41","111","14391","牛タン、居酒屋、麦とろ","幡ケ谷駅","￥5,000～￥5,999","","https://tabelog.com/tokyo/A1318/A131807/13083258/","東京都渋谷区幡ケ谷2-8-5","1500000","35.67800997868965","139.67723201441444","03-3374-2474","月・火・木・金・土 17:00 - 23:00 水・日","月曜日","10席 （カウンターのみ）","無","全席喫煙可 2020年4月1日より受動喫煙対策に関する法律(改正健康増進法）が施行されており、最新の情報と異なる場合がございますので、ご来店前に店舗にご確認ください。","予約可","","無","京王線幡ヶ谷駅徒歩３分 幡ケ谷駅から83m","https://tblg.k-img.com/restaurant/images/Rvw/366202/640x640_rect_46352705c9b029102dc714032ed0ca07.jpg","4駅追加"
"かわしま","3.43","140","6919","そば、天ぷら、郷土料理","初台駅","￥3,000～￥3,999","￥1,000～￥1,999","https://tabelog.com/tokyo/A1318/A131807/13009224/","東京都渋谷区初台1-34-12","1510061","35.67920783788625","139.68581128325874","03-5371-8816","火・水・木・金 11:30 - 14:00 17:30 - 21:30 L.O. 21:00 土・日 11:30 - 14:00 17:30 - 20:30 L.O. 20:00 月","","19席 （カウンター7席、テーブル12席）","無","全席禁煙","予約可","","無","初台駅南口徒歩7分 初台駅から262m","https://tblg.k-img.com/restaurant/images/Rvw/341157/640x640_rect_8bb27bce0b71227c9e0e016941ceac38.jpg","4駅追加"
"こうだ","3.40","84","4536","食堂、洋食、中華料理","初台駅","￥1,000～￥1,999","～￥999","https://tabelog.com/tokyo/A1318/A131810/13081849/","東京都渋谷区元代々木町49-23","1510062","35.67403703869512","139.68645918436783","03-3469-5519","月・火・木・金 11:30 - 14:30 18:00 - 21:00 水・土・日・祝日","","19席 （カウンター5席、テーブル2～4名席×4）","無","全席禁煙","予約不可","","無","東京メトロ千代田線【代々木公園駅】1番出口 小田急電鉄【代々木八幡駅】北口 より徒歩10分 代々木八幡駅から531m","https://tblg.k-img.com/restaurant/images/Rvw/328293/640x640_rect_fc47162a955dfe62f8a61dac4516f6be.jpg","4駅追加"
"嗟哉","3.42","163","3913","ラーメン、つけ麺","初台駅","￥1,000～￥1,999","～￥999","https://tabelog.com/tokyo/A1318/A131807/13006900/","東京都渋谷区本町2-4-3","1510071","35.683363558688484","139.68422546446362","03-3375-8117","月・水・金 11:30 - 15:30 18:00 - 00:00 火・木 11:30 - 15:30 18:00 - 23:00 土・日","","11席 （全てカウンター席）","無","全席禁煙","予約不可","","無","京王新線初台駅北口から徒歩3分 オペラシティ裏側の水道道路沿い 初台駅から320m","https://tblg.k-img.com/restaurant/images/Rvw/301323/640x640_rect_26cfcacc6d75c307399852a5d95cc1ac.jpg","4駅追加"
"キッチンキクヤ","3.42","112","4127","洋食、オムライス、コロッケ","初台駅","￥1,000～￥1,999","￥1,000～￥1,999","https://tabelog.com/tokyo/A1318/A131807/13092269/","東京都渋谷区本町2-5-13","1510071","35.68392792868795","139.6836616044697","03-3376-3096","月・火・水・木・金・土 11:00 - 22:00 L.O. 21:30 日・祝日","","18席","無","全席喫煙可 2020年4月1日より受動喫煙対策に関する法律(改正健康増進法）が施行されており、最新の情報と異なる場合がございますので、ご来店前に店舗にご確認ください。","予約可","","無 近隣にコインパークあり","京王新線 初台駅 中央口改札を出たら北口へ オペラ通りを北へ進み、水道通りを渡り不動通り商店街に入ってすぐ。 初台駅から徒歩6分程度。 京王バス 幡ヶ谷不動尊バス停下車、徒歩２分 初台駅から400m","https://tblg.k-img.com/restaurant/images/Rvw/361336/640x640_rect_cb57ed02b1d0faf05e5b100457814b08.jpg","4駅追加"
"Cyodo","3.46","133","18810","カフェ","初台駅","￥15,000～￥19,999","￥1,000～￥1,999","https://tabelog.com/tokyo/A1318/A131807/13270222/","東京都渋谷区本町6-37-10","1510071","35.68090923018138","139.67668705193145","","火・水・木・金・土・日 09:00 - 16:00 17:00 - 23:00 月","","11席 （カウンター7席、テーブル4席、ほかスタンディング）","無","全席禁煙","予約可","","無","幡ケ谷駅から403m","https://tblg.k-img.com/restaurant/images/Rvw/284875/640x640_rect_3f2b791a10d5a2af66786cc41550cb6f.jpg","4駅追加"
"麺屋 琥珀","3.48","214","7415","ラーメン","初台駅","","","https://tabelog.com/tokyo/A1318/A131807/13248484/","東京都渋谷区初台1-34-1","1510061","35.67980845869105","139.68516442442703","03-6276-6226","月・火・木・金 11:30 - 15:00 18:00 - 22:00 L.O. 21:40 水 11:30 - 15:00 土・日・祝日","","8席 （カウンター8席）","無","全席禁煙","予約不可","","無","初台駅 甲州街道南口から徒歩3分 初台駅から234m","https://tblg.k-img.com/restaurant/images/Rvw/133144/640x640_rect_133144328.jpg","4駅追加"
"District Brasserie, Bar, Lounge","3.47","352","15796","レストラン、フレンチ、ステーキ","初台駅","￥10,000～￥14,999","￥6,000～￥7,999","https://tabelog.com/tokyo/A1304/A130401/13251575/","東京都新宿区西新宿3-4-7 Kimpton Shinjuku Tokyo 2F","1600023","35.68558039169503","139.69227359795718","03-6258-1414","月・火・水・木・金・土・日・祝日・祝前日・祝後日 07:00 - 10:00 L.O. 料理10:00 11:30 - 15:00 L.O. 料理15:00 18:00 - 21:00 L.O. 料理","なし","167席 （バーカウンター10席、テラス 42席）","無","分煙（加熱式たばこ限定） テラスのみ加熱式たばこ可。ホテル内に喫煙室がございます。 2020年4月1日より受動喫煙対策に関する法律(改正健康増進法）が施行されており、最新の情報と異なる場合がございますので、ご来店前に店舗にご確認ください。","予約可","","有 機械式40台 15分/250円 詳細は施設HPをご確認ください。","JR新宿駅南口より徒歩12分 都営大江戸線都庁前駅A4出口より徒歩8分 都庁前駅から559m","https://tblg.k-img.com/restaurant/images/Rvw/181047/320x320_rect_3e6d9333970f465f48e654bc10332b41.jpg","4駅追加"
"yoshida coffee sangubashi","3.48","165","8633","カフェ","参宮橋駅","￥1,000～￥1,999","￥1,000～￥1,999","https://tabelog.com/tokyo/A1318/A131810/13276931/","東京都渋谷区代々木4-21-12","1510053","35.680228537887196","139.69077438326556","","火・水・木・金 08:00 - 18:00 土・祝日 08:00 - 17:00 月・日","","7席 （カウンター3席、テーブル2席、ベンチ2席。他に店外にベンチ2席）","無","全席禁煙","予約不可","","無","参宮橋駅から313m","https://tblg.k-img.com/restaurant/images/Rvw/281458/640x640_rect_5020562ee220b7e93f817ea172e18b5f.jpg","4駅追加"
"パトワール 新宿店","3.46","206","6007","インド料理","南新宿駅","￥1,000～￥1,999","￥1,000～￥1,999","https://tabelog.com/tokyo/A1304/A130401/13009221/","東京都渋谷区代々木3-23-5 ＴＫビル 1Ｆ","1510053","35.6857438386899","139.69343580448117","03-5371-3305","11:00 - 03:00 営業時間・","","10席","無","全席禁煙","予約可","","無 徒歩２分以内に有料駐車場あり","都営地下鉄新宿線、京王新線【新宿駅】徒歩５分 都営地下鉄大江戸線【新宿駅】徒歩７分 ＪＲ各線【新宿駅】南口／新南口 徒歩10分 南新宿駅から535m","https://tblg.k-img.com/restaurant/images/Rvw/339963/640x640_rect_52194481cd86ed417c4589bfb15af319.jpg","4駅追加"
"富城屋","3.42","159","3032","中華料理","西新宿五丁目駅","￥1,000～￥1,999","～￥999","https://tabelog.com/tokyo/A1304/A130401/13040468/","東京都新宿区西新宿4-4-15","1600023","35.68997363787921","139.68514388336797","03-3376-7011","月・火・水・木・金・土 11:20 - 15:00 L.O. 14:50 17:40 - 21:00 L.O. 20:50 日・祝日","","30席 （テーブル30席）","無","全席禁煙","予約可","","無","最寄り駅：都営大江戸線西新宿５丁目 駅から徒歩1分。 西新宿五丁目駅から66m","https://tblg.k-img.com/restaurant/images/Rvw/112715/640x640_rect_112715384.jpg","4駅追加"
"ハーベスト","3.41","119","5830","洋食、ヨーロッパ料理","初台駅","￥1,000～￥1,999","","https://tabelog.com/tokyo/A1318/A131807/13076583/","東京都渋谷区幡ヶ谷2-7-9 酒井ビル 1F","1510072","35.6780026378844","139.6775858832523","03-3376-4410","【営業時間】 11:30?14:00 17:30? 【","","22席","無","全席喫煙可 2020年4月1日より受動喫煙対策に関する法律(改正健康増進法）が施行されており、最新の情報と異なる場合がございますので、ご来店前に店舗にご確認ください。","予約可","","無","京王新線幡ヶ谷駅徒歩2分 幡ケ谷駅から96m","https://tblg.k-img.com/restaurant/images/Rvw/350501/640x640_rect_d3bcd2c5418b5a691e1e25444fef3eb0.jpg","4駅追加"
"千串屋 初台総本店","3.43","117","3639","串焼き","初台駅","￥5,000～￥5,999","","https://tabelog.com/tokyo/A1318/A131807/13042983/","東京都渋谷区初台1-37-1 B1F","1510061","35.680341637885824","139.68672188326954","03-5333-4550","月・火・水・木・金 17:00 - 00:00 土・日 16:30 - 00:00 [月?金] ランチ 11:30 ? 13:30 ディナー 17:00 ? 24:00 L.O. 23:00 [日・土","","30席","無","分煙（加熱式たばこ限定） 2020年4月1日より受動喫煙対策に関する法律(改正健康増進法）が施行されており、最新の情報と異なる場合がございますので、ご来店前に店舗にご確認ください。","予約可","","無","京王新線 初台駅南口より徒歩1分 初台駅から120m","https://tblg.k-img.com/restaurant/images/Rvw/365170/640x640_rect_aff28fd54184a8fb5f96fe09285a93b4.jpg","4駅追加"
"デリカテッセン","3.47","338","10469","惣菜・デリ、カフェ、スイーツ","初台駅","￥1,000～￥1,999","￥1,000～￥1,999","https://tabelog.com/tokyo/A1304/A130401/13004203/","東京都新宿区西新宿3-7-1-2 パーク ハイアット 東京 1F","1600023","35.685847537883596","139.69072138332237","03-5323-3635","11:00 - 19:00 営業時間・","","21席 （テラス席を除く）","無","分煙 テラス席は喫煙可 2020年4月1日より受動喫煙対策に関する法律(改正健康増進法）が施行されており、最新の情報と異なる場合がございますので、ご来店前に店舗にご確認ください。","予約不可","","有","新宿駅西口 徒歩１０分 新宿西口エルタワー前よりホテルまで無料送迎バス有 9：20～21：30 毎時2～3本 都庁前駅から556m","https://tblg.k-img.com/restaurant/images/Rvw/46095/640x640_rect_46095018.jpg","4駅追加"
"油見","3.62","0","33","居酒屋、ホルモン","幡ケ谷駅","￥5,000～￥5,999","￥5,000～￥5,999","https://tabelog.com/tokyo/A1318/A131807/13276497/","東京都渋谷区幡ヶ谷2-13-4","1510072","35.67765520701432","139.67677431202384","","15:00 - 03:00","不定休","30席 （カウンター4席・テーブル２卓・半個室5卓・個室1卓）","有 （2人可、4人可、6人可） 個室2~4名 半個室2~8名","分煙（加熱式たばこ限定） 2020年4月1日より受動喫煙対策に関する法律(改正健康増進法）が施行されており、最新の情報と異なる場合がございますので、ご来店前に店舗にご確認ください。","予約可","","無 近隣にコインパーキング有り。 徒歩5分未満","京王電鉄京王線 幡ヶ谷駅 北口から徒歩10秒。 幡ケ谷駅から45m","https://tblg.k-img.com/images/shared/nophoto/nophoto_200x200.png","4駅追加"
"LIFE son","3.42","219","20574","レストラン、カフェ","参宮橋駅","￥5,000～￥5,999","￥2,000～￥2,999","https://tabelog.com/tokyo/A1318/A131810/13140778/","東京都渋谷区代々木4-5-13 レインボービルⅢ 1F","1510053","35.67868956869408","139.69248538441056","03-6276-1115","火・水・木・金・土・日 11:30 - 14:30 18:00 - 21:00 月","","（30席前後？）","無","全席禁煙","予約可","","無","<小田急線> 参宮橋駅徒歩1分/ 代々木八幡駅 徒歩10分 <JR>代々木駅 徒歩10分 <京王新線>初台7分 <地下鉄千代田線>代々木公園駅 徒歩10分 参宮橋駅から110m","https://tblg.k-img.com/restaurant/images/Rvw/58663/320x320_rect_5d9c8431aede086fecc8a5fb3fbbbe63.jpg","4駅追加"
"ラヴィアンローズ","3.40","63","1696","イタリアン","都庁前駅","￥4,000～￥4,999","～￥999","https://tabelog.com/tokyo/A1304/A130401/13011988/","東京都新宿区西新宿3-3-15 ワシントンホテル新館　１Ｆ","1600023","35.68644387868917","139.69251001448893","03-3345-9995","月・火・水・木・金・土 11:30 - 14:20 L.O. 13:40 18:00 - 22:30 日・祝日","","43席","無","全席禁煙","予約可","","無 近隣にコインパーキングあり","各線新宿駅より徒歩7分 都庁前駅から462m","https://tblg.k-img.com/restaurant/images/Rvw/18417/640x640_rect_18417452.jpg","4駅追加"
"寄","3.47","241","17859","立ち飲み","参宮橋駅","￥3,000～￥3,999","￥1,000～￥1,999","https://tabelog.com/tokyo/A1318/A131810/13286387/","東京都渋谷区代々木3-38-10 1F","1510053","35.68125913788732","139.69324028327426","03-6381-6131","月・火・木・金・土・日 11:30 - 23:00 L.O. 料理22:00 ドリンク22:30 水","","16席","無","分煙 喫煙スペースあり 2020年4月1日より受動喫煙対策に関する法律(改正健康増進法）が施行されており、最新の情報と異なる場合がございますので、ご来店前に店舗にご確認ください。","予約可","","無","小田急線参宮橋駅より徒歩3分 参宮橋駅から284m","https://tblg.k-img.com/restaurant/images/Rvw/222719/640x640_rect_68331e9f9e167885894614b40afbbeae.jpg","4駅追加"
"焼肉もーとん 笹塚店","3.40","216","4841","焼肉、居酒屋、韓国料理","笹塚駅","￥4,000～￥4,999","","https://tabelog.com/tokyo/A1318/A131808/13094116/","東京都渋谷区笹塚1-56-6 楽ビル 1F","1510073","35.674265237883546","139.6674229832217","03-3299-0291","月・火・水・木・金・土・日・祝日 17:00 - 04:00 L.O. 03:00","無休","43席","無 半個室あり","全席禁煙 店内に喫煙コーナーを設置しております。","予約可","","無 近隣にコインパーキングあり","笹塚駅徒歩1分 笹塚駅から55m","https://tblg.k-img.com/restaurant/images/Rvw/110548/640x640_rect_110548774.jpg","4駅追加"
"豊洲の鮮魚 三四味屋 笹塚店","3.43","173","3482","居酒屋、海鮮、海鮮丼","笹塚駅","￥3,000～￥3,999","￥1,000～￥1,999","https://tabelog.com/tokyo/A1318/A131808/13302677/","東京都渋谷区笹塚1-57-10","1510073","35.67396508111206","139.66697762246432","03-3373-3461","月・火・水・木・金・土・日・祝日・祝前日・祝後日 11:30 - 14:30 17:00 - 23:00","","48席 （貸切をご希望の場合はTELにてご相談ください！）","無 貸切をご希望の場合はTELにてご相談ください！","全席禁煙 ※喫煙専用個室有（店内に喫煙個室設置しています）","予約可","","無 笹塚ボウルの駐車場等の近隣に多数パーキングあり","京王線 笹塚駅より徒歩1分『笹塚ボウル2階』です！ 笹塚駅から43m","https://tblg.k-img.com/restaurant/images/Rvw/272567/320x320_rect_6eeb27c60b81562432650e77220f591c.jpg","4駅追加"
"ELMO+ 笹塚店","3.43","230","5274","イタリアン、ピザ","笹塚駅","￥4,000～￥4,999","￥1,000～￥1,999","https://tabelog.com/tokyo/A1318/A131808/13278467/","東京都渋谷区笹塚1-56-18 京王クラウン街笹塚","1510073","35.67380643788381","139.6673650832171","03-6300-4362","月・火・水・木・金・土・日・祝日・祝前日・祝後日 11:00 - 15:30 L.O. 15:00 17:00 - 22:30 L.O. 料理21:30 ドリンク22:00","","102席 （店内78席テラス24席）","有 （4人可） 個室は最大４名様までです。","全席禁煙","予約可","","無 近隣にコインパーキングあり","京王線笹塚駅改札でてすぐ！！ 笹塚駅から5m","https://tblg.k-img.com/restaurant/images/Rvw/319085/320x320_rect_ddb5b8d9d201bb36d1891c858e2384ba.jpg","4駅追加"
"ジャイヒンド 笹塚店","3.47","302","9945","インド料理、インドカレー、居酒屋","笹塚駅","￥1,000～￥1,999","￥1,000～￥1,999","https://tabelog.com/tokyo/A1318/A131808/13044522/","東京都渋谷区笹塚1-56-6 クレセントプラザ笹塚　２Ｆ","1510073","35.674124237883674","139.66755978322018","03-3374-0651","月・火・水・木・金 11:00 - 15:00 L.O. 14:30 17:00 - 23:00 L.O. 22:30 土・日・祝日 11:00 - 23:00 L.O. 22:30","無休","25席 （テーブル25席）","無","全席禁煙","予約可","","無","京王線笹塚駅北口より徒歩1分 笹塚駅から42m","https://tblg.k-img.com/restaurant/images/Rvw/148354/640x640_rect_148354483.jpg","4駅追加"
"bistro IZUMY","3.46","100","6860","ビストロ、イタリアン、ワインバー","笹塚駅","￥6,000～￥7,999","","https://tabelog.com/tokyo/A1318/A131808/13280073/","東京都渋谷区幡ヶ谷1-9-6 リッツ幡ヶ谷 1F","1510072","35.67557403788422","139.6721447832316","03-6383-4415","月・火・木・金 18:00 - 23:00 L.O. 料理22:00 ドリンク22:30 土 11:30 - 15:00 L.O. 料理13:30 ドリンク14:30 17:00 - 23:00 L.","水曜日","16席","無","全席禁煙","予約可","","無","京王新線 幡ヶ谷駅から徒歩6分 京王線 笹塚駅から徒歩6分 小田急線 東北沢駅から徒歩15分 笹塚駅から475m","https://tblg.k-img.com/restaurant/images/Rvw/195176/640x640_rect_021f5ef34e783686fe7f523b14f8eb69.jpg","4駅追加"
"幡ヶ谷 ウオチャン","3.41","93","4527","海鮮、居酒屋","幡ケ谷駅","￥3,000～￥3,999","","https://tabelog.com/tokyo/A1318/A131807/13285697/","東京都渋谷区西原2-30-1","1510066","35.67579109869123","139.67773837439168","03-6407-1900","月・火・水・木・金 17:00 - 00:00 土 15:00 - 00:00 日","","","無","全席喫煙可 2020年4月1日より受動喫煙対策に関する法律(改正健康増進法）が施行されており、最新の情報と異なる場合がございますので、ご来店前に店舗にご確認ください。","予約可","","無","幡ケ谷駅から180m","https://tblg.k-img.com/restaurant/images/Rvw/359895/640x640_rect_174118fed1d5a5cdda102f3661548752.jpg","4駅追加"
"鳥屋 花 笹塚本店","3.41","130","7178","居酒屋、親子丼、焼き鳥","笹塚駅","￥4,000～￥4,999","","https://tabelog.com/tokyo/A1318/A131808/13032832/","東京都渋谷区笹塚1-28-7 第１レアヒビル　１Ｆ","1510073","35.67303907868962","139.66718974437126","03-3467-8714","月・火・水・木・金・土・祝前日 17:00 - 23:30 L.O. 料理22:30 ドリンク23:00 日・祝日 17:00 - 22:00 L.O. 料理21:00 ドリンク21:30","不定休","20席 （カウンター10席、テーブル4席×2）","無","全席禁煙","予約可","","無","京王線 笹塚駅より徒歩1分 笹塚駅から83m","https://tblg.k-img.com/restaurant/images/Rvw/50336/320x320_square_50336175.jpg","4駅追加"
"兎屋","3.43","196","14710","居酒屋、日本料理","笹塚駅","￥5,000～￥5,999","￥5,000～￥5,999","https://tabelog.com/tokyo/A1318/A131808/13014165/","東京都渋谷区笹塚1-10-6 １Ｆ","1510073","35.67355080869011","139.66976514437462","03-5454-9003","火・水・木・金・土・日 11:30 - 22:00 L.O. 料理21:00 ドリンク21:30 月","","46席 （詰めて52席です。立食などのご相談も承ります。）","無 レールカーテンを下げておとなりのお席が気にならないように配置することもできます。","全席禁煙","予約可","","無","観音通り入り口の四つ角を左に曲がって１００メートル。 中村屋本社跡地の手前右側です。 笹塚駅から217m","https://tblg.k-img.com/restaurant/images/Rvw/46339/640x640_rect_46339546.jpg","4駅追加"
"西安ビャンビャン麺 笹塚店","3.45","167","2711","ラーメン、中華料理","笹塚駅","￥1,000～￥1,999","￥1,000～￥1,999","https://tabelog.com/tokyo/A1318/A131808/13280165/","東京都渋谷区笹塚1-55-16 京王クラウン街笹塚","1510073","35.674377248689424","139.66923669438333","03-5990-6633","11:00 - 15:00 17:00 - 22:30 営業時間・","","28席 （テーブル席のみ(うちボックス席16席)）","無","","予約不可","","無","笹塚駅から180m","https://tblg.k-img.com/restaurant/images/Rvw/357730/640x640_rect_d1192948ccc6263fb20722246f03d70f.jpg","4駅追加"
"Menotti's Tokyo","3.46","95","3521","カフェ","笹塚駅","","￥1,000～￥1,999","https://tabelog.com/tokyo/A1318/A131808/13265985/","東京都世田谷区北沢5-37-11","1550031","35.67157553788544","139.66804998319404","","08:00 - 18:30","不定休","12席 （カウンター1席、4人ベンチ席、2人テーブル席、スツール2席、テラスベンチ3席）","無","全席禁煙","予約不可","","無","笹塚駅徒歩3分 笹塚駅から251m","https://tblg.k-img.com/restaurant/images/Rvw/359954/320x320_rect_8c7afd8675fe6bdacd58f5210f9dd806.jpg","4駅追加"
"たけ虎","3.43","198","10631","ラーメン、居酒屋","幡ケ谷駅","～￥999","～￥999","https://tabelog.com/tokyo/A1318/A131807/13014461/","東京都-渋谷区幡ケ谷1-32-1 村川ビル 1F","1510072","35.6762336378853","139.67692188323494","03-3465-6372","月・水・金・土・祝日 11:30 - 15:00 L.O. 14:30 18:00 - 21:30 L.O. 21:00 火 11:30 - 15:00 L.O. 14:30 木・日","","16席 （カウンター*8、テーブル*8）","無","全席禁煙","予約可","","無","京王電鉄京王新線幡ヶ谷駅南口より徒歩30秒 幡ケ谷駅から117m","https://tblg.k-img.com/restaurant/images/Rvw/365089/640x640_rect_93ff23cdd335941f69eb656d98c6082d.jpg","4駅追加"
"蒼凛","3.44","166","8362","そば","笹塚駅","","￥1,000～￥1,999","https://tabelog.com/tokyo/A1318/A131808/13181088/","東京都渋谷区笹塚2-30-9 シャトレー笹塚 1F","1510073","35.67438313788216","139.66331428322576","03-3373-8374","火・水・木・金・土・日 11:30 - 15:00 L.O. 14:30 月","","19席","無","全席禁煙","予約不可","","無 近隣にコインパーキングあり","京王線笹塚駅より徒歩5分 笹塚駅から375m","https://tblg.k-img.com/restaurant/images/Rvw/349155/640x640_rect_6a4b83d310c5d74aba720a0c81460ac3.jpg","4駅追加"
"BEANS&BEANS ぽえむ","3.41","96","1082","カフェ、喫茶店","笹塚駅","￥1,000～￥1,999","￥1,000～￥1,999","https://tabelog.com/tokyo/A1318/A131808/13274071/","東京都渋谷区笹塚1-48-14 笹塚ショッピングモールTWENTY ONE 2F","1510073","35.6738126386897","139.66896874437782","03-5738-7501","月・火・水・木・金・土・日・祝日・祝前日・祝後日 10:00 - 21:00","不定休","32席","無","分煙 喫煙ブーススモーククリア設置店 紙巻きたばこもOK 2020年4月1日より受動喫煙対策に関する法律(改正健康増進法）が施行されており、最新の情報と異なる場合がございますので、ご来店前に店舗にご確認ください。","予約不可","","有 当施設パーキングあり1500円以上ご利用１時間無料","京王線、京王新線笹塚駅より徒歩3分 お車の場合は甲州街道より笹塚21駐車場をご利用ください。 笹塚駅から143m","https://tblg.k-img.com/restaurant/images/Rvw/253544/640x640_rect_f275963f15afd12b58187e54263d78b3.jpg","4駅追加"
"ザ バーガーショップ 393","3.44","160","5244","ハンバーガー","笹塚駅","","￥1,000～￥1,999","https://tabelog.com/tokyo/A1318/A131808/13243884/","東京都渋谷区笹塚3-9-3","1510073","35.67736183868762","139.66950970441326","03-6300-9929","11:00 - 19:00 営業時間・","","24席 （カウンター７席 テーブル２席 ３席 ４席×３）","無","全席禁煙","予約可","","無","京王線 笹塚駅下車徒歩７分 笹塚駅から442m","https://tblg.k-img.com/restaurant/images/Rvw/361602/640x640_rect_da8316c47a21b41db1505b5b0286d199.jpg","4駅追加"
"スリーコンカフェ 代田橋店","3.46","149","2806","サンドイッチ、カフェ、パン","代田橋駅","～￥999","～￥999","https://tabelog.com/tokyo/A1318/A131808/13026478/","東京都世田谷区大原2-27-29 メゾン代田橋 1F","1560041","35.671569008687754","139.65841742436254","03-3328-4211","07:00 - 22:00 営業時間・","","38席","無","分煙 2020年4月1日より受動喫煙対策に関する法律(改正健康増進法）が施行されており、最新の情報と異なる場合がございますので、ご来店前に店舗にご確認ください。","予約不可","","無","京王線 代田橋駅下車 徒歩2分 代田橋駅から83m","https://tblg.k-img.com/restaurant/images/Rvw/102752/320x320_rect_a94329c174fae7f64a59bcf25e6d0767.jpg","4駅追加"
"七宝麻辣湯 笹塚店","3.44","164","2600","中華料理","笹塚駅","￥1,000～￥1,999","￥1,000～￥1,999","https://tabelog.com/tokyo/A1318/A131808/13296951/","東京都渋谷区笹塚1-56-18","1510073","35.67389840868936","139.66808294437928","03-6273-5170","11:00 - 23:00 L.O. 22:30","","17席","無","全席禁煙","予約不可","","無","笹塚駅南口から徒歩1分 笹塚駅から65m","https://tblg.k-img.com/restaurant/images/Rvw/236532/640x640_rect_4ae7574f1317e324c9238674b97bb072.jpg","4駅追加"
"メゾンブルトンヌ　ガレット屋","3.42","194","14881","フレンチ、カフェ、バル","笹塚駅","￥4,000～￥4,999","￥1,000～￥1,999","https://tabelog.com/tokyo/A1318/A131808/13060416/","東京都渋谷区笹塚3-19-6","1510073","35.676981710927734","139.66743744538493","03-6304-2855","","","19席 （カウンター9席 テラス4席 テーブル6席）","無","全席禁煙 テラス席のみ喫煙可","予約可","","無","京王線・都営新宿線 笹塚駅改札を出て京王クラウンを抜けてつきあたりの道路を進行方向左側に進みます。甲州街道をわたり笹塚商店街に向かいます。水道道路を渡った先10メートルで進行方向左側のお店です。 笹塚駅から356m","https://tblg.k-img.com/restaurant/images/Rvw/56074/640x640_rect_56074226.jpg","4駅追加"
"沖縄酒場SABANI","3.44","152","6320","沖縄料理、沖縄そば、居酒屋","笹塚駅","￥3,000～￥3,999","～￥999","https://tabelog.com/tokyo/A1318/A131808/13058371/","東京都杉並区和泉1-3-15 沖縄タウン大都市場内","1680063","35.67266568868697","139.65811419437384","03-3322-0382","月・火・水 11:30 - 14:30 17:00 - 22:00 L.O. 21:00 金 11:30 - 14:30 17:00 - 23:00 L.O. 22:00 土 11:30 - 14:3","","20席 （カウンター10席 テーブル10席）","無","全席禁煙","予約可","","無 近隣にコインパーキング有り（沖縄タウン内）","代田橋駅徒歩4分（歩道橋を渡って、沖縄タウンの大都市場内） 代田橋駅から207m","https://tblg.k-img.com/restaurant/images/Rvw/11547/640x640_rect_11547455.jpg","4駅追加"
"eimy sandwich","3.44","154","4452","サンドイッチ、パン","笹塚駅","～￥999","～￥999","https://tabelog.com/tokyo/A1318/A131808/13255769/","東京都渋谷区笹塚1-60-9 1F","1510073","35.67331653788324","139.6645872832141","03-6276-3447","月 09:00 - 17:00 火・水・木・金・土・日 07:00 - 19:00","","（テイクアウトのみ）","無","全席禁煙","予約可","","無","京王線笹塚駅徒歩4分 宿44･渋60･66･69･ハチ公バス春の小川ルート「笹塚二丁目」バス停下車すぐ 笹塚駅から259m","https://tblg.k-img.com/restaurant/images/Rvw/310476/640x640_rect_ff736d3edb2fde326ad6f44d7b8c5d02.jpg","4駅追加"
"上海台所 鍋家 幡ケ谷店","3.48","415","15009","中華料理、餃子","幡ケ谷駅","￥3,000～￥3,999","￥1,000～￥1,999","https://tabelog.com/tokyo/A1318/A131807/13001037/","東京都渋谷区幡ヶ谷2-56-5","1510072","35.67762013868789","139.6709131844149","03-3370-3818","月・火・水・木・金・土・日・祝日・祝前日・祝後日 11:00 - 15:00 L.O. 14:30 17:00 - 04:00 L.O. 03:30 年中無休となります。 １月１日のみ休業日となります","","50席 （カウンター×15、テーブル×45）","無","全席禁煙","予約可","","無 付近にコインパーキングあり","京王電鉄京王線笹塚駅 北口より徒歩8分 京王電鉄京王線幡ヶ谷駅 より徒歩１０分 笹塚駅から533m","https://tblg.k-img.com/restaurant/images/Rvw/310593/640x640_rect_f700d7d37bb6c46a06c635b26926971b.jpg","4駅追加"
"柳屋","3.45","195","6234","そば、うどん、カレーうどん","笹塚駅","～￥999","～￥999","https://tabelog.com/tokyo/A1318/A131808/13074278/","東京都渋谷区笹塚2-11-4","1510073","35.674971104824465","139.6681344245173","","月・火・水・木・金 06:10 - 14:30 土・日・祝日","","5席 （カウンター席のみ、アクリル板設置で実質4席）","無","全席禁煙","予約不可","","無 近隣にコインパーキングあり","京王電鉄京王線笹塚駅北口より徒歩3分 笹塚駅から149m","https://tblg.k-img.com/restaurant/images/Rvw/250762/640x640_rect_5cda04412d3d586558b8438e6e361897.jpg","4駅追加"
"ディアオール","3.42","130","6270","カフェ","笹塚駅","","～￥999","https://tabelog.com/tokyo/A1318/A131808/13198355/","東京都渋谷区笹塚1-59-5","1510073","35.673440937883214","139.66477378321522","","火・水・木・金・土・日 09:00 - 17:00 月","","13席 （テーブル13席）","無","全席禁煙","予約不可","","無","笹塚駅から239m","https://tblg.k-img.com/restaurant/images/Rvw/169171/640x640_rect_4cbe4114731723b27e08787ff8b8e2fd.jpg","4駅追加"
"山田","3.43","66","5841","ワインバー","幡ケ谷駅","￥3,000～￥3,999","","https://tabelog.com/tokyo/A1318/A131807/13271686/","東京都渋谷区西原1-21-16 パラスト西原 1F","1510066","35.676155309709515","139.67757386382763","","月・水・木・金 17:00 - 23:00 土・日・祝日 15:30 - 23:00 火","","10席","無","全席禁煙","予約可","","無","幡ケ谷駅から137m","https://tblg.k-img.com/restaurant/images/Rvw/289111/640x640_rect_925785e832a7bcec17ab387c487191af.jpg","4駅追加"
"OC tokyo","3.47","178","14641","クレープ・ガレット","下北沢駅","￥8,000～￥9,999","￥2,000～￥2,999","https://tabelog.com/tokyo/A1318/A131802/13296703/","東京都世田谷区北沢5-27-16 KMK 1F","1550031","35.67104048872667","139.6724048063908","","09:00 - 20:00 夜は不定休（Instagramを確認） 営業時間・","","21席","無","全席禁煙","予約不可","","無","笹塚駅から546m","https://tblg.k-img.com/restaurant/images/Rvw/354053/640x640_rect_967a74ae38c7fccafcd4019c7061092f.jpg","4駅追加"
"おこん","3.45","382","93086","日本料理、釜飯、すき焼き","代々木上原駅","￥15,000～￥19,999","","https://tabelog.com/tokyo/A1318/A131811/13054942/","東京都渋谷区西原2-48-2","1510066","35.67286513788751","139.67710288320077","050-1722-2844","月・水・木・金・土・日・祝日 17:00 - 22:00 L.O. 21:30 火","","21席 （カウンター席は無し 個室あり）","有 完全個室小部屋 2名?5名 完全個室大部屋 4名?8名 個室使用料金 チャージ1000円 サービス料15%","分煙 外に灰皿がございます 2020年4月1日より受動喫煙対策に関する法律(改正健康増進法）が施行されており、最新の情報と異なる場合がございますので、ご来店前に店舗にご確認ください。","予約可","","無 徒歩圏内にコインパーキングございます","小田急線・千代田線 代々木上原駅（北口1番） 徒歩7分 京王新線 幡ヶ谷駅（南口） 徒歩7分 (googleマップでは店舗裏手にピンされておりますので表玄関へお回りください) インターネット予約はオフィシャルHPからできます 代々木上原駅から487m","https://tblg.k-img.com/restaurant/images/Rvw/153900/640x640_rect_153900242.jpg","4駅追加"
"山横沢","3.40","92","18637","そば、沖縄料理","笹塚駅","￥1,000～￥1,999","","https://tabelog.com/tokyo/A1318/A131808/13041797/","東京都渋谷区笹塚1-58-9","1510073","35.67349221868894","139.66598719437667","080-6709-1589","18:30 - 22:00 不定休 営業時間・","","14席 （カウンター4／４人がけ1／６人がけ１ 混んでいるときは気さくに相席）","無","全席禁煙","予約可","","無","京王線・京王新線笹塚駅下車 北口を出て左折 徒歩1分 笹塚駅から131m","https://tblg.k-img.com/restaurant/images/Rvw/350899/640x640_rect_7e1ac057b82a55b84887a759c2028f61.jpg","4駅追加"
"麺屋吟治zero","3.41","146","2277","ラーメン","笹塚駅","","￥2,000～￥2,999","https://tabelog.com/tokyo/A1318/A131808/13289323/","東京都渋谷区笹塚1-58-13 フィエスタ笹塚 6F","1510073","35.673630848688944","139.6662630443779","03-6876-0583","月・水・木・金・土・日 11:00 - 16:00 火 11:00 - 14:00 営業時間・","","","無","","予約不可","","無","京王線笹塚駅北口から徒歩3分 笹塚駅から103m","https://tblg.k-img.com/restaurant/images/Rvw/332911/640x640_rect_a86074127301eebfda2c24e77ea9ca1b.jpg","4駅追加"
"らーめん屋 豪快","3.46","301","5291","ラーメン、担々麺、ちゃんぽん","笹塚駅","￥1,000～￥1,999","￥1,000～￥1,999","https://tabelog.com/tokyo/A1318/A131808/13019847/","東京都渋谷区笹塚1-56-2","1510073","35.674225468688896","139.66728355438315","03-3378-5798","月・火・水・木・金 11:00 - 23:30 土 11:15 - 22:00 日 11:00 - 21:00 営業時間・","","12席 （カウンターのみ）","無","全席禁煙","予約不可","","無","京王線「笹塚駅」北口から徒歩１分。 笹塚駅から51m","https://tblg.k-img.com/restaurant/images/Rvw/338833/640x640_rect_051ba8ed93caf7954af4ffac39c77db7.jpg","4駅追加"
"下北沢 肉バル Bon","3.40","338","19597","バル、ダイニングバー、イタリアン","下北沢駅","￥4,000～￥4,999","￥1,000～￥1,999","https://tabelog.com/tokyo/A1318/A131802/13188119/","東京都世田谷区北沢2-7-8 山本ビル 1F","1550031","35.661935437892005","139.66940368309577","03-5738-8229","月・火・水・木・金・土・日・祝日 17:00 - 23:00 L.O. 料理22:00","","32席","有 （2人可） 半個室タイプです","全席禁煙","予約可","","無 近隣にコインパーキングがございますので、恐れ入りますがそちらをご利用下さい","下北沢駅東口から徒歩2分 改札を出てまっすぐ進みスーパーのオオゼキさんを右へ、 交差点を左へ50m程で右手に薬局（マエノ薬局さん）があるので右へ30m。 下北沢駅から208m","https://tblg.k-img.com/restaurant/images/Rvw/276746/640x640_rect_5d4902d8e2253412770dfe78726143af.jpg","4駅追加"
"D-DRAGON","3.48","244","8272","居酒屋、ダイニングバー、海鮮","下北沢駅","￥4,000～￥4,999","","https://tabelog.com/tokyo/A1318/A131802/13307776/","東京都世田谷区北沢2-9-2 THECITY 下北沢 3F","1550031","35.66187668259801","139.66873664406077","050-1726-3316","月・火・水・木・金・土・日・祝日・祝前日・祝後日 15:00 - 23:00","","28席","有 （8人可）","全席禁煙","予約可","","無","小田急線 下北沢駅 徒歩2分 京王井の頭線 下北沢駅 徒歩2分 ヴィレッジヴァンガード下北沢店様向かいのビル3階 下北沢駅から148m","https://tblg.k-img.com/restaurant/images/Rvw/295358/640x640_rect_f3001706884e1179c8fe99534e5a2f61.jpg","4駅追加"
"チョップスティックス 下北沢店","3.47","310","9501","ベトナム料理","下北沢駅","￥2,000～￥2,999","～￥999","https://tabelog.com/tokyo/A1318/A131802/13268964/","東京都世田谷区北沢2-11-15 ミカン下北 A-206","1550031","35.661407198697304","139.66812233425307","03-6805-5833","月・火・水・木 11:30 - 15:00 L.O. 14:30 17:00 - 22:00 L.O. 21:00 金 11:30 - 15:00 L.O. 14:30 17:00 - 23:00 L","なし","28席","無","全席禁煙 施設内に喫煙所あり","予約可","","無 近隣にコインパーキング有","京王井の頭線・小田急小田原線 下北沢駅すぐ 下北沢駅から86m","https://tblg.k-img.com/restaurant/images/Rvw/185686/640x640_rect_e06c95fa739017455ee8599c70184c71.jpg","4駅追加"
"ラ・ベファーナ 下北沢","3.46","443","30472","イタリアン、ピザ、バル","下北沢駅","￥4,000～￥4,999","￥1,000～￥1,999","https://tabelog.com/tokyo/A1318/A131802/13001387/","東京都世田谷区代田5-31-3","1550033","35.661706237890904","139.66550928309616","03-3411-9500","月・火・水・木・金 11:30 - 15:00 L.O. 14:30 17:00 - 23:00 L.O. 22:00 土・日・祝日 11:30 - 15:30 L.O. 15:00 17:00 - ","","54席 （１階 20席、テラス４～６席、 2階 30～44席 （立食は60名様迄））","無 ２階は２０名～30名様、貸切可。(条件あり。詳細はお気軽にお問い合せください)","全席禁煙","予約可","","有 近隣に有料コインパーキングあり","◆京王井の頭線：下北沢駅・西口より徒歩３０秒。 井の頭線ホームより西口改札を出て左側の階段から地上へ・・・ 地上に出ましたら、左隣り(南側)のローソン様を右折し(西へ)3件目。 下北沢駅西口より５0ｍ ◆小田急線：下北沢駅・南西口より徒歩2分30秒。 南西口、改札を出て右の階段を上がって道なりに進むと、成城石井様に突き当たりますので右折。ピタットハウス下北沢様を左折し3件目。 目印は、イタリア国旗と魔女(BEFANA)の看板です。 下北沢駅から153m","https://tblg.k-img.com/restaurant/images/Rvw/91014/640x640_rect_91014623.jpg","4駅追加"
"ピッツェリアエイト 下北沢","3.47","595","19876","イタリアン、ピザ、パスタ","下北沢駅","￥3,000～￥3,999","￥1,000～￥1,999","https://tabelog.com/tokyo/A1318/A131802/13268127/","東京都世田谷区北沢2-11-15 ミカン下北A街区 1F","1550031","35.661274288697605","139.66881231425128","03-6450-7887","月・火・水・木・金・土・日・祝日・祝前日・祝後日 11:00 - 23:30 L.O. 料理22:30 ドリンク23:00","無休","130席","無","全席禁煙","予約可","","無","下北沢駅から徒歩1分 下北沢駅から150m","https://tblg.k-img.com/restaurant/images/Rvw/215241/320x320_rect_babc1c731ed537d0ad0352dea20c50a3.jpg","4駅追加"
"前菜坊 風神","3.43","186","12685","海鮮、居酒屋","下北沢駅","￥5,000～￥5,999","￥1,000～￥1,999","https://tabelog.com/tokyo/A1318/A131802/13007446/","東京都世田谷区北沢2-14-10 こだまビル 2F","1550031","35.660213037892575","139.66776018307954","03-3487-3003","月・火・木・金 17:30 - 23:00 L.O. 料理22:00 ドリンク22:30 水 12:00 - 14:00 L.O. 13:30 17:30 - 23:00 L.O. 料理22:00 ド","","26席 （カウンター１０席、テーブル、１６席）","無","全席禁煙","予約可","","無","下北沢駅東口・中央口より徒歩3分。 下北沢東口・中央口を出て右方向へ行き、南口商店街をマクドナルド方面に進みにケバブ屋が見えたら左折。 カードショップのDRAMAの２階が風神です。 小田急南西口より徒歩３分。 小田急南西口を出て左方向へ道なりに下り、突き当たりタピオカ屋を左に曲がってすぐの路地を右折。 カードショップのDRAMAの2階が風神です。 下北沢駅から151m","https://tblg.k-img.com/restaurant/images/Rvw/69301/640x640_rect_69301122.jpg","4駅追加"
"もつ焼き ばん 下北沢店","3.44","270","10817","もつ焼き、居酒屋、もつ鍋","下北沢駅","￥1,000～￥1,999","～￥999","https://tabelog.com/tokyo/A1318/A131802/13251328/","東京都世田谷区北沢2-15-3 中村ビル 1F","1550031","35.65947943789283","139.66709008307257","03-6805-5526","00:00 - 04:00 11:30 - 00:00","","100席","無","全席喫煙可 2020年4月1日より受動喫煙対策に関する法律(改正健康増進法）が施行されており、最新の情報と異なる場合がございますので、ご来店前に店舗にご確認ください。","予約可","","無","京王井の頭線・小田急線「下北沢駅」南西口から徒歩3分 ※南口商店街を直進していただき、「ミスタードーナツ」を越えて最初の三叉路を右に曲がる 下北沢駅から222m 下北沢駅から223m","https://tblg.k-img.com/restaurant/images/Rvw/140432/640x640_rect_140432043.jpg","4駅追加"
"天冨良 かんの","3.42","170","12322","天ぷら、天丼","梅ケ丘駅","￥6,000～￥7,999","￥1,000～￥1,999","https://tabelog.com/tokyo/A1318/A131812/13001465/","東京都世田谷区梅丘1-19-6","1540022","35.655346237891436","139.6544754830397","03-3425-2460","水・木・金・土・日・祝日・祝前日・祝後日 11:30 - 14:00 L.O. 13:15 17:30 - 21:00 L.O. 19:30 月・火","","20席 （テーブル席ございます）","無","全席禁煙 店舗の外に喫煙スペースあり","予約可","","無 お近くにコインパーキングございます。","小田急線梅ヶ丘駅南口から 徒歩3分 梅ケ丘駅から113m","https://tblg.k-img.com/restaurant/images/Rvw/48498/640x640_rect_48498196.jpg","4駅追加"
"克ッ 下北沢","3.42","234","18839","焼き鳥、居酒屋、日本料理","下北沢駅","￥3,000～￥3,999","","https://tabelog.com/tokyo/A1318/A131802/13113249/","東京都世田谷区北沢2-33-3 第一片柳ビル1F","1550031","35.66290883789118","139.66877458310603","03-3468-3334","15:00 - 23:00 L.O. 22:00","無休","32席 （カウンター席、テーブル席。貸切可能人数：20～40名）","無","全席喫煙可 2020年4月1日より受動喫煙対策に関する法律(改正健康増進法）が施行されており、最新の情報と異なる場合がございますので、ご来店前に店舗にご確認ください。","予約可","","無","京王井の頭線下北沢駅より徒歩2分 小田急小田原線下北沢駅より徒歩2分 下北沢駅から214m","https://tblg.k-img.com/restaurant/images/Rvw/107501/640x640_rect_107501808.jpg","4駅追加"
"下北沢ミートダイニング","3.40","205","13730","バル、ハンバーグ、ビストロ","下北沢駅","￥4,000～￥4,999","￥1,000～￥1,999","https://tabelog.com/tokyo/A1318/A131802/13270676/","東京都世田谷区北沢2-32-8 SSビル 2F A号室","1550031","35.66280576251028","139.66867847856105","03-5761-6336","月・火・水・木・金・土・日・祝日・祝前日・祝後日 11:30 - 14:30 L.O. 14:00 17:30 - 22:00 L.O. 料理21:00 ドリンク21:15","・","10席 （カウンター4席 ２名テーブル×１ ４名テーブル×１）","無","全席禁煙","予約可","","無 近隣にコインパーキングあり","小田急線・京王井の頭線 下北沢駅徒歩3分 下北沢駅から199m","https://tblg.k-img.com/restaurant/images/Rvw/272755/640x640_rect_8a7e4a7ac5b078c99072073b6223db24.jpg","4駅追加"
"牛タン 夏火鉢","3.42","309","25770","牛タン、ビストロ、バル","下北沢駅","￥4,000～￥4,999","","https://tabelog.com/tokyo/A1318/A131802/13141790/","東京都世田谷区代沢5-36-13","1550032","35.65931753789296","139.6671847830709","050-3184-0803","月・火・水・木・金 16:30 - 23:30 土 13:00 - 23:30 L.O. 料理22:30 ドリンク23:00 日・祝日 13:00 - 23:00","無休","30席 （席数の少ない小さなお店です。お席のご希望に添えない場合もございますが、どうぞご協力をお願いします！）","無 4～6名様用の半個室あり。ベビーカーのお客様もこちらの席をおすすめしています。 半個室は要予約です。必ずお電話でお問い合わせください。","全席禁煙","予約可","","無 徒歩5分以内にコイン・パーキングあり","小田急小田原線、京王井の頭線 下北沢駅南口から徒歩4分 下北沢駅から241m","https://tblg.k-img.com/restaurant/images/Rvw/29004/640x640_rect_29004074.jpg","4駅追加"
"蕎麦と鶏 はんさむ 下北沢","3.45","261","15104","居酒屋、焼き鳥、そば","下北沢駅","￥3,000～￥3,999","￥1,000～￥1,999","https://tabelog.com/tokyo/A1318/A131802/13198102/","東京都世田谷区北沢3-25-1 MTビル102","1550031","35.66349463789081","139.668752983112","03-5738-7619","月・火・水・木・金 11:30 - 16:00 17:30 - 23:00 L.O. 料理22:30 ドリンク22:45 土・日・祝日 11:30 - 23:00 L.O. 料理22:30 ドリンク2","不定休","23席","無","全席禁煙 喫煙場所無し","予約可","","無 近隣コインパーキング有り","下北沢駅北口、南口どちらから出ていただいても徒歩3分！ 下北沢1番街商店街入り口付近です。 下北沢駅から264m","https://tblg.k-img.com/restaurant/images/Rvw/83661/640x640_rect_83661531.jpg","4駅追加"
"バーン・キラオ 下北沢店","3.41","117","2009","タイ料理、カレー","下北沢駅","￥2,000～￥2,999","￥1,000～￥1,999","https://tabelog.com/tokyo/A1318/A131802/13293596/","東京都世田谷区北沢2-3-5 1F","1550031","35.66007353065345","139.66807955942974","03-6805-5255","月・火・水・木・金・土・日・祝日・祝前日・祝後日 11:30 - 00:00 L.O. 料理23:00 ドリンク23:15 毎日営業しています。平日はご予約を承ります。03-6805-5255 土、日","","35席 （店内 28席カウンター7席テラス8席 ）","無","分煙 テラス席は喫煙可、ペット可です。 2020年4月1日より受動喫煙対策に関する法律(改正健康増進法）が施行されており、最新の情報と異なる場合がございますので、ご来店前に店舗にご確認ください。","予約可","","無 近隣にコインパーキングあり","下北沢駅から徒歩５分。 ドン・キホーテのお隣です。 下北沢駅から177m","https://tblg.k-img.com/restaurant/images/Rvw/356810/640x640_rect_3b043f89f3bcc7e58c8b2b2b8ad65239.jpg","4駅追加"
"啼寅東京","3.56","262","21748","もつ焼き、居酒屋、焼き鳥","下北沢駅","￥4,000～￥4,999","","https://tabelog.com/tokyo/A1318/A131802/13260580/","東京都世田谷区代沢5-29-9 1F","1550032","35.65844123789348","139.66708418306212","03-6453-2956","月・火・水・金 17:00 - 23:00 L.O. 料理22:00 土・日 16:00 - 23:00 L.O. 料理22:00 木","","23席 （カウンター9席 テーブル14席）","無","全席禁煙 外に灰皿あり","予約可","","無 近隣にコインパーキングあり","下北沢駅から徒歩4分 下北沢駅から339m","https://tblg.k-img.com/restaurant/images/Rvw/186171/320x320_rect_cb6f2ac338a386574736298c0c59fae4.jpg","4駅追加"
"鮨 福元","3.52","109","13478","寿司","下北沢駅","￥15,000～￥19,999","","https://tabelog.com/tokyo/A1318/A131802/13019424/","東京都世田谷区代沢5-17-6 はなぶビル　Ｂ１Ｆ","1550032","35.65712913789418","139.6666401830491","03-5481-9537","月・火・土・祝日 17:00 - 22:00 L.O. 料理20:30 ドリンク21:50 金・日 17:00 - 22:00 L.O. 料理20:20 ドリンク21:50 水・木","","16席 （カウンター10席 6席個室（堀ごたつ））","有 （2人可、4人可、6人可）","全席禁煙","予約可","","無 近隣にコインパーキングあり","下北沢駅 南西口改札徒歩7分 新代田駅 徒歩10分 東北沢駅 徒歩13分 池ノ上駅 徒歩12分 住宅街でお店の場所が分かりにくい為、 タクシーでご来店の場合は住所「世田谷区代沢5-17-6」をnavi入力するのをお勧めします。 下北沢駅から486m","https://tblg.k-img.com/restaurant/images/Rvw/74322/640x640_rect_74322584.jpg","4駅追加"
"下北SABA食堂 佐助酒場","3.43","244","11810","居酒屋、食堂、海鮮","下北沢駅","￥3,000～￥3,999","￥1,000～￥1,999","https://tabelog.com/tokyo/A1318/A131802/13281546/","東京都世田谷区北沢2-27-10 クルス下北沢 1F","1550031","35.66292033789029","139.66603568310805","03-5790-9790","11:30 - 14:30 17:00 - 23:00","","45席 （カウンター８席）","無","全席禁煙","予約可","","無 近隣にコインパーキングあり","下北沢駅から徒歩2分 スキップ1分 下北沢駅から189m","https://tblg.k-img.com/restaurant/images/Rvw/198400/640x640_rect_85b0a789df0ceaaf07c183c3de83d639.jpg","4駅追加"
"串焼きと煮野菜 下北沢の零や","3.42","365","23216","居酒屋、焼き鳥、おでん","下北沢駅","￥4,000～￥4,999","","https://tabelog.com/tokyo/A1318/A131802/13270698/","東京都世田谷区北沢2-34-8 KMビル 2F","1550031","35.66346203789077","139.66856488311177","03-5738-8017","17:00 - 23:30 L.O. 23:00","","36席 （カウンター20席、テーブル16席）","無","全席禁煙 店舗外で喫煙可能となります。","予約可","","無","小田急線下北沢駅北口から徒歩4分 京王井の頭線下北沢駅北口から徒歩4分 下北沢駅から252m","https://tblg.k-img.com/restaurant/images/Rvw/173877/640x640_rect_fefeac196f2d77c79eff03533545fc23.jpg","4駅追加"
"スープカレー&ダイニング エルビス","3.45","153","7942","スープカレー、カレー、インドカレー","下北沢駅","￥1,000～￥1,999","￥1,000～￥1,999","https://tabelog.com/tokyo/A1318/A131802/13279237/","東京都世田谷区北沢2-29-16 マガザン下北沢 2F","1550031","35.663162337890405","139.66680968311","050-5530-5594","月・火 11:30 - 15:00 金 11:30 - 15:00 17:00 - 21:00 土・日・祝日 11:30 - 21:00 水・木","","16席 （カウンター8席 テーブル2名席×2 (テラス4名席)）","無","全席禁煙","予約可","","無 近隣にコインパーキングあり","小田急小田原線・京王井の頭線下北沢駅東口より徒歩約4分 下北沢駅から188m","https://tblg.k-img.com/restaurant/images/Rvw/196196/640x640_rect_d31adecfe7949599776740c6b54fb813.jpg","4駅追加"
"BhelPuri","3.45","133","10718","アジア・エスニック、中東料理、ワインバー","下北沢駅","￥5,000～￥5,999","","https://tabelog.com/tokyo/A1318/A131802/13278700/","東京都世田谷区北沢2-12-2 サウスウェーブ下北沢 1B","1550031","35.66092603789224","139.66814938308644","080-9447-3004","17:30 - 23:30 L.O. 22:30","不定休","14席","無","全席禁煙","予約可","","無","下北沢駅徒歩2分 下北沢駅から108m","https://tblg.k-img.com/restaurant/images/Rvw/189401/640x640_rect_2e3c3acb1366ac1b777e21a6f19559e0.jpg","4駅追加"
"一熟","3.42","211","24763","ビストロ、ワインバー","下北沢駅","￥8,000～￥9,999","￥2,000～￥2,999","https://tabelog.com/tokyo/A1318/A131802/13061437/","東京都世田谷区北沢2-33-6 飯島ビル2F","1550031","35.6631021378911","139.66889918310792","03-6416-8150","月・水・木・金・土・祝日 18:00 - 23:00 L.O. 料理22:00 ドリンク22:30 日 11:30 - 15:00 L.O. 14:00 18:00 - 23:00 L.O. 料理22","","11席 （テーブル席のみ）","無","全席禁煙","予約可","","無","井の頭線・小田急線 下北沢駅 東口 徒歩5分 下北沢駅から237m","https://tblg.k-img.com/restaurant/images/Rvw/299775/640x640_rect_d95462480b6167249426ca1605a741ec.jpg","4駅追加"
"下北沢 焼とりダービー","3.50","99","6414","焼き鳥、居酒屋","下北沢駅","￥15,000～￥19,999","","https://tabelog.com/tokyo/A1318/A131802/13283195/","東京都世田谷区代沢5-32-11","1550032","35.65895493789342","139.6679262830667","080-8027-6164","月・火・水・木・金・土・日・祝日・祝前日・祝後日 17:00 - 23:00 L.O. 料理22:00 当日のお問い合わせ以外はインターネットからのご予約をお願いいたします。","不定休","15席 （カウンター11席/4名テーブル×1卓）","無","全席禁煙 喫煙スペースのご用意もございません。 近隣の方のご迷惑となりますので店舗周辺での喫煙もご遠慮ください。","予約可","","無","下北沢駅より徒歩5分 下北沢駅から289m","https://tblg.k-img.com/restaurant/images/Rvw/207778/640x640_rect_09f23374115a2fc0b25b6d692a618526.jpg","4駅追加"
"MARY STAND","3.45","147","6937","カフェ、ダイニングバー","下北沢駅","￥2,000～￥2,999","￥1,000～￥1,999","https://tabelog.com/tokyo/A1318/A131802/13244169/","東京都世田谷区北沢2-23-11 藤森ビル 1F","1550031","35.661496337891286","139.6662839830935","03-3413-7800","月・水・木・日 11:30 - 22:00 L.O. 21:00 火 11:30 - 17:00 L.O. 16:00 金・土・祝前日 11:30 - 23:00 L.O. 22:00","不定休","23席 （カウンター3席、テーブル20席）","無 ご予約はお電話でもお受けしております。 ご予約はお一人様1,200円以上のご利用をお願いしております。","全席禁煙 外のテラスでお吸い頂けます。","予約可","","無 近隣にコインパーキングあり","小田急線下北沢駅 南西口より徒歩1分 井の頭線下北沢駅 西口より徒歩30秒 井の頭線西口改札を出て左から地上に上がり、ローソン手前の道を左に少し進むと 右手にハンバーガーの置物があるお店です！ 下北沢駅から81m","https://tblg.k-img.com/restaurant/images/Rvw/127072/640x640_rect_127072121.jpg","4駅追加"
"カレー食堂 心 下北沢店","3.42","610","21312","スープカレー","下北沢駅","￥1,000～￥1,999","￥1,000～￥1,999","https://tabelog.com/tokyo/A1318/A131802/13009355/","東京都世田谷区北沢2-34-8 ＫＭビル　１Ｆ","1550031","35.663433678696144","139.6685157942733","03-5452-3561","11:00 - 22:00 L.O. 21:30","無休","29席 （カウンター5席）","無","全席禁煙","予約可","","無","小田急線下北沢駅北口から 徒歩4分 下北沢駅から247m","https://tblg.k-img.com/restaurant/images/Rvw/317056/320x320_rect_eda1898955193e83876e9e90e6632361.jpg","4駅追加"
"都夏 本店","3.43","415","22776","居酒屋、野菜料理、焼き鳥","下北沢駅","￥3,000～￥3,999","","https://tabelog.com/tokyo/A1318/A131802/13001378/","東京都世田谷区代沢5-29-16","1550032","35.65819093789376","139.6674482830593","050-3184-1930","月・火・水・木・金 16:30 - 23:30 L.O. 22:30 土 15:00 - 23:30 L.O. 22:30 日・祝日 15:00 - 23:00 L.O. 22:00 GW(5/2~6","","140席 （カウンター24席、テーブル44席、座敷58席）","有","全席禁煙","予約可","","無","下北沢駅南口から徒歩5分 下北沢駅から367m","https://tblg.k-img.com/restaurant/images/Rvw/66039/640x640_rect_66039286.jpg","4駅追加"
"KITADE TACOS 下北沢店","3.45","225","12150","タコス、メキシコ料理、カフェ","下北沢駅","￥2,000～￥2,999","￥1,000～￥1,999","https://tabelog.com/tokyo/A1318/A131802/13269742/","東京都世田谷区北沢2-21-22","1550031","35.660535437891774","139.66587238308406","03-6805-5514","月・火・水・木 11:30 - 15:00 L.O. 14:30 17:00 - 22:00 L.O. 料理21:00 金 11:30 - 15:00 L.O. 14:30 17:00 - 22:30","不定休","27席 （カウンター7席、テーブル20席（季節によってテラス席有））","無","全席禁煙","予約可","","無 近隣にコインパーキング有り","下北沢駅南西口より徒歩1分 下北沢駅から159m","https://tblg.k-img.com/restaurant/images/Rvw/222927/640x640_rect_c5c72bd2dcf322ff8dbbdc5635a5a013.jpg","4駅追加"
"songbook","3.70","232","26207","ビストロ、ピザ","世田谷代田駅","￥8,000～￥9,999","￥4,000～￥4,999","https://tabelog.com/tokyo/A1318/A131812/13278787/","東京都世田谷区代田5-10-7 nakahara-sou 1F","1550033","35.65941343789072","139.66034928307664","03-6453-1982","月・火・木・金・土・日・祝日・祝前日・祝後日 12:00 - 14:30 L.O. 料理14:00 17:00 - 22:00 L.O. 料理21:00 水","","15席","無","全席禁煙","予約可","","無","世田谷代田駅から徒歩3分 新代田駅から徒歩5分 世田谷代田駅から160m","https://tblg.k-img.com/restaurant/images/Rvw/245853/640x640_rect_ceda97a18e4da219f7613a0605280bb9.jpg","4駅追加"
"虹色カレー食堂","3.42","278","8099","カレー","下北沢駅","￥1,000～￥1,999","￥1,000～￥1,999","https://tabelog.com/tokyo/A1318/A131802/13244103/","東京都世田谷区北沢2-31-9 2F","1550031","35.66299623789089","139.66799028310749","03-5454-0178","12:00 - 21:00 L.O. 20:30","","20席","無","全席禁煙","予約可","","無","下北沢駅から徒歩２分 下北沢駅から182m","https://tblg.k-img.com/restaurant/images/Rvw/157420/640x640_rect_157420853.jpg","4駅追加"
"TDM 1874 下北沢","3.44","70","2806","ビアバー","下北沢駅","￥2,000～￥2,999","￥1,000～￥1,999","https://tabelog.com/tokyo/A1318/A131802/13267793/","東京都世田谷区北沢2-21-22 NANSEI PLUS 2F","1550031","35.66076091869713","139.66628585424786","03-5787-5411","月・火・水・木 12:00 - 21:00 L.O. 料理20:00 ドリンク20:30 金 12:00 - 22:00 L.O. 料理21:00 ドリンク21:30 土 11:00 - 22:00 ","不定休","17席 （カウンター7席テーブル8席 外カウンター2席）","無","全席禁煙","予約可","","無","京王井の頭線・小田急線 下北沢駅から徒歩30秒 南西口前広場 NANSEI PLUS 2階 下北沢駅から114m","https://tblg.k-img.com/restaurant/images/Rvw/307730/640x640_rect_32dd2edbc53b2f87425be1ba2a3e9158.jpg","4駅追加"
"Waffle cafe ORANGE","3.41","271","13408","カフェ、洋菓子","下北沢駅","￥1,000～￥1,999","～￥999","https://tabelog.com/tokyo/A1318/A131802/13015567/","東京都世田谷区北沢2-26-21 エルフェアシティ下北沢 1F","1550031","35.66255163789082","139.66690608310373","03-5738-5320","11:00 - 19:00","","38席 （店内24席 テラス14席）","無","分煙 喫煙する方はテラス席でお願いします。 2020年4月1日より受動喫煙対策に関する法律(改正健康増進法）が施行されており、最新の情報と異なる場合がございますので、ご来店前に店舗にご確認ください。","予約可","","無 近隣にコインパーキング有","下北沢駅北口から徒歩2分 アクセス抜群！ 下北沢駅から120m","https://tblg.k-img.com/restaurant/images/Rvw/293129/640x640_rect_23e3bcf0aa9e2e0814c19c423434eb45.jpg","4駅追加"
"広栄屋","3.44","164","11590","そば、うどん、丼","下北沢駅","","￥1,000～￥1,999","https://tabelog.com/tokyo/A1318/A131802/13067768/","東京都世田谷区北沢3-21-1 コープ サンライズ 1F","1550031","35.66334119869638","139.66905536427197","03-3466-5958","11:00 - 20:45 営業時間・","","30席 （4人テーブル×３卓、６人テーブル×３卓）","無","全席喫煙可 2020年4月1日より受動喫煙対策に関する法律(改正健康増進法）が施行されており、最新の情報と異なる場合がございますので、ご来店前に店舗にご確認ください。","予約可","","無 近隣にコインパーキングあり","京王井の頭線下北沢駅北口から徒歩4分 小田急小田原線東北沢駅北口から徒歩7分 下北沢駅から267m","https://tblg.k-img.com/restaurant/images/Rvw/352244/640x640_rect_3b72eb51d053ea9d8a09bd041207be63.jpg","4駅追加"
"まちなか","3.47","278","23256","中華料理、餃子、居酒屋","下北沢駅","￥3,000～￥3,999","","https://tabelog.com/tokyo/A1318/A131802/13279379/","東京都世田谷区北沢2-13-5 2F","1550031","35.66046345869772","139.667530544244","03-5787-5561","17:00 - 01:00","不定休","70席","有 （10～20人可） 10名以上から個室貸切可","全席禁煙 個室貸切時のみ喫煙可","予約可","","無","徒歩、電車 下北沢駅から118m","https://tblg.k-img.com/restaurant/images/Rvw/315343/640x640_rect_1e9eeee0b7408a0447c79b23266a780e.jpg","4駅追加"
"萬来軒 東松原","3.42","163","4209","中華料理","東松原駅","","￥1,000～￥1,999","https://tabelog.com/tokyo/A1318/A131803/13059847/","東京都世田谷区松原5-1-8 1F","1560043","35.662454337887354","139.65583438311052","03-3322-8195","月・火・木・金・土・日 11:30 - 14:30 17:00 - 21:30 水","","10席 （カウンター席のみ（１０～１２席））","無","全席喫煙可 2020年4月1日より受動喫煙対策に関する法律(改正健康増進法）が施行されており、最新の情報と異なる場合がございますので、ご来店前に店舗にご確認ください。","予約不可","","無","京王線東松原駅改札を出て、東口の階段を下りてすぐ。 東松原駅から31m","https://tblg.k-img.com/restaurant/images/Rvw/356043/640x640_rect_0b5bc0957e2870ec8220b841d7e7ca0d.jpg","4駅追加"
"下北果実","3.43","228","7752","カフェ、かき氷、サンドイッチ","下北沢駅","","￥1,000～￥1,999","https://tabelog.com/tokyo/A1318/A131802/13246670/","東京都世田谷区北沢2-7-7 1F","1550031","35.66196941869734","139.66935551425792","080-5827-4452","◆2026年営業について 6/20(土)~グランドオープン(毎日営業) ◆営業時間 12:00 - 17:00(L.O.16:00)","","32席","有 （2人可、4人可） 半個室タイプです","全席禁煙","予約不可","","無 近隣にコインパーキングがございますので、恐れ入りますがそちらをご利用下さい","下北沢駅東口から徒歩2分 改札をでて正面にスーパーオオゼキさんを右へ、 交差点を左へ50m程で右手に薬局があるので右へ20m 下北沢駅から180mj 下北沢駅から204m","https://tblg.k-img.com/restaurant/images/Rvw/363607/320x320_square_2fedee06835f1d0eab4dc4fb1ace5fa5.jpg","4駅追加"
"玄鮨","3.55","137","17062","寿司","新代田駅","￥10,000～￥14,999","","https://tabelog.com/tokyo/A1318/A131803/13029203/","東京都世田谷区代田6-29-8 第2サニーハウス 1F","1550033","35.664179637887834","139.6607697831245","03-5453-7789","17:00 - 23:30 不定休 インスタ等で毎月ご確認下さい。 uninaramakiまたはgenzushiのアカウント 表示価格に別途消費税10%とサービス料5%がかかります。 営業時間・","","20席 （うちカウンター8席）","有 （6人可）","全席禁煙","予約可","","無","井の頭線新代田駅から大原方面に歩いて2分 新代田駅から179m","https://tblg.k-img.com/restaurant/images/Rvw/356668/640x640_rect_42fb57855580da154351e79ed6641e03.jpg","4駅追加"
"天馬屋 下北沢店","3.46","263","6801","カレー、パン","下北沢駅","￥1,000～￥1,999","￥1,000～￥1,999","https://tabelog.com/tokyo/A1318/A131802/13163101/","東京都世田谷区北沢2-12-12 桑田ビル 1F","1550031","35.66101345869758","139.66822585424907","03-5787-6810","11:00 - 21:00 L.O. 20:15","無休","32席","無","全席禁煙","予約可","","無","下北沢駅南口出て１分。三井住友銀行の２軒先。 下北沢駅から109m","https://tblg.k-img.com/restaurant/images/Rvw/329603/640x640_rect_535ad9fb6933acd55127f1ee6107b40f.jpg","4駅追加"
"シモキタ洋麺店","3.46","271","33278","パスタ","下北沢駅","","￥1,000～￥1,999","https://tabelog.com/tokyo/A1318/A131802/13290651/","東京都世田谷区北沢2-30-6","1550031","35.66297681589384","139.6672017208838","","火・水・木・金 11:00 - 16:00 L.O. 料理15:15 土・日 11:00 - 18:00 L.O. 料理17:15 祝日 11:00 - 18:00 L.O. 17:15 月","祝日","11席","無","全席禁煙","予約不可","","無","小田急線、京王井の頭線の下北沢駅から徒歩4分 下北沢駅から165m","https://tblg.k-img.com/restaurant/images/Rvw/247595/640x640_rect_f3c7a126faf78880e449da5e93d649ba.jpg","4駅追加"
"トロワ・シャンブル","3.70","796","35990","喫茶店、カフェ","下北沢駅","～￥999","～￥999","https://tabelog.com/tokyo/A1318/A131802/13013091/","東京都世田谷区代沢5-36-14 湯浅ビル 2F","1550032","35.659254858698425","139.6673553442319","03-3419-6943","09:30 - 20:00 営業時間・","","32席","無","全席喫煙可 2020年4月1日より受動喫煙対策に関する法律(改正健康増進法）が施行されており、最新の情報と異なる場合がございますので、ご来店前に店舗にご確認ください。","予約可","喫茶店 百名店 2026","無","小田急線・井の頭線「下北沢」駅 南口から徒歩5分ほど 下北沢駅から249m","https://tblg.k-img.com/restaurant/images/Rvw/174603/640x640_rect_b255bf97bf03756aa058e02f6abf5758.jpg","4駅追加"
"アンジャリ","3.56","238","20005","カレー","下北沢駅","￥1,000～￥1,999","￥1,000～￥1,999","https://tabelog.com/tokyo/A1318/A131802/13172932/","東京都世田谷区北沢2-15-11 フェイスウブック","1550031","35.659813458697926","139.66689671423785","03-5787-6622","月・木・金・土 12:00 - 20:00 L.O. 19:30 火・水・日・祝日 12:00 - 15:30 L.O. 15:00 営業時間・","","8席","無","全席禁煙","予約不可","","無 近くのコインパーキング：代沢5-35-9に10台収容、ほか","小田急小田原線【下北沢駅】南西口 徒歩３分 京王井の頭線【下北沢駅】中央口 徒歩３分 下北沢駅から188m","https://tblg.k-img.com/restaurant/images/Rvw/354772/640x640_rect_8ecf748028ba8f4e3a47e3e23ba79b82.jpg","4駅追加"
"いこま寿司","3.43","173","12150","寿司","梅ケ丘駅","","","https://tabelog.com/tokyo/A1318/A131812/13011788/","東京都世田谷区松原6-4-5 １０３","1560043","35.65686676869519","139.65243488421822","03-3325-7339","月・水・木・金・土・日 11:00 - 14:00 L.O. 料理13:30 17:00 - 22:00 火","火曜日","（カウンター８席、テーブル席）","無","全席禁煙","予約可","","無","梅ケ丘駅から138m","https://tblg.k-img.com/restaurant/images/Rvw/363873/640x640_rect_b38befd4383fec405fc5612cb514f001.jpg","4駅追加"
"Banh mi Ba Ba","3.45","196","7241","バインミー","下北沢駅","","","https://tabelog.com/tokyo/A1318/A131802/13222850/","東京都世田谷区北沢2-27-8","1550031","35.6628890686956","139.66574138426975","03-6804-8967","10:00 - 20:00","","8席","無","全席禁煙","予約可","","無","下北沢駅西口から徒歩２分 鎌倉通り沿い 下北沢駅から202m","https://tblg.k-img.com/restaurant/images/Rvw/239823/640x640_rect_0b26ecc6553d64786386edbddf1de644.jpg","4駅追加"
"ラーメン二郎 環七新新代田店","3.68","756","10661","ラーメン","新代田駅","～￥999","～￥999","https://tabelog.com/tokyo/A1318/A131803/13010833/","東京都世田谷区代田5-29-5 櫻井ビル 1F","1550033","35.66191293788916","139.66042448310182","非公開","火・水・木・金・土・日 11:00 - 15:00 月","月曜日","8席 （カウンター席のみ）","無","全席禁煙","予約不可","","無","京王井の頭線「新代田駅」より、徒歩１分 小田急小田原線「世田谷代田駅」より徒歩10分ほど、環七沿い 新代田駅から74m","https://tblg.k-img.com/restaurant/images/Rvw/361509/640x640_rect_4f1e06cde5f2f0d9af0f1d9185f2ddae.jpg","4駅追加"
"GRASS","3.40","74","2599","カフェ","新代田駅","","￥1,000～￥1,999","https://tabelog.com/tokyo/A1318/A131802/13293281/","東京都世田谷区北沢2-21-22 2F","1550031","35.66070323869711","139.6660856842474","","09:00 - 21:00","不定休","","無","","予約不可","","無","下北沢駅から132m","https://tblg.k-img.com/restaurant/images/Rvw/334676/640x640_rect_d70b3ea861b5f7eb39bcd50b71b8df4c.jpg","4駅追加"
"ユニバーサル ベイクスアンドカフェ","3.50","194","12758","パン、カフェ","世田谷代田駅","","￥1,000～￥1,999","https://tabelog.com/tokyo/A1318/A131812/13247034/","東京都世田谷区代田5-9-15","1550033","35.65884374869667","139.66103261423217","03-6335-4972","水・木・金・土・日・祝日 08:30 - 18:00 月・火","・月曜日","14席 （店内6席_テーブル2つ、テラス8席_カウンター）","無","全席禁煙","予約不可","","無 近隣にコインパーキングあり","小田急小田原線 世田谷代田駅から徒歩1分 小田急小田原線・京王井の頭線 下北沢駅から徒歩8分 京王井の頭線 新代田駅から徒歩6分 世田谷代田駅から86m","https://tblg.k-img.com/restaurant/images/Rvw/321664/640x640_rect_990158ba92e8fd5e6d2f682418a8e393.jpg","4駅追加"
"寿司の美登利 総本店","3.53","941","27014","寿司","梅ケ丘駅","￥3,000～￥3,999","￥2,000～￥2,999","https://tabelog.com/tokyo/A1318/A131812/13001480/","東京都世田谷区梅丘1-20-7","1540022","35.655619874446366","139.65412870087937","050-3623-4347","月・火・水・木・金 11:00 - 14:30 L.O. 14:00 17:00 - 21:00 L.O. 20:30 土・日・祝日 11:00 - 21:00 L.O. 20:30","","128席 （カウンター席、テーブル席）","無","全席禁煙","予約可","","無","小田急電鉄小田原線梅丘駅南口から徒歩1分 梅ケ丘駅から70m","https://tblg.k-img.com/restaurant/images/Rvw/24751/640x640_rect_24751061.jpg","4駅追加"
"タイ料理研究所 下北沢店","3.44","342","8274","タイ料理","下北沢駅","￥3,000～￥3,999","￥1,000～￥1,999","https://tabelog.com/tokyo/A1318/A131802/13240645/","東京都世田谷区北沢2-24-2 シモキタエキウエ 2F","1550031","35.66126363869697","139.66682104425257","03-6805-5858","11:00 - 23:00 L.O. 料理22:00 ドリンク22:30","無休","30席 （カウンター席あり）","無","全席禁煙","予約可","","無","小田急線・京王井の頭線「下北沢駅」 駅直結 下北沢駅から41m","https://tblg.k-img.com/restaurant/images/Rvw/136616/640x640_rect_136616736.jpg","4駅追加"
"Patisserie Chocolaterie Recit","3.53","177","11682","チョコレート、ケーキ、洋菓子","東松原駅","","～￥999","https://tabelog.com/tokyo/A1318/A131803/13266860/","東京都世田谷区松原5-26-15 松原パレス 1F","1560043","35.662195937886914","139.65395698310923","03-4362-9185","火・水・木・金・土・日 11:00 - 19:00 月","不定休","（テイクアウトのみ）","無","全席禁煙","予約可","","無","井の頭線 東松原駅 徒歩3分 東松原駅から153m","https://tblg.k-img.com/restaurant/images/Rvw/236629/640x640_rect_03de06b8746c66d07a8f4cef1f9b1bee.jpg","4駅追加"
"麺通","3.44","268","8563","ラーメン","新代田駅","","￥1,000～￥1,999","https://tabelog.com/tokyo/A1318/A131803/13001413/","東京都世田谷区代田5-13-10","1550033","35.66116648869498","139.66036376425612","03-3418-0397","月・土・日 17:30 - 21:00 火 11:30 - 16:00 木・金 11:30 - 21:00 水","","13席 （カウンター7席、テーブル2席×3）","無","全席禁煙","予約不可","","無","京王井の頭線新代田駅 徒歩3分 小田急線世田谷代田駅 徒歩5分 下北沢駅 徒歩10分 環七内回り沿い 新代田駅から157m","https://tblg.k-img.com/restaurant/images/Rvw/150339/640x640_rect_150339356.jpg","4駅追加"
"新雪園","3.45","346","23365","中華料理","下北沢駅","￥4,000～￥4,999","￥1,000～￥1,999","https://tabelog.com/tokyo/A1318/A131802/13007297/","東京都世田谷区北沢2-9-24 博雅ビル 1F","1550031","35.661831937891954","139.669028783095","03-3465-0040","","水曜日","50席 （1Ｆ:テーブル24席、B1F:テーブル26席）","無","全席禁煙","予約可","","無 徒歩３分以内にコイン・パーキングあり","京王井の頭線「下北沢駅」京王中央口から徒歩5分 小田急小田原線「下北沢駅」東口から徒歩5分 北沢タウンモールバス停から徒歩3分 下北沢駅から172m","https://tblg.k-img.com/restaurant/images/Rvw/362923/640x640_rect_f9bb759119b5e4f4e09e97c703f25e58.jpg","4駅追加"
"yuzuki","3.46","284","16826","食堂","下北沢駅","￥1,000～￥1,999","￥1,000～￥1,999","https://tabelog.com/tokyo/A1318/A131802/13233925/","東京都世田谷区北沢2-33-6 グリーンテラス 2F","1550031","35.66318403789098","139.6686776831089","","月・火・水・木・金 11:30 - 16:00 L.O. 15:00 17:00 - 23:00 L.O. 料理22:00 ドリンク22:30 土 11:30 - 23:00 L.O. 料理22:00","無休","18席","無","全席禁煙","予約不可","","無","小田急線下北沢駅東口より5分 京王井の頭線下北沢駅京王中央口より5分 下北沢駅から232m","https://tblg.k-img.com/restaurant/images/Rvw/130074/320x320_rect_091b4ce0c018fc11fae39290d73e1906.jpg","4駅追加"
"キッチン南海 下北沢店","3.46","247","13487","洋食","下北沢駅","～￥999","～￥999","https://tabelog.com/tokyo/A1318/A131802/13007064/","東京都世田谷区北沢2-13-5 伊奈ビル 1F","1550031","35.66047043869771","139.66752105424405","03-3413-5928","月・火・水・金・土・日 11:30 - 19:00 木","","7席 （カウンターのみ）","無","全席禁煙","予約不可","","無","小田急・京王井の頭線下北沢駅南口から徒歩2分 下北沢駅から117m","https://tblg.k-img.com/restaurant/images/Rvw/361611/640x640_rect_aec29125b6aec8364d7ba783aa4be025.jpg","4駅追加"
"ADDA","3.51","162","12373","カレー","世田谷代田駅","","￥1,000～￥1,999","https://tabelog.com/tokyo/A1318/A131802/13247525/","東京都世田谷区代田2-36-14 BONUS TRACK SOHO4","1550033","35.65930854047971","139.66395771474782","080-3139-9387","11:30 - 15:30 L.O. 15:00 17:30 - 20:30 L.O. 20:00","","","無","全席禁煙","予約不可","","無","世田谷代田駅から303m","https://tblg.k-img.com/restaurant/images/Rvw/134236/320x320_rect_134236452.jpg","4駅追加"
"和楽互尊","3.42","133","16291","串焼き","下北沢駅","￥6,000～￥7,999","","https://tabelog.com/tokyo/A1318/A131802/13007337/","東京都世田谷区北沢2-9-1 大新ビル 2F","1550031","35.66187620869722","139.66881260425737","03-3468-7688","火・水・金・土 17:00 - 00:00 月・木・日","","28席","無","全席禁煙","予約可","","無","下北沢駅から154m","https://tblg.k-img.com/restaurant/images/Rvw/343328/640x640_rect_4a50e2db732d086d6e66ba85ac31265f.jpg","4駅追加"
"喫茶ネグラ","3.41","186","11512","喫茶店、カフェ、スイーツ","下北沢駅","￥1,000～￥1,999","￥1,000～￥1,999","https://tabelog.com/tokyo/A1318/A131802/13208061/","東京都世田谷区北沢2-26-13 PACKAGEONE 1F 北側","1550031","35.66246187869598","139.6660763742652","03-6361-9874","11:00 - 21:00 営業時間・","","18席","無","全席禁煙","予約不可","","無","小田急小田原線、京王井の頭線 下北沢駅下車 徒歩4分 下北沢駅から147m","https://tblg.k-img.com/restaurant/images/Rvw/363603/640x640_rect_b77a4ac5f24f3b78603a04bf6fb03afa.jpg","4駅追加"
"ⅩⅢ","3.50","117","1","バー、焼酎バー","下北沢駅","￥1,000～￥1,999","","https://tabelog.com/tokyo/A1318/A131802/13168104/","東京都世田谷区北沢2-1-8  サンクビル 2F","1550031","35.65921957869851","139.6675645942314","03-3413-0130","月・火・水・木・日 18:30 - 03:00 金・土・祝前日 18:30 - 05:00","年中無休","20席 （カウンター6席 ４名様テーブル席×２、６名様BOXソファー席あり）","無","全席喫煙可 2020年4月1日より受動喫煙対策に関する法律(改正健康増進法）が施行されており、最新の情報と異なる場合がございますので、ご来店前に店舗にご確認ください。","予約可","","無 近隣のコインパーキングをご利用ください。","下北沢駅南西口より徒歩３分 下北沢駅から254m","https://tblg.k-img.com/restaurant/images/Rvw/243844/320x320_rect_5c29a7db8d65e05f9839070fd0852323.jpg","4駅追加"
"バー?シーシーオー","3.50","1","49","バー","下北沢駅","￥2,000～￥2,999","","https://tabelog.com/tokyo/A1318/A131802/13237311/","東京都世田谷区代沢5-32-10 B1F","1550032","35.65901503789335","139.6677956830674","03-3414-2444","19:00 - 00:00 営業時間・","","","無","全席喫煙可 2020年4月1日より受動喫煙対策に関する法律(改正健康増進法）が施行されており、最新の情報と異なる場合がございますので、ご来店前に店舗にご確認ください。","","","無","下北沢南西口から徒歩4分 下北沢駅から280m","https://tblg.k-img.com/restaurant/images/Rvw/112548/640x640_rect_112548282.jpg","4駅追加"
"ホーキ星","3.40","73","3962","ビストロ、創作料理、ワインバー","下北沢駅","￥2,000～￥2,999","￥1,000～￥1,999","https://tabelog.com/tokyo/A1318/A131802/13194207/","東京都世田谷区北沢3-26-3 すずらんビル 2F","1550031","35.66383155869581","139.66828470427748","03-5738-8464","月・日 12:00 - 17:00 L.O. 16:00 水・木・金・土 12:00 - 17:00 L.O. 16:00 18:00 - 23:00 L.O. 22:00 火","","10席 （カウンターのお席になります。）","無","全席禁煙","予約可","","無","下北沢駅から徒歩５分 下北沢駅から278m","https://tblg.k-img.com/restaurant/images/Rvw/63020/640x640_rect_63020777.jpg","4駅追加"
"下北沢Bullet","3.50","1","16","バー","下北沢駅","","","https://tabelog.com/tokyo/A1318/A131802/13288994/","東京都世田谷区北沢2-2-14 MOAI茶沢 3F","1550031","35.65972181869851","139.66855541423578","03-6804-0737","","","","","","","","","下北沢駅から233m","https://tblg.k-img.com/restaurant/images/Rvw/345027/640x640_rect_9d4e7d2f13df0f127a56b5b503c86c88.jpg","4駅追加"
"黒川食堂","3.42","276","8612","食堂、カフェ","下北沢駅","￥1,000～￥1,999","","https://tabelog.com/tokyo/A1318/A131802/13116881/","東京都世田谷区北沢2-14-6 イエローボックス 2F","1550031","35.660027637892576","139.66742808307788","03-6450-8137","","","50席","無","全席禁煙","予約不可","","無 近隣にコインパーキングあり","小田急小田原線 京王井の頭線 下北沢駅南口 徒歩1分 下北沢駅から164m","https://tblg.k-img.com/restaurant/images/Rvw/15365/640x640_rect_15365889.jpg","4駅追加"
"下北沢 バック ページ","3.50","1","45","バー","下北沢駅","","","https://tabelog.com/tokyo/A1318/A131802/13201087/","東京都世田谷区北沢3-27-1 YSビル 2F","1550031","35.66401394128248","139.66800882832473","","","","15席","","","","","","下北沢駅から290m","https://tblg.k-img.com/restaurant/images/Rvw/57376/640x640_rect_4b6082ea28025f6a4d674c7a547c5c58.jpg","4駅追加"
"白髭のシュークリーム工房","3.63","869","31106","シュークリーム、洋菓子","新代田駅","～￥999","～￥999","https://tabelog.com/tokyo/A1318/A131812/13161008/","東京都世田谷区代田5-3-1 1F","1550033","35.658972778697134","139.6627441442323","03-5787-6221","月・水・木・金・土・日 10:30 - 18:00 火","火曜日","","無","全席禁煙","予約可","","無 近隣にコインパーキングあり。 住宅街にあるので、近くまで車で来るのは論外、路上駐車禁止 世田谷代田駅前のローソンの前の駐車場に停め徒歩で来店が望ましい。","小田急線世田谷代田駅西口（環七側）へ出て ローソンの前を通過 最初の角（畳屋/インテリアさん）を右折 突き当たりまでまっすぐ、真っ直ぐ 世田谷代田駅から189m","https://tblg.k-img.com/restaurant/images/Rvw/361071/640x640_rect_35da2e24753bdc9a28ecf39a3c5213c4.jpg","4駅追加"
"SIDEWALK COFFEE ROASTERS","3.47","173","6827","カフェ","東北沢駅","～￥999","～￥999","https://tabelog.com/tokyo/A1318/A131802/13259405/","東京都世田谷区北沢3-9-19 マスタードホテル 1F","1550031","35.66426595869648","139.6712464342798","03-6277-5714","月・火・水・木・金・土・日・祝日・祝前日・祝後日 07:00 - 19:00 不定休。 営業時間の変更などはインスタグラムにて随時告知、掲載いたします。","","11席 （併設ホテルとの共用ラウンジとなります。）","無","全席禁煙","予約不可","","無","小田急線/京王井の頭線 下北沢駅から徒歩約8分 小田急線 東北沢駅から徒歩約2分 東北沢駅から209m","https://tblg.k-img.com/restaurant/images/Rvw/336106/640x640_rect_20ebf5bb2ee732b501e0a9c8f85b4966.jpg","4駅追加"
"ヒロキ 下北沢店","3.48","511","39404","お好み焼き、鉄板焼き","下北沢駅","￥2,000～￥2,999","￥1,000～￥1,999","https://tabelog.com/tokyo/A1318/A131802/13001391/","東京都世田谷区北沢2-14-14 ハニー下北沢 1F","1550031","35.66010157938579","139.66786068742672","03-3412-3908","12:00 - 21:30","無休","16席 （カウンター８席 テーブル８席）","無","全席禁煙","予約不可","お好み焼き 百名店 2019","無 近隣にコインパーキング有","下北沢駅 中央口・東口より徒歩3分 下北沢駅から166m","https://tblg.k-img.com/restaurant/images/Rvw/73920/320x320_rect_73920978.jpg","4駅追加"
"トロ コーヒーアンドベーカリー","3.71","642","39950","パン、カフェ、パスタ","世田谷代田駅","￥1,000～￥1,999","￥1,000～￥1,999","https://tabelog.com/tokyo/A1318/A131812/13118819/","東京都世田谷区代田5-3-1 2F","1550033","35.658958137891766","139.66273598307038","03-5787-6732","月・水・木・金・土・日・祝日・祝前日・祝後日 10:30 - 16:30 L.O. 料理14:00 ドリンク16:30 火","","25席 （個室のご用意がございます。(座席数：大人8名様)）","有 （6人可）","分煙 2020年4月1日より受動喫煙対策に関する法律(改正健康増進法）が施行されており、最新の情報と異なる場合がございますので、ご来店前に店舗にご確認ください。","予約不可","パン 百名店 2022","無 近隣にコインパーキングあり 店舗前まで乗り付け不可 ワンボックスの大型車はかなり厳しい。身動きが取れなくなるので世田谷代田駅出口付近のローソンの前のコインパーキングをお勧めします。","小田急線世田谷代田駅から徒歩約５分。 公共交通機関をご利用の上、お越しください。 世田谷代田駅から187m","https://tblg.k-img.com/restaurant/images/Rvw/177762/640x640_rect_e8c95ac87d6562b6dd73b56fb19a5cea.jpg","4駅追加"
"ル・モンド 下北沢店","3.45","250","16571","ステーキ、洋食、ワインバー","下北沢駅","￥2,000～￥2,999","￥1,000～￥1,999","https://tabelog.com/tokyo/A1318/A131802/13162907/","東京都世田谷区北沢2-29-14 第11FMGビル 1F","1550031","35.66328184869581","139.6671681142727","03-5790-9767","月・水・木・金 11:30 - 15:00 L.O. 14:30 17:00 - 21:30 L.O. 21:00 土・日・祝日 11:00 - 15:00 L.O. 14:30 17:00 - 21","","20席 （カウンター6席、テーブル14席）","無","全席禁煙","予約可","","無","下北沢駅、北口から徒歩5分。 下北沢駅から199m","https://tblg.k-img.com/restaurant/images/Rvw/358863/640x640_rect_1a01f0a21581c3cb9131f8a936d8e159.jpg","4駅追加"
"バサノバ","3.64","682","31981","ラーメン","新代田駅","￥1,000～￥1,999","￥1,000～￥1,999","https://tabelog.com/tokyo/A1318/A131803/13006625/","東京都世田谷区羽根木1-4-18 新代田たちばな荘 1F","1560042","35.663604248693424","139.66031723428077","03-3327-4649","11:30 - 21:00 L.O. 料理20:30 ドリンク20:45","無休","14席 （カウンターとテーブル席2席）","無","分煙（加熱式たばこ限定） テラス席では喫煙可 2020年4月1日より受動喫煙対策に関する法律(改正健康増進法）が施行されており、最新の情報と異なる場合がございますので、ご来店前に店舗にご確認ください。","予約不可","","無 お店の南側の路地先にコインパーキング有(21/12月時点)","井の頭線新代田駅から徒歩2分 新代田駅から116m","https://tblg.k-img.com/restaurant/images/Rvw/132672/640x640_rect_132672694.jpg","4駅追加"
"鶏そば そると","3.58","1086","39393","ラーメン、つけ麺、食堂","下北沢駅","～￥999","～￥999","https://tabelog.com/tokyo/A1318/A131802/13153756/","東京都世田谷区代沢5-36-13 1F","1550032","35.65927943869838","139.66724664423222","03-5432-9270","月・火・水・木・金・土・日・祝日・祝前日・祝後日 11:30 - 01:00","無休","14席 （カウンター10席、テーブル2人席×3）","無","全席禁煙","予約不可","","無 徒歩１分ほどの場所に、コインパーキングがあります。","京王井の頭線 小田急小田原線 下北沢駅より徒歩約４分 下北沢駅から245m","https://tblg.k-img.com/restaurant/images/Rvw/339735/640x640_rect_848d4812cf88d786fe4d7bb70ea3252e.jpg","4駅追加"
"ビアバー うしとら 壱号店","3.44","159","10765","ビアホール、ビアバー、バー","下北沢駅","￥3,000～￥3,999","","https://tabelog.com/tokyo/A1318/A131802/13037769/","東京都世田谷区代田6-3-27 アゼリアハウス 1F","1550033","35.662674228695714","139.66564633426765","03-3485-9090","水・木・金・土・日・祝日・祝前日・祝後日 16:00 - 23:30 L.O. 料理22:30 ドリンク23:00 月・火","","38席 （カウンター10席、テーブル20席、テラス8席）","無","全席禁煙 外に喫煙所あり","予約不可","","無","小田急小田原線 下北沢駅 ２１２ｍ 京王井の頭線 下北沢駅 ２１２ｍ 下北沢駅から191m","https://tblg.k-img.com/restaurant/images/Rvw/79452/640x640_rect_79452488.jpg","4駅追加"
"俺流餃子楼飯店 下北沢店","3.43","190","2557","中華料理","下北沢駅","￥2,000～￥2,999","","https://tabelog.com/tokyo/A1318/A131802/13287404/","東京都世田谷区北沢2-5-10 第五マツヤビル 1F","1550031","35.660793828698","139.66907904424622","03-5787-6799","","","","有","全席禁煙","予約可","","無","下北沢駅から189m","https://tblg.k-img.com/restaurant/images/Rvw/366708/640x640_rect_c6a2af36cc20fe14fac7c3e64a1fe8fa.jpg","4駅追加"
"ベーカリー コムギノホシ 世田谷羽根木店","3.43","83","1931","パン","新代田駅","～￥999","","https://tabelog.com/tokyo/A1318/A131803/13269986/","東京都世田谷区羽根木1-19-19","1560042","35.66363713869289","139.6587304442822","03-6304-7833","月・水・木・金・土・日 09:00 - 19:00 火","","","無","全席禁煙","予約不可","","無","新代田駅から201m","https://tblg.k-img.com/restaurant/images/Rvw/361958/640x640_rect_eee85536366370d13818a270d9e5dd07.jpg","4駅追加"
"バールアリメンターリ ダニエラ","3.62","400","41693","イタリアン","下北沢駅","￥8,000～￥9,999","￥4,000～￥4,999","https://tabelog.com/tokyo/A1318/A131802/13024625/","東京都世田谷区代沢5-16-23 1F","1550032","35.657088637894134","139.66639088304893","03-3487-6086","月・火・金・土・日 11:30 - 15:00 L.O. 14:30 17:30 - 22:00 L.O. 21:00 水・木","水曜日","20席","無","全席禁煙","予約可","","無 近隣にコインパーキング有","小田急線・京王井の頭線 下北沢駅南西口より徒歩10分 下北沢駅から494m","https://tblg.k-img.com/restaurant/images/Rvw/132000/640x640_rect_132000561.jpg","4駅追加"
"世田谷珈琲游 梅ケ丘店","3.46","128","3046","喫茶店","梅ケ丘駅","～￥999","～￥999","https://tabelog.com/tokyo/A1318/A131812/13087063/","東京都世田谷区梅丘1-21-9","1540022","35.655688678696414","139.6539316742053","03-3439-6215","月・火・水・木・金・土 08:00 - 20:00 日・祝日 09:00 - 20:00 営業時間・","","36席 （カウンター7席、テーブル29席）","無","全席禁煙","予約不可","","無","小田急小田原線 梅ヶ丘駅 徒歩1分 梅ケ丘駅から51m","https://tblg.k-img.com/restaurant/images/Rvw/364456/640x640_rect_fb9f6a4160cb47da168678566920d286.jpg","4駅追加"
"梅干しサワー専門店","3.40","120","7549","バー","下北沢駅","￥2,000～￥2,999","","https://tabelog.com/tokyo/A1318/A131802/13233370/","東京都世田谷区北沢2-12-10","1550031","35.660926548697525","139.66786418424843","03-5787-5929","16:00 - 00:00 L.O. 23:30","","15席 （立ち飲みカウンター）","無","全席禁煙 外に灰皿あり","予約不可","","無","小田急線 京王井の頭線 下北沢駅より徒歩1分 下北沢駅から88m","https://tblg.k-img.com/restaurant/images/Rvw/186854/640x640_rect_18ba6d1151a3026e141ef400a6dd7b01.jpg","4駅追加"
"炭火焼鳥 西田屋","3.44","235","14455","焼き鳥、居酒屋、親子丼","下北沢駅","￥4,000～￥4,999","","https://tabelog.com/tokyo/A1318/A131802/13107794/","東京都世田谷区北沢2-12-2","1550031","35.660720098697716","139.66805502424623","03-6450-9909","15:00 - 00:00 L.O. 23:00 営業時間・","","60席","無","全席喫煙可 2020年4月1日より受動喫煙対策に関する法律(改正健康増進法）が施行されており、最新の情報と異なる場合がございますので、ご来店前に店舗にご確認ください。","予約可","","無","下北沢駅東口から徒歩2分 下北沢駅から117m","https://tblg.k-img.com/restaurant/images/Rvw/352374/640x640_rect_6e16245a637774f8c7b1a31021dfdefd.jpg","4駅追加"
"食堂 土土土","3.40","144","6420","食堂、日本料理、ハンバーグ","下北沢駅","￥1,000～￥1,999","￥1,000～￥1,999","https://tabelog.com/tokyo/A1318/A131802/13280941/","東京都世田谷区北沢2-12-2 サウスウェーブ下北沢 1F","1550031","35.66092154869762","139.66815875424817","03-6805-3851","月・火・水・金・土 12:00 - 16:00 18:00 - 23:00 L.O. 料理22:00 ドリンク22:30 木・日","日曜","20席 （カウンター4席、テーブル16席）","無","全席禁煙","予約不可","","無","下北沢駅から109m","https://tblg.k-img.com/restaurant/images/Rvw/196619/640x640_rect_487d7efcb7b40e6e83a5a298282bd543.jpg","4駅追加"
"latte","3.47","335","21667","カフェ、イタリアン、ケーキ","世田谷代田駅","￥1,000～￥1,999","￥1,000～￥1,999","https://tabelog.com/tokyo/A1318/A131812/13269098/","東京都世田谷区代田5-10-6 イーストコート代田 1F","1550033","35.65928577869617","139.6603434942371","03-6453-2530","月・火・水・木・金 11:00 - 17:00 土・日 11:00 - 18:00","","16席 （ソファ1席、テーブル7席）","無","全席禁煙","予約不可","","無 近隣にコインパーキング有り","世田谷代田駅から徒歩2分 新代田駅から徒歩4分 下北沢駅から徒歩7分 世田谷代田駅から147m","https://tblg.k-img.com/restaurant/images/Rvw/313973/640x640_rect_8f1fedf878730c3c2d0c6518ac7b5042.jpg","4駅追加"
"無添加薬膳スープカレー COSMOS","3.53","380","12856","スープカレー","下北沢駅","￥1,000～￥1,999","￥1,000～￥1,999","https://tabelog.com/tokyo/A1318/A131802/13219569/","東京都世田谷区北沢2-1-8 1F","1550031","35.65924663789314","139.66762458306985","03-6804-0058","12:00 - 23:30 L.O. 23:00","","30席 （カウンター10席、テーブル20席（2×2、4×4））","無","全席禁煙","予約可","","無","下北沢駅より徒歩2分 下北沢駅から252m","https://tblg.k-img.com/restaurant/images/Rvw/303311/640x640_rect_5444f55ea2a7b4511b6b7667a305d399.jpg","4駅追加"
"アンドレア","3.42","224","7813","クレープ・ガレット","下北沢駅","～￥999","～￥999","https://tabelog.com/tokyo/A1318/A131802/13001835/","東京都世田谷区代田6-5-26","1550033","35.66303428869543","139.66549665427138","03-3468-2597","月 14:00 - 19:30 L.O. 料理19:00 火・水・木・金 13:00 - 19:30 L.O. 料理19:00 土・日・祝日 13:00 - 20:30 L.O. 料理20:00 ◇◆","不定休","","無","全席禁煙","予約不可","","無 近隣にコインパーキング有?","～・2025/8/1更新・～ ①＜最短・一番わかりやすいコースⅠ＞★井の頭線に限る☆ 井の頭線ホーム【西口改札】を出て右側（西口北側）の階段を上り 左手に見える白洋舎のある道を、まっすぐ１３５ｍ程歩いた左側！ ぬいぐるみやマスコットが、たくさん置いてあるお店がアンドレアです！ タウンマーケット ミヤタヤさんの手前です！（お肉美味） そして下北沢成徳までいってしまったら かなり行き過ぎです！ ②＜一番わかりやすいコースⅡ＞★小田急線に限る☆ 南西口を出て右手にある階段を登り、左手に６０ｍ程まで真っ直ぐ（突き当りは成城石井）。 成城石井を正面にして右手へ、井の頭線の踏切を渡り、左手に見える白洋舎のある道を 真っ直ぐ１３５ｍ行った左側の、ぬいぐるみやマスコットがたくさん置いてあるお店がアンドレアです！ ③＜中距離コース＞ 小田急線：東口・井の頭線は中央口を出たら左手に行くと、小田急：東口に出ます。 東口を背に左側に階段or自転車用の坂を登ります。 左側に元みずほ銀行、その左脇にある坂を上り、（右側に元ピーコック） ４５ｍ程いった、突き当りの無印良品の左側の道なりに真っすぐ ６５ｍ程 ①最短コースの西口北側につきます。 ④＜下北沢東口（元北口）をちょっと楽しめるコース＞ 小田急線：東口・井の頭線は中央口を出たら左手に行くと小田急：東口にでます。 東口を背に左側に階段と自転車用の坂を登ります。 左側に元みずほ銀行、右側に元ピーコック、右手の道（3coinsの方）を７０ｍ前後直進 吉野家と空き地（大型喫煙所）の間を左に曲がって 真っ直ぐ２００m！突き当りがアンドレアです！ ⑤小田急線：東口・井の頭線は中央口を出たら左手に行くと小田急：東口にでます。 まっすぐ前の道をオオゼキ（スーパー）についてしまったら左手にある工事中のビル （元大庄水産）を正面に右へ約３０ｍ、洋服屋さんとお煎餅屋さんの間の道を まっすぐ２５０ｍ！突き当りがアンドレアです！ 下北沢駅から229m","https://tblg.k-img.com/restaurant/images/Rvw/351819/640x640_rect_15440e8ea14d03ae12473cac39399c55.jpg","4駅追加"
"ネイバーフッド アンド コーヒー 代沢5丁目店","3.53","276","9833","カフェ","下北沢駅","～￥999","～￥999","https://tabelog.com/tokyo/A1318/A131802/13162576/","東京都世田谷区代沢5-8-13 クリークス代沢","1550032","35.65714503789452","139.66774908304856","03-5431-5250","07:30 - 22:00","無休","42席 （テラス4席）","無","全席禁煙","予約不可","","無","下北沢駅／南口出口（京王井の頭線、小田急小田原線） 徒歩６分 下北沢駅／南口（ＥＶ）出口（京王井の頭線、小田急小田原線） 徒歩６分 下北沢駅／西口出口（京王井の頭線、小田急小田原線） 徒歩８分 茶沢通り沿い 下北沢駅から485m","https://tblg.k-img.com/restaurant/images/Rvw/33850/640x640_rect_33850621.jpg","4駅追加"
"マサコ","3.45","133","6972","喫茶店","下北沢駅","￥1,000～￥1,999","～￥999","https://tabelog.com/tokyo/A1318/A131802/13248534/","東京都世田谷区北沢2-31-2 大久ビル 2F","1550031","35.66257623789117","139.66807808310318","","月・火・水・金・土・日 12:00 - 22:00 L.O. 21:00 木","","17席 （カウンター3席、4人掛けテーブル×1、2人掛けテーブル×4（対面×2横並び×2）、2人掛けソファ×1）","無","全席禁煙","予約不可","","無","小田急小田原線、京王井の頭線 下北沢駅下車 徒歩６分 下北沢駅から145m","https://tblg.k-img.com/restaurant/images/Rvw/146195/640x640_rect_146195935.jpg","4駅追加"
"フグレン 羽根木公園","3.46","148","5891","カフェ","梅ケ丘駅","￥1,000～￥1,999","～￥999","https://tabelog.com/tokyo/A1318/A131812/13263802/","東京都世田谷区代田4-36-14 水巻ビル 1F","1550033","35.65677032053797","139.65490663885862","03-6379-0909","月・火・水・木 08:00 - 20:00 金・土・日 08:00 - 22:00 営業時間・","","","無","全席禁煙","予約不可","","無","梅ヶ丘駅から徒歩3分 梅ケ丘駅から156m","https://tblg.k-img.com/restaurant/images/Rvw/313540/640x640_rect_8b3851ae5087c1edbbb7c7688fe6cc66.jpg","4駅追加"
"YUMMY BURGER","3.42","123","5566","ハンバーガー","下北沢駅","￥1,000～￥1,999","￥1,000～￥1,999","https://tabelog.com/tokyo/A1318/A131802/13272748/","東京都世田谷区北沢2-33-6 藤原ビル 1F","1550031","35.66308980869641","139.6686664742697","03-6416-8338","火・水・木・金・土 11:30 - 21:00 L.O. 20:30 日・祝日 11:30 - 19:00 L.O. 18:30 月","","15席","無","全席禁煙","予約可","","無","下北沢駅から徒歩3分 下北沢駅から223m","https://tblg.k-img.com/restaurant/images/Rvw/359942/640x640_rect_d41d5ad0bc2e2691ac4b36376bd9b2a0.jpg","4駅追加"
"Rojiura Curry SAMURAI. 下北沢店","3.43","1055","63502","スープカレー","新代田駅","￥1,000～￥1,999","￥1,000～￥1,999","https://tabelog.com/tokyo/A1318/A131802/13165636/","東京都世田谷区北沢3-31-14","1550031","35.66470013869486","139.66703383428714","03-5453-6494","月・火・水・金 11:00 - 15:30 L.O. 15:00 17:30 - 21:00 L.O. 20:15 木 11:00 - 15:30 L.O. 15:00 17:30 - 21:00 土","","22席","無","全席禁煙","予約不可","カレー 百名店 2018","無 駐輪場なし。近隣にコインパーキング、有料駐輪場ございます。そちらのご利用をお願い致します。","小田急・京王井の頭「下北沢」駅から徒歩7分 下北沢駅から356m","https://tblg.k-img.com/restaurant/images/Rvw/341140/640x640_rect_d051331055847f07b653b19c8b7d34cf.jpg","4駅追加"
"北海道らーめん 熊源 下北沢店","3.42","164","1841","ラーメン","新代田駅","～￥999","～￥999","https://tabelog.com/tokyo/A1318/A131802/13253773/","東京都世田谷区北沢2-11-18","1550031","35.660950390700435","139.66861725217996","03-6804-0660","月・火・水・木・金・土 09:00 - 04:00 日 09:00 - 22:00","無休","（カウンター席、テーブル席、テラス席）","無","全席禁煙","予約不可","","無","下北沢駅から144m","https://tblg.k-img.com/restaurant/images/Rvw/337158/640x640_rect_542383b3612c5ec8344acb61d376ca65.jpg","4駅追加"
"tag cafe","3.41","179","6686","カフェ","新代田駅","￥1,000～￥1,999","￥1,000～￥1,999","https://tabelog.com/tokyo/A1318/A131802/13133923/","東京都世田谷区北沢2-12-10 サウスサイド2 ２B","1550031","35.660907858697534","139.66785364424823","03-6450-7253","11:00 - 20:00","不定休","24席 （カウンター11席、テーブル13席 予備椅子５脚）","無","全席禁煙","予約可","","無","小田急線・井の頭線 下北沢駅 中央東口徒歩１分以内 下北沢駅から89m","https://tblg.k-img.com/restaurant/images/Rvw/327279/640x640_rect_618291dca31da6e1659324eb58afb153.jpg","4駅追加"
"鮨 なが井","3.50","72","7111","寿司","新代田駅","￥20,000～￥29,999","","https://tabelog.com/tokyo/A1318/A131803/13051226/","東京都世田谷区松原5-27-3 １Ｆ","1560043","35.66230998869227","139.65413312427202","03-3327-6855","水・木・金 18:00 - 22:30 土・日 18:00 - 22:00 月・火","","9席 （白木のカウンターのみ）","無","全席禁煙","完全予約制","","無 近隣にコインパーキング多数あり","京王井の頭線東松原駅より徒歩２分 （東松原商店街を羽根木公園方向へ進み、カレー屋さんのT路地を右折） 小田急線梅が丘駅より徒歩１０分 東松原駅から134m","https://tblg.k-img.com/restaurant/images/Rvw/234261/640x640_rect_06ec127c5cb4ed37274a4fa5d218376d.jpg","4駅追加"
"ヴォルール・ドゥ・フルール 下北沢南店","3.46","168","8403","カフェ","下北沢駅","￥1,000～￥1,999","￥1,000～￥1,999","https://tabelog.com/tokyo/A1318/A131802/13013044/","東京都世田谷区北沢2-12-15 水内ビル 2F","1550031","35.660818137892406","139.66846408308515","非公開","月・水・木 12:00 - 21:00 金・土・日・祝日 12:00 - 22:00 火","火曜日","（奥と、窓側にテーブル席、中央カウンター席）","無","分煙 2020年4月1日より受動喫煙対策に関する法律(改正健康増進法）が施行されており、最新の情報と異なる場合がございますので、ご来店前に店舗にご確認ください。","予約不可","","無","小田急線、京王井の頭線「下北沢」駅 西口から徒歩3分ほど 下北沢駅から138m","https://tblg.k-img.com/restaurant/images/Rvw/345109/640x640_rect_afd1c9554ba455b26f5303bb0d218be6.jpg","4駅追加"
"Bole COFFEE&ICE CREAM","3.55","228","16731","カフェ、ジェラート・アイスクリーム","新代田駅","～￥999","～￥999","https://tabelog.com/tokyo/A1318/A131803/13285909/","東京都世田谷区羽根木1-19-19 羽根木インターナショナルガーデンハウス CT-03","1560042","35.66377865869281","139.65874738428363","080-5457-1919","09:00 - 18:00 営業時間・","","23席 （店内：カウンター4席、テーブル2席（2人掛け×1）、ベンチ4席（丸テーブル×4） テラス：13席（4人掛け×1、3人掛け×1、2人掛け×3））","無","全席禁煙","予約不可","","無","新代田駅から209m","https://tblg.k-img.com/restaurant/images/Rvw/347064/640x640_rect_04555ad57b7db48cee13ae2f8e20c1ec.jpg","4駅追加"
"ダイタリア","3.61","299","59451","イタリアン","新代田駅","￥6,000～￥7,999","","https://tabelog.com/tokyo/A1318/A131803/13232809/","東京都世田谷区羽根木1-4-18","1560042","35.66363443788803","139.6603188831193","03-6897-2939","月・火・金・土・日 17:00 - 21:00 水・木","","21席 （カウンター7席、テーブル14席、スタンディング4~5名）","無","全席禁煙","予約可","","有 店の裏手にコインパーキング","京王井の頭線「新代田」徒歩2分 新代田駅から119m","https://tblg.k-img.com/restaurant/images/Rvw/324801/640x640_rect_32940e64d615b79aafa195dc08f21b1c.jpg","4駅追加"
"玄蕎麦 路庵","3.55","257","16800","そば、うどん、天ぷら","下北沢駅","￥2,000～￥2,999","￥1,000～￥1,999","https://tabelog.com/tokyo/A1318/A131802/13175265/","東京都世田谷区代沢2-28-9","1550032","35.65841540869928","139.66835547422272","03-3421-3033","火・水・木・金・土・祝日 11:30 - 14:30 17:30 - 21:00 月・日","","17席 （大テーブル5席 / 4人席×3 / ）","無","全席禁煙","予約可","","無 近隣にコインパーキングあり","下北沢駅東口より徒歩6分 下北沢駅から358m","https://tblg.k-img.com/restaurant/images/Rvw/106760/640x640_rect_106760781.jpg","4駅追加"
"キッチン アンド カリー","3.80","603","25929","カレー","新代田駅","￥1,000～￥1,999","￥1,000～￥1,999","https://tabelog.com/tokyo/A1318/A131803/13224066/","東京都世田谷区羽根木1-21-24 亀甲新い52","1560042","35.663907428692674","139.65857792428505","03-6304-7784","水・金 11:30 - 15:30 L.O. 15:00 木 11:30 - 15:30 L.O. 15:00 18:00 - 21:30 L.O. 21:00 土・日 11:30 - 16:30 L","","7席 （カウンター3席、テーブル4席）","無","全席禁煙","予約可","カレー 百名店 2026","無","京王井の頭線新代田駅より徒歩5分 新代田駅から230m","https://tblg.k-img.com/restaurant/images/Rvw/215916/640x640_rect_9b714dcdf8ae2e8a5fa61740b95edfa8.jpg","4駅追加"
"シティー カントリー シティ","3.42","195","15463","パスタ","下北沢駅","￥1,000～￥1,999","￥1,000～￥1,999","https://tabelog.com/tokyo/A1318/A131802/13054105/","東京都世田谷区北沢2-12-13 細沢ビル 4F","1550031","35.660952638697644","139.6683029442484","03-3410-6080","月・火・木・金・土・日 12:00 - 22:00 L.O. 21:30 水","","15席","無","全席禁煙","予約不可","","無","下北沢駅南口改札より徒歩2分。 下北沢駅から118m","https://tblg.k-img.com/restaurant/images/Rvw/39821/640x640_rect_39821060.jpg","4駅追加"
"スポルカチョーネ","3.56","138","42799","イタリアン","明大前駅","￥10,000～￥14,999","","https://tabelog.com/tokyo/A1318/A131804/13278932/","東京都世田谷区松原1-20-18","1560043","35.667033858689344","139.6543415043196","03-6379-2869","月・火・金・土 17:00 - 22:00 L.O. 21:00 水・木・日","","16席 （カウンター4席、テーブル4席×3）","無","全席禁煙","予約可","","無","明大前駅から404m","https://tblg.k-img.com/restaurant/images/Rvw/206451/640x640_rect_97157de3c44da6107efae737f7a75b13.jpg","4駅追加"
"patisserie KOZU","3.44","158","7914","ケーキ、カフェ","下北沢駅","～￥999","～￥999","https://tabelog.com/tokyo/A1318/A131802/13166034/","東京都世田谷区代沢5-8-18","1550032","35.657726728699565","139.66791326421605","03-6796-2455","月・水・木・金・土・日 11:00 - 20:30 火","","2席 （1テーブルのみあります。2人座れるかな？）","無","全席禁煙","予約可","","無","下北沢駅徒歩５分 下北沢駅から423m","https://tblg.k-img.com/restaurant/images/Rvw/64928/640x640_rect_64928754.jpg","4駅追加"
"パン・ド・ラサ","3.56","205","8645","パン、ベーグル","梅ケ丘駅","～￥999","","https://tabelog.com/tokyo/A1318/A131812/13007093/","東京都世田谷区梅丘1-29-6","1540022","35.65621359869636","139.65482116420998","03-3425-4774","火・水・木・金・土・日 07:00 - 18:00 月","","","無","全席禁煙","予約可","","無 近隣にコインパーキング多数","梅ケ丘駅から124m","https://tblg.k-img.com/restaurant/images/Rvw/351180/640x640_rect_80d3a31e0d14b1d86d17331b3bb44476.jpg","4駅追加"
"茄子おやじ","3.65","1077","57554","カレー","下北沢駅","￥1,000～￥1,999","","https://tabelog.com/tokyo/A1318/A131802/13001385/","東京都世田谷区代沢5-36-8 アルファビル 1F","1550032","35.659281138698255","139.6668802442325","03-3411-7035","月・火・水・木・金・土・日 11:00 - 22:00 L.O. 21:30 祝日 11:00 - 22:00 営業時間・","","20席 （カウンター、テーブル席）","無","全席禁煙","予約不可","","無","小田急小田原線、京王井の頭線 下北沢駅 徒歩４分 下北沢駅から247m","https://tblg.k-img.com/restaurant/images/Rvw/366672/640x640_rect_c2a60e7d5f909e11836c667fe11d8492.jpg","4駅追加"
"STABLER Shimokitazawa Meatsand","3.48","243","24050","カフェ、サンドイッチ、喫茶店","下北沢駅","￥2,000～￥2,999","￥1,000～￥1,999","https://tabelog.com/tokyo/A1318/A131802/13254078/","東京都世田谷区北沢2-12-15","1550031","35.660868078697774","139.66854686424736","03-3414-8775","月・火・水・木・金・土・日・祝日・祝前日・祝後日 11:00 - 20:00 L.O. 19:30","","10席","無","全席禁煙","予約不可","","有 近隣にコインパーキングあり","下北沢駅から徒歩約3分 下北沢駅から142m","https://tblg.k-img.com/restaurant/images/Rvw/303656/640x640_rect_1951241981bc2984b7dc12b96c33533d.jpg","4駅追加"
"BAGEL CAFE 88","3.42","142","4686","ベーグル、カフェ","下北沢駅","","～￥999","https://tabelog.com/tokyo/A1318/A131802/13272347/","東京都世田谷区北沢2-27-12 林ビル 1F","1550031","35.66294318869575","139.66630641426988","03-6407-9388","月・火・水・木・金・土・日・祝日 10:00 - 18:00","なし","15席 （カウンター2席、テーブル10席、テラス席3席）","無","全席禁煙","予約不可","","無","下北沢駅徒歩５分 下北沢駅から179m","https://tblg.k-img.com/restaurant/images/Rvw/315283/640x640_rect_e85e946d622a8472910b2b3aed9123c5.jpg","4駅追加"
"KISSA RAY","3.44","124","6006","カフェ","東北沢駅","～￥999","～￥999","https://tabelog.com/tokyo/A1318/A131802/13273749/","東京都世田谷区北沢3-20-13 フローラ松美 1F","1550031","35.66399693789081","139.66976318311634","03-4363-6747","月・火・水・木・金 09:00 - 19:00 L.O. 18:30 土・日 09:00 - 21:00 L.O. 20:30","","15席 （カウンター4席、テーブル5席、ベンチ6人分（ミニテーブル3卓））","無","全席禁煙","予約不可","","無","下北沢駅 徒歩5分 東北沢駅から338m","https://tblg.k-img.com/restaurant/images/Rvw/184267/640x640_rect_ad1c19ebb2938a43a3802e6a34051b6b.jpg","4駅追加"
"アルパジョン","3.51","209","7497","ケーキ、チョコレート、スイーツ","梅ケ丘駅","￥1,000～￥1,999","￥1,000～￥1,999","https://tabelog.com/tokyo/A1318/A131812/13001526/","東京都世田谷区梅丘1-22-7 中村ビル　１Ｆ","1540022","35.65569953789092","139.6535526830439","03-3439-6226","09:00 - 21:00","年中無休","（申し訳ございませんがイートインスペースはございません。テイクアウトのみになります。）","無","全席禁煙","予約可","","無","小田急梅が丘駅南口すぐ 梅ケ丘駅から31m","https://tblg.k-img.com/restaurant/images/Rvw/23758/640x640_rect_23758123.jpg","4駅追加"
"Et -THE CULTURAL COFFEEHOUSE-","3.51","252","8226","カフェ","下北沢駅","￥1,000～￥1,999","￥1,000～￥1,999","https://tabelog.com/tokyo/A1318/A131802/13304657/","東京都世田谷区北沢2-22-3 下北パークフロント 1～2F","1550031","35.66013943869713","139.66504851424247","03-6805-2137","月・火・水・木・金・土・日・祝日・祝前日・祝後日 07:30 - 21:00 6月22日(月)は社内研修のため、営業時間が7:30-20:00となります。","","74席","無","全席禁煙","予約不可","","無","京王井の頭線・小田急線「下北沢駅」 徒歩2分 下北沢駅から244m","https://tblg.k-img.com/restaurant/images/Rvw/343155/640x640_rect_060bb2d309c8f389289607f0b5de4d1b.jpg","4駅追加"
"旧ヤム邸 シモキタ荘","3.81","2183","101439","カレー、インドカレー","下北沢駅","￥1,000～￥1,999","￥1,000～￥1,999","https://tabelog.com/tokyo/A1318/A131802/13211142/","東京都世田谷区代沢5-29-9 ナイスビル 1F","1550032","35.65842642869886","139.66707356422376","03-6450-8986","月・水・木・金 11:00 - 15:00 18:00 - 21:00 火 11:00 - 15:00 土・日 11:00 - 15:30 17:30 - 21:00 営業時間・","","12席 （2人がけ×4卓 カウンター4席）","無","全席禁煙","予約不可","カレー 百名店 2026","無 近隣にコインパーキングあり","小田急線・京王井の頭線 下北沢駅より徒歩7分 三軒茶屋から小田急バス下61系統 代沢五丁目バス停より徒歩1分 （三軒茶屋から徒歩だと1.7km 25分） 下北沢駅から340m","https://tblg.k-img.com/restaurant/images/Rvw/315282/640x640_rect_fb53fe830dffdffcff9773f0bafbc7c6.jpg","4駅追加"
"天ノ屋 下北沢本店","3.43","244","7974","かき氷、甘味処、カフェ","下北沢駅","￥1,000～￥1,999","￥1,000～￥1,999","https://tabelog.com/tokyo/A1318/A131802/13258949/","東京都世田谷区北沢2-36-14 ガーデンテラス下北沢 1F","1550031","35.66374793869569","139.667739154277","03-5738-7872","12:00 - 21:00","不定休","43席 （カウンター4席、テーブル32席、テラス7席）","無","全席禁煙","予約不可","","無","京王線 井の頭 下北沢駅から徒歩3分 小田急線 下北沢駅から徒歩3分 下北沢駅から256m","https://tblg.k-img.com/restaurant/images/Rvw/157474/320x320_rect_157474908.jpg","4駅追加"
"中華そば みつめ","3.41","128","2076","ラーメン","下北沢駅","￥1,000～￥1,999","￥1,000～￥1,999","https://tabelog.com/tokyo/A1318/A131802/13311243/","東京都世田谷区北沢2-9-23 友和第5ビル 3F B号室","1550031","35.661931908697255","139.66901978425778","03-6456-8012","火・水・木・金 11:30 - 15:00 19:00 - 23:00 土・日・祝日 11:30 - 15:00 17:00 - 23:00 月","","9席 （カウンター5席、テーブル4席）","無","全席禁煙","予約不可","","無","下北沢駅より180m 徒歩3分 下北沢駅から174m","https://tblg.k-img.com/restaurant/images/Rvw/346644/640x640_rect_76afb15ac27eaf84ff6cf5c7d07decc4.jpg","4駅追加"
"goo ITALIANO 代々木上原店","3.43","260","20765","イタリアン、パスタ、ワインバー","代々木上原駅","￥4,000～￥4,999","￥1,000～￥1,999","https://tabelog.com/tokyo/A1318/A131811/13189204/","東京都渋谷区西原3-2-2 久保田ビル 1F","1510066","35.670458637890796","139.6826218831726","03-5738-2265","月・火・水・木・金 17:00 - 23:00 L.O. 22:00 土・日・祝日 11:30 - 16:00 L.O. 15:00 17:00 - 23:00 L.O. 22:00","","14席 （テーブル6卓、テラス1卓）","無","全席禁煙","予約可","","無 近隣コインパーキング有","千代田線、小田急線、代々木上原駅東口より徒歩1分 代々木上原駅から308m","https://tblg.k-img.com/restaurant/images/Rvw/279399/320x320_rect_68ea0a663c152ab5e95520706504c4b2.jpg","4駅追加"
"Mokita","3.40","213","17097","イタリアン、パスタ、創作料理","代々木上原駅","￥5,000～￥5,999","￥1,000～￥1,999","https://tabelog.com/tokyo/A1318/A131811/13290600/","東京都渋谷区西原3-4-5 山田ビル 101","1510066","35.67010936258783","139.68174546240994","070-9262-6812","月・火・水・土・祝日 11:30 - 14:30 L.O. 13:30 17:00 - 23:00 L.O. 料理21:30 ドリンク22:30 木・金 17:00 - 23:00 L.O. 料理21","不定休","20席","有 （10～20人可、20～30人可） 貸切のことを個室と表記させて頂いております。人数様ではなく、曜日時間帯により貸切予算がございますので、ご連絡ください！20名様まで。","全席禁煙","予約可","","無 お店の近くに3台止められる駐車場がございます。","代々木上原駅東口より徒歩30秒 代々木上原駅から214m 代々木上原駅から221m","https://tblg.k-img.com/restaurant/images/Rvw/228558/640x640_rect_7d64f570c0211cce0c9e48cda56d06f3.jpg","4駅追加"
"sew","3.48","283","24384","カフェ、イタリアン、ワインバー","代々木上原駅","￥6,000～￥7,999","￥2,000～￥2,999","https://tabelog.com/tokyo/A1318/A131811/13306282/","東京都渋谷区上原2-38-9","1510064","35.665682038698165","139.6793480842884","03-6451-5700","09:00 - 17:30 18:00 - 23:00","","22席","有 （4人可、6人可） 土日祝のみ、ディナータイムに1組限定で半個室プランをご用意しております。","全席禁煙","予約可","","無","代々木上原駅西口から徒歩8分 渋谷ハチ公バス「上原小学校駅」目の前 代々木上原駅から372m","https://tblg.k-img.com/restaurant/images/Rvw/295391/640x640_rect_6d14c30bc5aebc6269a2e6c02d300a24.jpg","4駅追加"
"どろまみれ 代々木上原","3.42","173","17746","居酒屋、焼き鳥、日本酒バー","代々木上原駅","￥5,000～￥5,999","","https://tabelog.com/tokyo/A1318/A131811/13205755/","東京都渋谷区西原3-7-5 渡部ビル 2F","1510066","35.66990923789059","139.68087718316826","03-6804-9456","火・水・木・土・祝日 17:00 - 23:30 L.O. 料理22:30 ドリンク23:00 金・祝前日 17:00 - 00:00 L.O. 料理23:00 ドリンク23:30 月・日","","41席 （カウンター9席、テーブル32席）","無 半個室あり","全席禁煙 喫煙ルームあり","予約可","","無 近隣にコインパーキング有り（提携なし）","代々木上原駅北口1、2より徒歩1分30秒 みずほ銀行ATMの入ったビルの2階 代々木上原駅から145m","https://tblg.k-img.com/restaurant/images/Rvw/354860/640x640_rect_1fbff98cb2685dc57fc52a80c4d8b3fe.jpg","4駅追加"
"ビババンコ","3.41","266","23418","イタリアン、バル、ワインバー","代々木上原駅","￥6,000～￥7,999","","https://tabelog.com/tokyo/A1318/A131811/13158017/","東京都渋谷区元代々木町12-7 The 3rd代々木上原 1F","1510062","35.67048603789116","139.68382808317202","03-5452-4425","月・火・水・木・金 17:00 - 23:30 L.O. 22:30 土・祝日 15:00 - 23:30 L.O. 22:30 日","","30席 （カウンター18席、テーブル12席）","無","全席禁煙 入り口に灰皿をご用意してます。","予約可","","無 近隣にコインパーキングあり","代々木上原駅東口より徒歩で約5分。お酒のカクヤスさんの隣のビル1階です。 代々木上原駅から407m","https://tblg.k-img.com/restaurant/images/Rvw/141324/640x640_rect_141324881.jpg","4駅追加"
"酒処 小林","3.46","457","49381","居酒屋、日本料理、海鮮","代々木上原駅","￥3,000～￥3,999","","https://tabelog.com/tokyo/A1318/A131811/13281102/","東京都渋谷区西原3-6-1","1510066","35.67024753789059","139.68154358317122","03-6320-9996","火・水・木・金・土 17:00 - 23:00 L.O. 料理22:00 ドリンク22:30 日 17:00 - 22:00 L.O. 料理21:00 ドリンク21:30 月・祝後日","不定休","25席 （カウンター：4席、テーブル：20席）","有 （20～30人可） 貸切のことを個室と表記させて頂いております。人数様ではなく、曜日時間帯により貸切予算がございますので、ご連絡ください！25名様まで。","全席禁煙","予約可","","無 お店の隣に3台止められる駐車場がございます。","代々木上原駅東口より徒歩30秒 長寿庵看板 代々木上原駅から215m","https://tblg.k-img.com/restaurant/images/Rvw/195672/640x640_rect_79735b2fd673cc82979bfc16362a8783.jpg","4駅追加"
"dish-tokyogastronomycafe","3.48","537","45318","カフェ、ビストロ、バル","代々木上原駅","￥4,000～￥4,999","￥1,000～￥1,999","https://tabelog.com/tokyo/A1318/A131811/13009407/","東京都渋谷区上原1-33-16 第一オーツカビル　２Ｆ","1510064","35.66935220955748","139.68107027556707","03-5465-6455","月・火・水・木・金・土・日・祝日・祝前日・祝後日 11:30 - 15:00 15:00 - 17:00 17:00 - 23:00 L.O. 料理22:00 ドリンク22:30","火曜日","47席 （テラス席8席を含む）","無","全席禁煙","予約可","","無 近くにコインパーキング有ります","小田急線・地下鉄千代田線 代々木上原駅 南口2から徒歩1分未満（南口2出て左折、レンガ色のビル2Ｆ） 代々木上原駅から129m","https://tblg.k-img.com/restaurant/images/Rvw/286550/640x640_rect_f57d40dad1e40bb9151f212dcff461ad.jpg","4駅追加"
"WHY BEER?","3.43","121","7440","ビアバー、ヨーロッパ料理","代々木上原駅","￥4,000～￥4,999","","https://tabelog.com/tokyo/A1318/A131811/13265243/","東京都渋谷区上原1-35-5 第2上原堂ビル 1F","1510064","35.669509137891204","139.68199988316346","03-6407-9318","火・水・木・金 17:00 - 23:00 L.O. 料理22:00 ドリンク22:30 土 14:00 - 23:00 L.O. 料理22:00 ドリンク22:30 日 16:00 - 22:00 ","","23席 （カウンター8席 ローカウンター3席 テーブル12席（4席×3)）","無","全席禁煙","予約可","","無","小田急線・代々木上原駅 千代田線・代々木上原駅 徒歩1分 代々木上原駅から215m","https://tblg.k-img.com/restaurant/images/Rvw/197484/640x640_rect_a3bcaa10f7577a9dc87f0aaaa9a58799.jpg","4駅追加"
"代々木八幡 BISTRO NONKI","3.43","411","14996","ビストロ、ステーキ、パスタ","代々木八幡駅","￥5,000～￥5,999","￥1,000～￥1,999","https://tabelog.com/tokyo/A1318/A131810/13282266/","東京都渋谷区富ヶ谷1-3-16 クレッシェンドビル 1F","1510063","35.66963583789356","139.68965068315936","03-6407-0708","月・火・水・木・金 15:00 - 17:59 18:00 - 23:00 土・日・祝日 13:00 - 17:59 18:00 - 23:00 当面の間 ランチ営業は休止いたします。 再開まで今しば","","39席 （カウンター10席）","無","全席禁煙 詳しくは店舗にお問い合わせください。","予約可","","無 近隣コインパーキング有","東京メトロ千代田線 代々木公園駅 徒歩2分 小田急線 代々木八幡駅 徒歩2分 代々木八幡駅から39m","https://tblg.k-img.com/restaurant/images/Rvw/222447/640x640_rect_d1e353dfde56facf00fa389de1f9539e.jpg","4駅追加"
"LANTERNE 代々木上原店","3.47","420","53287","居酒屋、からあげ、バー","代々木上原駅","￥5,000～￥5,999","","https://tabelog.com/tokyo/A1318/A131811/13170496/","東京都渋谷区西原3-5-3 ルネ代々木上原 B1F","1510066","35.670027137890685","139.68142858316907","03-6407-1863","月・火・水・木・金・土・日・祝日・祝前日・祝後日 17:00 - 23:00 L.O. 料理22:00 ドリンク22:30","","38席 （カウンター8席、ロングテーブル30席）","無","全席禁煙","予約可","","無","代々木上原駅 北口２番から徒歩0分 代々木上原駅から192m","https://tblg.k-img.com/restaurant/images/Rvw/91661/640x640_rect_91661032.jpg","4駅追加"
"36.5℃ kitchen","3.45","294","39662","ビストロ、イタリアン、ダイニングバー","代々木上原駅","￥6,000～￥7,999","","https://tabelog.com/tokyo/A1318/A131811/13174351/","東京都渋谷区上原1-32-18 サリタスビル B1F","1510064","35.669009437891","139.68033228315957","03-5453-7002","月・火・水・木・金・土 17:30 - 23:30 L.O. 22:00 日","","16席","無","全席禁煙","予約可","","無","代々木上原駅 南口出口 目の前 代々木上原駅から57m","https://tblg.k-img.com/restaurant/images/Rvw/102377/640x640_rect_102377042.jpg","4駅追加"
"まるしゑ","3.42","206","13721","居酒屋、日本酒バー、野菜料理","代々木上原駅","￥4,000～￥4,999","","https://tabelog.com/tokyo/A1318/A131811/13166809/","東京都渋谷区西原3-11-6 杉本ビル B1F","1510066","35.66956883789063","139.68032538316518","03-6804-9104","月・火・水・木・金・土・日・祝日・祝前日・祝後日 16:00 - 23:00 L.O. 料理22:00 ドリンク22:30","不定休","45席 （カウンター15席、20名程のテーブル席あります。）","有 （6人可、8人可） 8名程度の個室あります。 詰め詰めで9名まで！！ テーブルも半個室っぽくボックスになっているお席もあります。","全席禁煙 タバコは階段あたりでおねがいします","予約可","","無 近くのコインパーキングに停めてきてください。。","小田急線・千代田線の代々木上原駅「北口１」出口の階段を降りてすぐです。 ファミリーマートとフラワー薬局２の間の階段を下った地下です。 代々木上原駅から83m","https://tblg.k-img.com/restaurant/images/Rvw/49294/640x640_rect_49294111.jpg","4駅追加"
"魚まみれ眞吉 代々木八幡店","3.41","198","9142","居酒屋、海鮮","代々木八幡駅","￥5,000～￥5,999","","https://tabelog.com/tokyo/A1318/A131810/13215752/","東京都渋谷区富ヶ谷1-2-13 高松DCビル B1F","1510063","35.66938293789348","139.68890088315734","03-6804-9220","月・火・水・木・金・土 17:00 - 23:00 L.O. 料理22:00 ドリンク22:30 日・祝日 16:00 - 23:00 L.O. 料理22:00 ドリンク22:30 年末年始約3日間、","","40席 （カウンター10席、テーブル30席）","無","全席禁煙 敷地内、店舗外に喫煙スペースあり。","予約可","","無 近隣にコインパーキング有","【小田急小田原線】 代々木八幡駅 南口 徒歩1分 【東京メトロ千代田線】 代々木公園駅 代々木八幡方面出口 徒歩1分 代々木八幡駅から66m","https://tblg.k-img.com/restaurant/images/Rvw/341962/640x640_rect_e84180f2ec09e3ca2dfb4b85cbb56ff6.jpg","4駅追加"
"チュデコンヌ","3.46","57","9250","ダイニングバー","代々木上原駅","￥8,000～￥9,999","","https://tabelog.com/tokyo/A1318/A131811/13284063/","東京都渋谷区上原1-24-13 永興ビル 1F","1510064","35.66871011476839","139.68100243944627","03-5761-6315","月・火・水・木・金 18:00 - 00:00 土 15:00 - 00:00 日","","27席","無","全席禁煙","予約可","","無","代々木上原駅から徒歩2～3分 代々木上原駅から122m","https://tblg.k-img.com/restaurant/images/Rvw/337986/640x640_rect_bafbe4dbc0f6c2b63b8de8fb216f4e81.jpg","4駅追加"
"蒸籠味坊","3.47","318","13785","中華料理","代々木上原駅","￥2,000～￥2,999","￥1,000～￥1,999","https://tabelog.com/tokyo/A1318/A131811/13275473/","東京都渋谷区西原3-8-5 アコルデ代々木上原 2F","1510066","35.66947543789081","139.680719283164","03-5761-6430","月・火・水・木・金 11:00 - 23:00 L.O. 22:30 土・日・祝日 11:00 - 22:00 L.O. 21:30","","58席","無","全席禁煙","予約不可","","無","代々木上原駅直結 代々木上原駅から105m","https://tblg.k-img.com/restaurant/images/Rvw/204396/640x640_rect_b2b4df01c7b7ed3156766aa4b356038a.jpg","4駅追加"
"そば季寄 武蔵屋","3.45","224","10671","そば、海鮮、居酒屋","代々木上原駅","￥2,000～￥2,999","￥1,000～￥1,999","https://tabelog.com/tokyo/A1318/A131811/13014294/","東京都渋谷区上原1-22-3 むさしビル　１Ｆ","1510064","35.66866573789184","139.6823417831547","03-5478-0766","月・火・水・木・金・土・祝日 11:30 - 15:00 17:00 - 21:30 L.O. 料理21:00 ドリンク21:10 日","","42席 （カウンター７席、テーブル席22席、掘り炬燵席10席）","有 （4人可、6人可、8人可、10～20人可、20～30人可） ６名様、８名様、１４名様までお座りになれるテーブル席と, １０名様までお座りになれる広めのテーブル席がございます。 空間をつなげることが出来ますので最大２４名様前後のご案内が 可能です。個室使用はミニマムチャージ(最低ご利用料金）がございます。ランチ￥１１０００、ディナー￥２２０００","全席禁煙 喫煙はお店を出て右脇のビルスペース内にて喫煙をお願いしております。","予約可","","無 近隣にコインパーキングあります。","小田急線、千代田線「代々木上原駅」下車 東口を出ていただき坂道を御登りください。 スーパーマルエツの前にございます。駅から徒歩5分ぐらいとなります。 代々木上原駅から242m","https://tblg.k-img.com/restaurant/images/Rvw/102750/640x640_rect_102750128.jpg","4駅追加"
"笹吟","3.40","119","11903","居酒屋、日本酒バー","代々木上原駅","￥6,000～￥7,999","","https://tabelog.com/tokyo/A1318/A131811/13004599/","東京都渋谷区上原1-32-15 第２小林ビル　１Ｆ","1510064","35.66881810869634","139.67988303431972","03-5454-3715","月・火・水・木・金・土・祝前日・祝後日 17:00 - 23:00 L.O. 料理22:00 ドリンク22:30 日・祝日","","37席 （カウンター10席、テーブル17席、座敷10席）","無","全席禁煙","予約可","","無 近隣にコインパーキングあり","小田急線・地下鉄千代田線 代々木上原駅下車 徒歩1分 代々木上原駅から28m","https://tblg.k-img.com/restaurant/images/Rvw/340878/640x640_rect_6fec5b5d1c305ed8ba87c6d6137bc615.jpg","4駅追加"
"鰾","3.45","279","15384","居酒屋、海鮮、日本酒バー","代々木上原駅","￥4,000～￥4,999","￥1,000～￥1,999","https://tabelog.com/tokyo/A1318/A131811/13130853/","東京都渋谷区西原3-22-5","1510066","35.67057193789075","139.6827101831737","03-5790-9377","火・水・木・日 11:30 - 14:30 17:30 - 22:00 L.O. 21:00 金・土 11:30 - 14:30 17:30 - 23:00 L.O. 21:30 月","","27席 （テーブル12席、カウンター3席、座敷12席）","無 掘りごたつの座敷がございます。 9名様から最大12名様までご利用いただけます。","全席禁煙","予約可","","有 近隣にコインパーキングあり","代々木上原駅北口より徒歩2分 代々木上原駅から322m","https://tblg.k-img.com/restaurant/images/Rvw/138676/640x640_rect_138676180.jpg","4駅追加"
"そば處大野屋 元代々木町店","3.43","172","10589","そば、居酒屋、天ぷら","代々木上原駅","￥4,000～￥4,999","￥1,000～￥1,999","https://tabelog.com/tokyo/A1318/A131810/13019803/","東京都渋谷区元代々木町3-10","1510062","35.67013643789248","139.6872516831661","03-3467-7513","11:30 - 14:00 17:30 - 22:00 L.O. 21:30","不定休","58席","有 （10～20人可、20～30人可、30人以上可） 3セクション。人数に応じて、お席をご案内させていただきます","全席禁煙 店外に喫煙スペースがあります","予約可","","無 近隣にコインパーキングがございます","小田急線「代々木八幡」北口より階段を降りてそのまま左へ真っ直ぐ。 踏切を渡らず、山手通りの大ガードをくぐってすぐ。約2分。 東京メトロ千代田線「代々木公園」出口1（八幡口）からは、地上に出て右へ。小田急線の駅横の山手通り大ガード下の踏切を渡り正面。約5分。 都バス・京王バス「代々木八幡駅入口」より約2分。 代々木八幡駅から190m","https://tblg.k-img.com/restaurant/images/Rvw/49465/320x320_square_49465848.jpg","4駅追加"
"QUINDI","3.43","344","34532","イタリアン、ワインバー、パスタ","代々木上原駅","￥8,000～￥9,999","￥2,000～￥2,999","https://tabelog.com/tokyo/A1318/A131811/13219692/","東京都渋谷区上原2-48-12 東洋代々木上原コーポ 101","1510064","35.66787655022843","139.6819958221981","03-6407-0703","月・火・水・木・金 11:30 - 14:00 18:00 - 21:30 土・日・祝日 11:30 - 14:00 18:00 - 21:00","","37席","無","全席禁煙","予約可","","無","代々木上原駅 徒歩5分 代々木上原駅から243m","https://tblg.k-img.com/restaurant/images/Rvw/128484/640x640_rect_128484987.jpg","4駅追加"
"Ostu","3.44","203","21935","イタリアン、パスタ","代々木上原駅","￥15,000～￥19,999","￥8,000～￥9,999","https://tabelog.com/tokyo/A1318/A131810/13044972/","東京都渋谷区代々木5-67-6 代々木松浦ビル 1F","1510053","35.670471148698695","139.69056876432893","03-5454-8700","月・土・祝日 12:00 - 14:30 L.O. 料理13:00 ドリンク14:30 18:00 - 23:00 L.O. 料理21:00 ドリンク23:00 火・木・金 18:00 - 23:00","水曜日","10席","無","全席禁煙","予約可","イタリアン 百名店 2021","無 徒歩３分以内にコイン・パーキングあり","東京メトロ千代田線 代々木公園駅 徒歩２分 小田急小田原線 代々木八幡駅 徒歩３分 代々木八幡駅から131m","https://tblg.k-img.com/restaurant/images/Rvw/350857/640x640_rect_b8bffcf8deb87e99123e39d4121c9738.jpg","4駅追加"
"YOU KNOW WHAT","3.48","566","35109","イタリアン、カフェ、パスタ","代々木上原駅","￥4,000～￥4,999","￥1,000～￥1,999","https://tabelog.com/tokyo/A1318/A131811/13198842/","東京都渋谷区上原1-30-1 1F","1510064","35.668674138696375","139.67970678431837","03-6886-5330","月・火・水・木・金・土・日・祝日 09:00 - 22:00 L.O. 料理21:30 1月特別営業日 1/1 休業 1/2 休業 1/3 9:00~19:30L.O. 1/4~通常営業になります 1","","40席","無","全席禁煙","予約可","","無","小田急線・千代田線 代々木上原駅 徒歩１分 代々木上原駅から38m","https://tblg.k-img.com/restaurant/images/Rvw/259046/640x640_rect_07a7c4f7b13174d899a87ed990c6d1d7.jpg","4駅追加"
"フニクラ","3.43","231","32931","イタリアン、バル、ワインバー","代々木上原駅","￥4,000～￥4,999","","https://tabelog.com/tokyo/A1318/A131811/13147435/","東京都渋谷区西原3-1-1","1510066","35.67017053789085","139.68217228317","03-6407-0040","火・水・木・金・土・日 18:00 - 00:00 L.O. 23:00 月","","24席 （カウンター12席、テーブル12席）","有","全席禁煙 2020年4月1日から全面禁煙になります。","予約可","","無","東京メトロ千代田線、小田急線『代々木上原』駅 徒歩1分 代々木上原駅から257m","https://tblg.k-img.com/restaurant/images/Rvw/32957/640x640_rect_32957402.jpg","4駅追加"
"艪","3.43","230","21369","寿司、日本料理、海鮮","代々木上原駅","￥20,000～￥29,999","","https://tabelog.com/tokyo/A1318/A131811/13158726/","東京都渋谷区上原1-17-14 LAビル 1F","1510064","35.669244467484496","139.68245461000362","03-6407-9309","火・水・木・金・土 17:00 - 23:00 L.O. 22:30 日・祝日 15:00 - 22:00 L.O. 21:30 月","","12席 （カウンター8席、個室4席）","有 （4人可） 一室（～四名様）","全席禁煙","完全予約制","Tabelog Award 2018 Bronze","無 近隣にコインパーキングあり","代々木上原駅から徒歩２分 代々木上原駅から250m","https://tblg.k-img.com/restaurant/images/Rvw/331626/640x640_rect_655b575be491931dc12a9265a14b6adc.jpg","4駅追加"
"カカオストア＆プリンカフェ448","3.45","134","3288","チョコレート","代々木八幡駅","￥1,000～￥1,999","","https://tabelog.com/tokyo/A1318/A131810/13288510/","東京都渋谷区富ヶ谷1-3-9","1510063","35.66922100869897","139.68893717431743","03-3460-1726","11:00 - 20:00 L.O. 19:00 営業時間・","","","無","","予約不可","","無","代々木八幡駅から80m","https://tblg.k-img.com/restaurant/images/Rvw/341321/640x640_rect_5b5160e0de7b239040accad754113b6b.jpg","4駅追加"
"小春日和 TOKYO","3.49","228","26702","カフェ","代々木公園駅","￥1,000～￥1,999","￥2,000～￥2,999","https://tabelog.com/tokyo/A1318/A131810/13262579/","東京都渋谷区富ヶ谷1-8-3 志田ビル 1F","1510063","35.669033988699596","139.69054371431443","03-5738-8218","火・水・木・金 11:00 - 19:00 土・日・祝日 11:00 - 18:00 月","","","無","全席禁煙","予約可","","無","代々木公園駅から47m","https://tblg.k-img.com/restaurant/images/Rvw/157549/640x640_rect_157549073.jpg","4駅追加"
"アイリッシュパブ　タラモア","3.43","85","3716","パブ、ビアバー、スポーツバー","代々木八幡駅","￥4,000～￥4,999","","https://tabelog.com/tokyo/A1318/A131810/13019723/","東京都-渋谷区富ケ谷1-6-10 代々木公園ビル 1F","1510063","35.669111578699216","139.68949213431594","03-3481-0216","火・木・金 16:00 - 23:00 土・日 15:00 - 23:00 月・水","","35席","無","全席禁煙","予約可","","無","小田急線 代々木八幡駅 南口より徒歩1分 東京メトロ千代田線 代々木公園駅 1番出口より徒歩1分 代々木八幡駅から85m","https://tblg.k-img.com/restaurant/images/Rvw/339230/640x640_rect_b72ff7361aab0dcde8983366e9ece429.jpg","4駅追加"
"グルテンフリーおばんざい LL","3.43","101","12104","日本料理","代々木上原駅","","￥1,000～￥1,999","https://tabelog.com/tokyo/A1318/A131811/13292464/","東京都渋谷区西原3-4-5 ヤマダビル 4F","1510066","35.67010936258783","139.68174546240994","","木・金・土・日 11:00 - 14:30 L.O. 14:00 月・火・水","","","無","全席禁煙","予約可","","無","代々木上原駅から221m","https://tblg.k-img.com/restaurant/images/Rvw/359253/640x640_rect_1087c7c804e496bbbec486d518b4ac8f.jpg","4駅追加"
"REI STEAMED BUN","3.40","86","6132","肉まん","代々木上原駅","～￥999","～￥999","https://tabelog.com/tokyo/A1318/A131811/13298958/","東京都渋谷区西原3-1-4 トライアングル 1F","1510066","35.67030597869619","139.68237513433297","03-6451-5523","月・火・水・木・金・土 11:00 - 20:00 日","","","無","","予約可","","無","代々木上原駅から281m","https://tblg.k-img.com/restaurant/images/Rvw/347030/640x640_rect_2ca897e72ebd47c69a7cbf94b46cbb6e.jpg","4駅追加"
"押競満寿","3.48","357","28155","台湾料理","代々木八幡駅","￥2,000～￥2,999","￥1,000～￥1,999","https://tabelog.com/tokyo/A1318/A131810/13260150/","東京都渋谷区元代々木25-5 RAJIKUMAR BLD 1F","1500000","35.67101761869696","139.6862006143375","03-6804-7256","火・水・木 07:00 - 21:00 金 11:00 - 15:00 17:00 - 22:00 土・日 09:00 - 15:30 月","","","無","全席禁煙","予約不可","","無","小田急線 代々木八幡駅から徒歩4分 小田急線 代々木上原駅から徒歩8分 千代田線 代々木公園駅から徒歩5分 代々木八幡駅から310m","https://tblg.k-img.com/restaurant/images/Rvw/355171/640x640_rect_7acbf98cf89b68bcea3cb0ec22be8afe.jpg","4駅追加"
"山せみ","3.47","247","17993","そば、居酒屋、天ぷら","代々木上原駅","￥1,000～￥1,999","￥4,000～￥4,999","https://tabelog.com/tokyo/A1318/A131811/13001696/","東京都渋谷区上原1-17-14 上原ハウス　００１","1510064","35.66918142232537","139.6826637621993","03-3460-6463","月・火・水・木・金 11:30 - 14:30 L.O. 14:00 18:00 - 21:30 L.O. 20:45 土・日・祝日 11:30 - 15:00 L.O. 14:30 18:00 - ","なし","24席 （カウンター4席、テーブル20席）","無","全席禁煙","予約可","","無 近隣にコインパーキング多数ございます","小田急小田原線代々木上原駅 徒歩2分 東京メトロ千代田線代々木上原駅 徒歩2分 代々木上原駅から268m","https://tblg.k-img.com/restaurant/images/Rvw/126320/640x640_rect_126320537.jpg","4駅追加"
"炭火串焼 ふく","3.43","233","25147","焼き鳥","代々木上原駅","￥6,000～￥7,999","","https://tabelog.com/tokyo/A1318/A131811/13007433/","東京都渋谷区西原3-23-4","1510066","35.67045251869642","139.68338923433376","03-3485-3234","月・火・木・金・土・日 17:00 - 23:00 水","","30席","無","全席禁煙 喫煙場所ございます。","予約可","","無 近隣にコインパーキングあり","千代田線小田急線 代々木上原駅下車 徒歩３分 代々木上原駅から369m","https://tblg.k-img.com/restaurant/images/Rvw/344053/640x640_rect_ea16badcea75b10af9a4c40e340dcfd9.jpg","4駅追加"
"ル・キャバレ","3.46","342","57156","ビストロ、フレンチ","代々木八幡駅","￥8,000～￥9,999","","https://tabelog.com/tokyo/A1318/A131810/13014486/","東京都渋谷区元代々木町8-8 Ｍｏｔｏｙｏｙｏｇｉ　Ｌｅａｆ　１Ｆ","1510062","35.67014820869725","139.6853847543293","03-3469-7466","月・水・木・金・土・日 15:00 - 00:00 火","","","無","全席禁煙","予約可","","無","代々木八幡駅から358m","https://tblg.k-img.com/restaurant/images/Rvw/339383/640x640_rect_1c9cc9cd48ea50d272c89a795a9cd50d.jpg","4駅追加"
"按田餃子 代々木上原パワー店","3.47","260","8341","餃子","代々木上原駅","￥1,000～￥1,999","￥1,000～￥1,999","https://tabelog.com/tokyo/A1318/A131811/13281420/","東京都渋谷区西原3-7-4 渡部ビル 1F","1510066","35.66990934869597","139.68087762433004","03-6407-9881","月・火・水・木・金 10:00 - 23:00 L.O. 22:00 土・日 09:00 - 23:00 L.O. 22:00 祝日 09:00 - 22:00 L.O. 22:00 営業時間・","","16席","無","全席禁煙","予約不可","","無","小田急線、代々木上原駅の北口30秒 代々木上原駅から145m","https://tblg.k-img.com/restaurant/images/Rvw/360458/640x640_rect_324c686299472f9fb5a0c5e4c70649e8.jpg","4駅追加"
"RoJean","3.47","162","14083","カフェ","池ノ上駅","","￥1,000～￥1,999","https://tabelog.com/tokyo/A1318/A131801/13266582/","東京都世田谷区北沢1-9-2","1550031","35.66194833789339","139.67381508309282","","08:00 - 15:00 営業時間・","","20席","無","全席禁煙","予約不可","","無 近隣にコインパーキングあり","池ノ上駅徒歩2分 池ノ上駅から171m","https://tblg.k-img.com/restaurant/images/Rvw/186718/640x640_rect_2e65d8977addb8b139496bbb4e927e8a.jpg","4駅追加"
"ライフ","3.46","366","33993","イタリアン","代々木上原駅","￥5,000～￥5,999","￥2,000～￥2,999","https://tabelog.com/tokyo/A1318/A131810/13007319/","東京都-渋谷区富ケ谷1-9-19 1F","1510063","35.6683350378946","139.69032528314577","03-3467-3479","月・水・木・金・土・日 11:45 - 14:30 L.O. 14:30 17:30 - 20:30 L.O. 20:30 火","","（テーブルとカウンター）","無","分煙 平日店内分煙、土日、祭日は全席禁煙。喫煙所あり 2020年4月1日より受動喫煙対策に関する法律(改正健康増進法）が施行されており、最新の情報と異なる場合がございますので、ご来店前に店舗にご確認ください。","予約可","","無","小田急線「代々木八幡」駅 徒歩3分 東京メトロ千代田線「代々木公園」駅 1番出口から徒歩3分 代々木公園駅から91m","https://tblg.k-img.com/restaurant/images/Rvw/18508/320x320_rect_02c3852191588842dd76377b3ee85e79.jpg","4駅追加"
"セドミクラースキー","3.41","95","9964","ヨーロッパ料理","代々木上原駅","","￥1,000～￥1,999","https://tabelog.com/tokyo/A1318/A131811/13132280/","東京都渋谷区西原3-16-7","1510066","35.67016751869545","139.6797751943334","03-5478-8057","水・金 12:00 - 15:00 L.O. 14:00 土 12:00 - 15:00 L.O. 14:00 18:00 - 21:00 L.O. 20:00 月・火・木・日","土曜日","15席","無","","予約可","","無","代々木上原駅徒歩2分。 代々木上原駅から127m","https://tblg.k-img.com/restaurant/images/Rvw/68222/640x640_rect_68222604.jpg","4駅追加"
"スパザウルス","3.48","408","21609","パスタ","代々木上原駅","￥1,000～￥1,999","￥1,000～￥1,999","https://tabelog.com/tokyo/A1318/A131811/13020714/","東京都渋谷区上原1-33-17 水垣ビル","1510064","35.66951403789098","139.681292383164","03-3468-7335","月・火・水・木・金 11:00 - 18:00 L.O. 17:30 土・日 11:00 - 20:00 L.O. 19:30","不定休","13席 （カウンター5席、テーブル8席）","無","全席禁煙","予約不可","","無","小田急小田原線、東京メトロ千代田線 代々木上原駅下車 南口2より徒歩1分 代々木上原駅から154m","https://tblg.k-img.com/restaurant/images/Rvw/125139/640x640_rect_125139001.jpg","4駅追加"
"そばと酒 えもり","3.40","87","8274","そば、日本酒バー","代々木八幡駅","￥6,000～￥7,999","￥1,000～￥1,999","https://tabelog.com/tokyo/A1318/A131810/13228741/","東京都渋谷区元代々木町10-10","1510062","35.670081128697134","139.68489465432896","03-3469-7422","","水曜日","16席 （最大カウンター8席、4人テーブルx2、20年4月以降間引き営業（ひと晩3組限定））","無","全席禁煙","予約可","","無","小田急線「代々木上原」「代々木八幡」どちらからも徒歩5分 代々木八幡駅から402m","https://tblg.k-img.com/restaurant/images/Rvw/305280/640x640_rect_1eab3ad3035f6fd41da202994b9b3d4f.jpg","4駅追加"
"PAQUET MONTE","3.45","162","20420","スイーツ","代々木八幡駅","","","https://tabelog.com/tokyo/A1318/A131810/13293296/","東京都渋谷区代々木5-38-13","1510053","35.67184729560958","139.69018783233244","","月・火・木・金・土・日 10:00 - 19:00 L.O. 18:00 水","","","有 （4人可） 2階は予約制の個室80分制","全席禁煙","予約不可","","無","代々木八幡駅から233m","https://tblg.k-img.com/restaurant/images/Rvw/320096/640x640_rect_c9bb90dd4f6be1d00e0982a7501c3bcc.jpg","4駅追加"
"ボンダイ コーヒー サンドウィッチーズ","3.47","239","12170","サンドイッチ、カフェ、パン","駒場東大前駅","￥1,000～￥1,999","￥1,000～￥1,999","https://tabelog.com/tokyo/A1318/A131801/13168930/","東京都渋谷区富ヶ谷2-22-8 アキラビル 1F","1510063","35.66286036870174","139.68495459425597","03-5738-7730","07:00 - 19:00","不定休","20席 （二人掛けテーブル席５、一枚板のいす席10）","無","全席禁煙","予約不可","","無 近隣にコインパーキングあり","井の頭線 駒場東大前駅から徒歩11分。 小田急線 東北沢駅･代々木上原駅･代々木八幡駅から徒歩14分。 渋55「二ツ橋」バス停下車徒歩2分 駒場東大前駅から464m","https://tblg.k-img.com/restaurant/images/Rvw/34447/640x640_rect_34447944.jpg","4駅追加"
"オオノ餅店","3.46","167","15560","和菓子","代々木上原駅","","","https://tabelog.com/tokyo/A1318/A131811/13295065/","東京都渋谷区上原3-23-3","1510064","35.66421519070461","139.67715944798968","090-6590-2521","水・木・金・土・日・祝日 09:00 - 17:00 月・火","","","無","全席禁煙","予約不可","","無","東北沢駅から395m","https://tblg.k-img.com/restaurant/images/Rvw/274782/640x640_rect_7190783a83cfc42a952e99f7526bf84d.jpg","4駅追加"
"WINE&SUNS","3.43","1","330","ワインバー、ビアバー","駒場東大前駅","","","https://tabelog.com/tokyo/A1318/A131801/13302227/","東京都渋谷区富ヶ谷2-23-5 2F","1510063","35.663166038700886","139.68290008426052","03-6804-7266","火・水・木・金・土 15:00 - 23:00 月・日","","","無","","","","無","駒場東大前駅から500m","https://tblg.k-img.com/restaurant/images/Rvw/320728/640x640_rect_ae304c9f480769aedf58003b28d5b0a1.jpg","4駅追加"
"シガニー ベイク コーヒー","3.47","186","12327","カフェ、サンドイッチ、洋菓子","代々木上原駅","￥2,000～￥2,999","￥2,000～￥2,999","https://tabelog.com/tokyo/A1318/A131811/13240596/","東京都渋谷区上原1-17-7 フレニティハウス 2F","1510064","35.66889841869715","139.68257070431866","03-6804-7270","","火曜日","","無","全席禁煙","予約可","","無","代々木上原駅から260m","https://tblg.k-img.com/restaurant/images/Rvw/246517/640x640_rect_5d181dbd7097bf4861d704733fd7479a.jpg","4駅追加"
"ガテモタブン","3.46","300","28383","南アジア料理、アジア・エスニック","代々木上原駅","￥5,000～￥5,999","","https://tabelog.com/tokyo/A1318/A131811/13039628/","東京都渋谷区上原1-22-5 1～3F","1510064","35.66842852869747","139.68262811431384","03-3466-9590","土 18:00 - 22:00 L.O. 21:30 月・火・水・木・金・日・祝日・祝前日・祝後日","","26席 （カウンター4席、テーブル22席）","無","全席禁煙","予約可","","無","代々木上原駅より徒歩５分 代々木上原駅から273m","https://tblg.k-img.com/restaurant/images/Rvw/171764/640x640_rect_d60cfd51b0660422bfe531ad956e09e8.jpg","4駅追加"
"朝日屋","3.45","231","16158","そば、うどん","代々木上原駅","￥1,000～￥1,999","￥1,000～￥1,999","https://tabelog.com/tokyo/A1318/A131811/13068521/","東京都渋谷区西原3-25-4","1510066","35.671341338695804","139.68322437434284","03-3466-0336","月・火・水・木・金・日 11:00 - 20:00 L.O. 19:30 土","","28席 （４人テーブル×７卓）","無","全席禁煙","予約可","","無","代々木上原駅 徒歩7分 代々木上原駅から410m","https://tblg.k-img.com/restaurant/images/Rvw/361739/640x640_rect_9455c4ab4c579987a3abea604c5f9147.jpg","4駅追加"
"やしま 富ヶ谷店","3.41","223","15464","うどん","代々木公園駅","","￥1,000～￥1,999","https://tabelog.com/tokyo/A1318/A131810/13001808/","東京都渋谷区富ヶ谷1-45-13 シズナビル　Ｂ１Ｆ","1510063","35.66778098870023","139.69001371430213","03-5454-0568","水・木・金 11:15 - 14:45 月・火・土・日","","24席 （カウンター８席、テーブル１６席）","無","全席禁煙","予約不可","","無 近隣にコインパーキングあり。","東京メトロ千代田線 代々木公園駅 小田急 代々木八幡駅 代々木公園駅から156m","https://tblg.k-img.com/restaurant/images/Rvw/358916/640x640_rect_041dce61f0f0d3459d9b8d92e58b0026.jpg","4駅追加"
"梅丘 すしの美登利 旬 代々木上原店","3.45","148","2841","寿司","代々木上原駅","￥3,000～￥3,999","￥1,000～￥1,999","https://tabelog.com/tokyo/A1318/A131811/13277196/","東京都渋谷区西原3-8-5 アコルデ代々木上原 2F","1510066","35.66947612869618","139.68071863432579","03-6407-8112","月・火・水・木・金・土・日・祝日 11:00 - 21:00 L.O. 20:30","","34席","無","全席禁煙","予約不可","","無","小田急線代々木上原駅 改札出て駅ビル内 徒歩1分 代々木上原駅から105m","https://tblg.k-img.com/restaurant/images/Rvw/206398/640x640_rect_841c3a73d4fd2ea3045f62089ef9f893.jpg","4駅追加"
"FRECKLE donuts","3.48","175","10142","ドーナツ","代々木公園駅","","","https://tabelog.com/tokyo/A1318/A131810/13299400/","東京都-渋谷区富ケ谷1-51-6","1510063","35.66859643869956","139.6895453843107","03-6804-7383","10:30 - 19:00 売り切れ次第閉店 【","","","無","全席禁煙","予約可","","無","東京メトロ千代田線「代々木公園駅」から徒歩3分 代々木公園駅から140m","https://tblg.k-img.com/restaurant/images/Rvw/360512/640x640_rect_08ee2c576397712c53d85481c2d044bd.jpg","4駅追加"
"ミ・チョリパン","3.46","306","22798","ホットドッグ、パン、中南米料理","代々木上原駅","￥1,000～￥1,999","￥1,000～￥1,999","https://tabelog.com/tokyo/A1318/A131811/13151927/","東京都渋谷区上原2-4-8","1510064","35.667878588698095","139.68353118430767","03-5790-9300","月・水・木・金・土・日 11:00 - 20:00 火","不定休","20席","無","全席禁煙","予約可","","無","小田急線・東京メトロ千代田線代々木上原駅より徒歩6分程度 代々木上原駅から369m","https://tblg.k-img.com/restaurant/images/Rvw/65216/640x640_rect_65216355.jpg","4駅追加"
"カーサ ヴェッキア","3.40","174","13243","イタリアン、パスタ","代々木上原駅","￥5,000～￥5,999","￥2,000～￥2,999","https://tabelog.com/tokyo/A1318/A131811/13001836/","東京都渋谷区上原1-34-10","1510064","35.669411637891265","139.68200288316245","03-3468-4280","火・水・木・金・土・日 11:30 - 13:30 17:00 - 19:00 月","","","有 （8人可） 半個室ですね。4人掛けテーブルが２卓です。","","予約可","","無","小田急線 代々木上原駅 南口２出口から1分。 代々木上原駅から212m","https://tblg.k-img.com/restaurant/images/Rvw/34/320x320_rect_34195.jpg","4駅追加"
"喫茶バー ナイマ","3.40","129","8290","喫茶店、バー、カレー","代々木上原駅","","￥1,000～￥1,999","https://tabelog.com/tokyo/A1318/A131811/13096668/","東京都渋谷区上原3-2-2","1510064","35.6674092886977","139.68132516430447","03-5453-0169","11:30 - 03:00 L.O. 02:00 営業時間・","","28席 （カウンター６席、テーブル２０席）","無","全席喫煙可 2020年4月1日より受動喫煙対策に関する法律(改正健康増進法）が施行されており、最新の情報と異なる場合がございますので、ご来店前に店舗にご確認ください。","予約不可","","無","小田急線、代々木上原下車、徒歩五分弱 代々木上原駅から231m","https://tblg.k-img.com/restaurant/images/Rvw/75797/640x640_rect_75797901.jpg","4駅追加"
"brutto","3.45","212","30943","イタリアン","代々木八幡駅","￥8,000～￥9,999","","https://tabelog.com/tokyo/A1318/A131810/13257094/","東京都渋谷区元代々木町4-4 田村ハウス 1F","1510062","35.6697969086981","139.68737685432433","03-4362-8377","火・水・木・金 18:00 - 23:00 土 17:30 - 23:00 月・日","","27席 （カウンター14席 テーブル4名席×1 テーブル8名席×1）","有 （4人可、6人可、8人可、10～20人可） 半個室","全席禁煙","予約可","","無 近隣にコインパーキング有り","小田急線 代々木八幡駅 徒歩2分 千代田線 代々木公園駅 徒歩4分 千代田線 代々木上原駅 徒歩6分 代々木八幡駅から177m","https://tblg.k-img.com/restaurant/images/Rvw/366663/640x640_rect_87f6ea7a215b736bdfab0535196bcc3e.jpg","4駅追加"
